[2025-05-01 11:23:00] local.ERROR: SQLSTATE[HY000] [1049] Unknown database 'laravel' (SQL: select * from information_schema.tables where table_schema = laravel and table_name = migrations and table_type = 'BASE TABLE') {"exception":"[object] (Illuminate\\Database\\QueryException(code: 1049): SQLSTATE[HY000] [1049] Unknown database 'laravel' (SQL: select * from information_schema.tables where table_schema = laravel and table_name = migrations and table_type = 'BASE TABLE') at F:\\.My Projects\\Databse\\Attendance_Management_System\\vendor\\laravel\\framework\\src\\Illuminate\\Database\\Connection.php:712)
[stacktrace]
#0 F:\\.My Projects\\Databse\\Attendance_Management_System\\vendor\\laravel\\framework\\src\\Illuminate\\Database\\Connection.php(672): Illuminate\\Database\\Connection->runQueryCallback('select * from i...', Array, Object(Closure))
#1 F:\\.My Projects\\Databse\\Attendance_Management_System\\vendor\\laravel\\framework\\src\\Illuminate\\Database\\Connection.php(359): Illuminate\\Database\\Connection->run('select * from i...', Array, Object(Closure))
#2 F:\\.My Projects\\Databse\\Attendance_Management_System\\vendor\\laravel\\framework\\src\\Illuminate\\Database\\Schema\\MySqlBuilder.php(43): Illuminate\\Database\\Connection->select('select * from i...', Array)
#3 F:\\.My Projects\\Databse\\Attendance_Management_System\\vendor\\laravel\\framework\\src\\Illuminate\\Database\\Migrations\\DatabaseMigrationRepository.php(169): Illuminate\\Database\\Schema\\MySqlBuilder->hasTable('migrations')
#4 F:\\.My Projects\\Databse\\Attendance_Management_System\\vendor\\laravel\\framework\\src\\Illuminate\\Database\\Migrations\\Migrator.php(673): Illuminate\\Database\\Migrations\\DatabaseMigrationRepository->repositoryExists()
#5 F:\\.My Projects\\Databse\\Attendance_Management_System\\vendor\\laravel\\framework\\src\\Illuminate\\Database\\Console\\Migrations\\MigrateCommand.php(110): Illuminate\\Database\\Migrations\\Migrator->repositoryExists()
#6 F:\\.My Projects\\Databse\\Attendance_Management_System\\vendor\\laravel\\framework\\src\\Illuminate\\Database\\Console\\Migrations\\MigrateCommand.php(78): Illuminate\\Database\\Console\\Migrations\\MigrateCommand->prepareDatabase()
#7 F:\\.My Projects\\Databse\\Attendance_Management_System\\vendor\\laravel\\framework\\src\\Illuminate\\Database\\Migrations\\Migrator.php(606): Illuminate\\Database\\Console\\Migrations\\MigrateCommand->Illuminate\\Database\\Console\\Migrations\\{closure}()
#8 F:\\.My Projects\\Databse\\Attendance_Management_System\\vendor\\laravel\\framework\\src\\Illuminate\\Database\\Console\\Migrations\\MigrateCommand.php(77): Illuminate\\Database\\Migrations\\Migrator->usingConnection(NULL, Object(Closure))
#9 F:\\.My Projects\\Databse\\Attendance_Management_System\\vendor\\laravel\\framework\\src\\Illuminate\\Container\\BoundMethod.php(36): Illuminate\\Database\\Console\\Migrations\\MigrateCommand->handle()
#10 F:\\.My Projects\\Databse\\Attendance_Management_System\\vendor\\laravel\\framework\\src\\Illuminate\\Container\\Util.php(40): Illuminate\\Container\\BoundMethod::Illuminate\\Container\\{closure}()
#11 F:\\.My Projects\\Databse\\Attendance_Management_System\\vendor\\laravel\\framework\\src\\Illuminate\\Container\\BoundMethod.php(93): Illuminate\\Container\\Util::unwrapIfClosure(Object(Closure))
#12 F:\\.My Projects\\Databse\\Attendance_Management_System\\vendor\\laravel\\framework\\src\\Illuminate\\Container\\BoundMethod.php(35): Illuminate\\Container\\BoundMethod::callBoundMethod(Object(Illuminate\\Foundation\\Application), Array, Object(Closure))
#13 F:\\.My Projects\\Databse\\Attendance_Management_System\\vendor\\laravel\\framework\\src\\Illuminate\\Container\\Container.php(653): Illuminate\\Container\\BoundMethod::call(Object(Illuminate\\Foundation\\Application), Array, Array, NULL)
#14 F:\\.My Projects\\Databse\\Attendance_Management_System\\vendor\\laravel\\framework\\src\\Illuminate\\Console\\Command.php(136): Illuminate\\Container\\Container->call(Array)
#15 F:\\.My Projects\\Databse\\Attendance_Management_System\\vendor\\symfony\\console\\Command\\Command.php(298): Illuminate\\Console\\Command->execute(Object(Symfony\\Component\\Console\\Input\\ArgvInput), Object(Illuminate\\Console\\OutputStyle))
#16 F:\\.My Projects\\Databse\\Attendance_Management_System\\vendor\\laravel\\framework\\src\\Illuminate\\Console\\Command.php(120): Symfony\\Component\\Console\\Command\\Command->run(Object(Symfony\\Component\\Console\\Input\\ArgvInput), Object(Illuminate\\Console\\OutputStyle))
#17 F:\\.My Projects\\Databse\\Attendance_Management_System\\vendor\\symfony\\console\\Application.php(1040): Illuminate\\Console\\Command->run(Object(Symfony\\Component\\Console\\Input\\ArgvInput), Object(Symfony\\Component\\Console\\Output\\ConsoleOutput))
#18 F:\\.My Projects\\Databse\\Attendance_Management_System\\vendor\\symfony\\console\\Application.php(301): Symfony\\Component\\Console\\Application->doRunCommand(Object(Illuminate\\Database\\Console\\Migrations\\MigrateCommand), Object(Symfony\\Component\\Console\\Input\\ArgvInput), Object(Symfony\\Component\\Console\\Output\\ConsoleOutput))
#19 F:\\.My Projects\\Databse\\Attendance_Management_System\\vendor\\symfony\\console\\Application.php(171): Symfony\\Component\\Console\\Application->doRun(Object(Symfony\\Component\\Console\\Input\\ArgvInput), Object(Symfony\\Component\\Console\\Output\\ConsoleOutput))
#20 F:\\.My Projects\\Databse\\Attendance_Management_System\\vendor\\laravel\\framework\\src\\Illuminate\\Console\\Application.php(94): Symfony\\Component\\Console\\Application->run(Object(Symfony\\Component\\Console\\Input\\ArgvInput), Object(Symfony\\Component\\Console\\Output\\ConsoleOutput))
#21 F:\\.My Projects\\Databse\\Attendance_Management_System\\vendor\\laravel\\framework\\src\\Illuminate\\Foundation\\Console\\Kernel.php(129): Illuminate\\Console\\Application->run(Object(Symfony\\Component\\Console\\Input\\ArgvInput), Object(Symfony\\Component\\Console\\Output\\ConsoleOutput))
#22 F:\\.My Projects\\Databse\\Attendance_Management_System\\artisan(35): Illuminate\\Foundation\\Console\\Kernel->handle(Object(Symfony\\Component\\Console\\Input\\ArgvInput), Object(Symfony\\Component\\Console\\Output\\ConsoleOutput))
#23 {main}

[previous exception] [object] (PDOException(code: 1049): SQLSTATE[HY000] [1049] Unknown database 'laravel' at F:\\.My Projects\\Databse\\Attendance_Management_System\\vendor\\laravel\\framework\\src\\Illuminate\\Database\\Connectors\\Connector.php:70)
[stacktrace]
#0 F:\\.My Projects\\Databse\\Attendance_Management_System\\vendor\\laravel\\framework\\src\\Illuminate\\Database\\Connectors\\Connector.php(70): PDO->__construct('mysql:host=127....', 'root', Object(SensitiveParameterValue), Array)
#1 F:\\.My Projects\\Databse\\Attendance_Management_System\\vendor\\laravel\\framework\\src\\Illuminate\\Database\\Connectors\\Connector.php(45): Illuminate\\Database\\Connectors\\Connector->createPdoConnection('mysql:host=127....', 'root', '', Array)
#2 F:\\.My Projects\\Databse\\Attendance_Management_System\\vendor\\laravel\\framework\\src\\Illuminate\\Database\\Connectors\\MySqlConnector.php(24): Illuminate\\Database\\Connectors\\Connector->createConnection('mysql:host=127....', Array, Array)
#3 F:\\.My Projects\\Databse\\Attendance_Management_System\\vendor\\laravel\\framework\\src\\Illuminate\\Database\\Connectors\\ConnectionFactory.php(184): Illuminate\\Database\\Connectors\\MySqlConnector->connect(Array)
#4 [internal function]: Illuminate\\Database\\Connectors\\ConnectionFactory->Illuminate\\Database\\Connectors\\{closure}()
#5 F:\\.My Projects\\Databse\\Attendance_Management_System\\vendor\\laravel\\framework\\src\\Illuminate\\Database\\Connection.php(1064): call_user_func(Object(Closure))
#6 F:\\.My Projects\\Databse\\Attendance_Management_System\\vendor\\laravel\\framework\\src\\Illuminate\\Database\\Connection.php(1100): Illuminate\\Database\\Connection->getPdo()
#7 F:\\.My Projects\\Databse\\Attendance_Management_System\\vendor\\laravel\\framework\\src\\Illuminate\\Database\\Connection.php(442): Illuminate\\Database\\Connection->getReadPdo()
#8 F:\\.My Projects\\Databse\\Attendance_Management_System\\vendor\\laravel\\framework\\src\\Illuminate\\Database\\Connection.php(368): Illuminate\\Database\\Connection->getPdoForSelect(true)
#9 F:\\.My Projects\\Databse\\Attendance_Management_System\\vendor\\laravel\\framework\\src\\Illuminate\\Database\\Connection.php(705): Illuminate\\Database\\Connection->Illuminate\\Database\\{closure}('select * from i...', Array)
#10 F:\\.My Projects\\Databse\\Attendance_Management_System\\vendor\\laravel\\framework\\src\\Illuminate\\Database\\Connection.php(672): Illuminate\\Database\\Connection->runQueryCallback('select * from i...', Array, Object(Closure))
#11 F:\\.My Projects\\Databse\\Attendance_Management_System\\vendor\\laravel\\framework\\src\\Illuminate\\Database\\Connection.php(359): Illuminate\\Database\\Connection->run('select * from i...', Array, Object(Closure))
#12 F:\\.My Projects\\Databse\\Attendance_Management_System\\vendor\\laravel\\framework\\src\\Illuminate\\Database\\Schema\\MySqlBuilder.php(43): Illuminate\\Database\\Connection->select('select * from i...', Array)
#13 F:\\.My Projects\\Databse\\Attendance_Management_System\\vendor\\laravel\\framework\\src\\Illuminate\\Database\\Migrations\\DatabaseMigrationRepository.php(169): Illuminate\\Database\\Schema\\MySqlBuilder->hasTable('migrations')
#14 F:\\.My Projects\\Databse\\Attendance_Management_System\\vendor\\laravel\\framework\\src\\Illuminate\\Database\\Migrations\\Migrator.php(673): Illuminate\\Database\\Migrations\\DatabaseMigrationRepository->repositoryExists()
#15 F:\\.My Projects\\Databse\\Attendance_Management_System\\vendor\\laravel\\framework\\src\\Illuminate\\Database\\Console\\Migrations\\MigrateCommand.php(110): Illuminate\\Database\\Migrations\\Migrator->repositoryExists()
#16 F:\\.My Projects\\Databse\\Attendance_Management_System\\vendor\\laravel\\framework\\src\\Illuminate\\Database\\Console\\Migrations\\MigrateCommand.php(78): Illuminate\\Database\\Console\\Migrations\\MigrateCommand->prepareDatabase()
#17 F:\\.My Projects\\Databse\\Attendance_Management_System\\vendor\\laravel\\framework\\src\\Illuminate\\Database\\Migrations\\Migrator.php(606): Illuminate\\Database\\Console\\Migrations\\MigrateCommand->Illuminate\\Database\\Console\\Migrations\\{closure}()
#18 F:\\.My Projects\\Databse\\Attendance_Management_System\\vendor\\laravel\\framework\\src\\Illuminate\\Database\\Console\\Migrations\\MigrateCommand.php(77): Illuminate\\Database\\Migrations\\Migrator->usingConnection(NULL, Object(Closure))
#19 F:\\.My Projects\\Databse\\Attendance_Management_System\\vendor\\laravel\\framework\\src\\Illuminate\\Container\\BoundMethod.php(36): Illuminate\\Database\\Console\\Migrations\\MigrateCommand->handle()
#20 F:\\.My Projects\\Databse\\Attendance_Management_System\\vendor\\laravel\\framework\\src\\Illuminate\\Container\\Util.php(40): Illuminate\\Container\\BoundMethod::Illuminate\\Container\\{closure}()
#21 F:\\.My Projects\\Databse\\Attendance_Management_System\\vendor\\laravel\\framework\\src\\Illuminate\\Container\\BoundMethod.php(93): Illuminate\\Container\\Util::unwrapIfClosure(Object(Closure))
#22 F:\\.My Projects\\Databse\\Attendance_Management_System\\vendor\\laravel\\framework\\src\\Illuminate\\Container\\BoundMethod.php(35): Illuminate\\Container\\BoundMethod::callBoundMethod(Object(Illuminate\\Foundation\\Application), Array, Object(Closure))
#23 F:\\.My Projects\\Databse\\Attendance_Management_System\\vendor\\laravel\\framework\\src\\Illuminate\\Container\\Container.php(653): Illuminate\\Container\\BoundMethod::call(Object(Illuminate\\Foundation\\Application), Array, Array, NULL)
#24 F:\\.My Projects\\Databse\\Attendance_Management_System\\vendor\\laravel\\framework\\src\\Illuminate\\Console\\Command.php(136): Illuminate\\Container\\Container->call(Array)
#25 F:\\.My Projects\\Databse\\Attendance_Management_System\\vendor\\symfony\\console\\Command\\Command.php(298): Illuminate\\Console\\Command->execute(Object(Symfony\\Component\\Console\\Input\\ArgvInput), Object(Illuminate\\Console\\OutputStyle))
#26 F:\\.My Projects\\Databse\\Attendance_Management_System\\vendor\\laravel\\framework\\src\\Illuminate\\Console\\Command.php(120): Symfony\\Component\\Console\\Command\\Command->run(Object(Symfony\\Component\\Console\\Input\\ArgvInput), Object(Illuminate\\Console\\OutputStyle))
#27 F:\\.My Projects\\Databse\\Attendance_Management_System\\vendor\\symfony\\console\\Application.php(1040): Illuminate\\Console\\Command->run(Object(Symfony\\Component\\Console\\Input\\ArgvInput), Object(Symfony\\Component\\Console\\Output\\ConsoleOutput))
#28 F:\\.My Projects\\Databse\\Attendance_Management_System\\vendor\\symfony\\console\\Application.php(301): Symfony\\Component\\Console\\Application->doRunCommand(Object(Illuminate\\Database\\Console\\Migrations\\MigrateCommand), Object(Symfony\\Component\\Console\\Input\\ArgvInput), Object(Symfony\\Component\\Console\\Output\\ConsoleOutput))
#29 F:\\.My Projects\\Databse\\Attendance_Management_System\\vendor\\symfony\\console\\Application.php(171): Symfony\\Component\\Console\\Application->doRun(Object(Symfony\\Component\\Console\\Input\\ArgvInput), Object(Symfony\\Component\\Console\\Output\\ConsoleOutput))
#30 F:\\.My Projects\\Databse\\Attendance_Management_System\\vendor\\laravel\\framework\\src\\Illuminate\\Console\\Application.php(94): Symfony\\Component\\Console\\Application->run(Object(Symfony\\Component\\Console\\Input\\ArgvInput), Object(Symfony\\Component\\Console\\Output\\ConsoleOutput))
#31 F:\\.My Projects\\Databse\\Attendance_Management_System\\vendor\\laravel\\framework\\src\\Illuminate\\Foundation\\Console\\Kernel.php(129): Illuminate\\Console\\Application->run(Object(Symfony\\Component\\Console\\Input\\ArgvInput), Object(Symfony\\Component\\Console\\Output\\ConsoleOutput))
#32 F:\\.My Projects\\Databse\\Attendance_Management_System\\artisan(35): Illuminate\\Foundation\\Console\\Kernel->handle(Object(Symfony\\Component\\Console\\Input\\ArgvInput), Object(Symfony\\Component\\Console\\Output\\ConsoleOutput))
#33 {main}
"} 
[2025-05-01 11:23:12] local.ERROR: SQLSTATE[HY000] [1049] Unknown database 'laravel' (SQL: select * from information_schema.tables where table_schema = laravel and table_name = migrations and table_type = 'BASE TABLE') {"exception":"[object] (Illuminate\\Database\\QueryException(code: 1049): SQLSTATE[HY000] [1049] Unknown database 'laravel' (SQL: select * from information_schema.tables where table_schema = laravel and table_name = migrations and table_type = 'BASE TABLE') at F:\\.My Projects\\Databse\\Attendance_Management_System\\vendor\\laravel\\framework\\src\\Illuminate\\Database\\Connection.php:712)
[stacktrace]
#0 F:\\.My Projects\\Databse\\Attendance_Management_System\\vendor\\laravel\\framework\\src\\Illuminate\\Database\\Connection.php(672): Illuminate\\Database\\Connection->runQueryCallback('select * from i...', Array, Object(Closure))
#1 F:\\.My Projects\\Databse\\Attendance_Management_System\\vendor\\laravel\\framework\\src\\Illuminate\\Database\\Connection.php(359): Illuminate\\Database\\Connection->run('select * from i...', Array, Object(Closure))
#2 F:\\.My Projects\\Databse\\Attendance_Management_System\\vendor\\laravel\\framework\\src\\Illuminate\\Database\\Schema\\MySqlBuilder.php(43): Illuminate\\Database\\Connection->select('select * from i...', Array)
#3 F:\\.My Projects\\Databse\\Attendance_Management_System\\vendor\\laravel\\framework\\src\\Illuminate\\Database\\Migrations\\DatabaseMigrationRepository.php(169): Illuminate\\Database\\Schema\\MySqlBuilder->hasTable('migrations')
#4 F:\\.My Projects\\Databse\\Attendance_Management_System\\vendor\\laravel\\framework\\src\\Illuminate\\Database\\Migrations\\Migrator.php(673): Illuminate\\Database\\Migrations\\DatabaseMigrationRepository->repositoryExists()
#5 F:\\.My Projects\\Databse\\Attendance_Management_System\\vendor\\laravel\\framework\\src\\Illuminate\\Database\\Console\\Migrations\\MigrateCommand.php(110): Illuminate\\Database\\Migrations\\Migrator->repositoryExists()
#6 F:\\.My Projects\\Databse\\Attendance_Management_System\\vendor\\laravel\\framework\\src\\Illuminate\\Database\\Console\\Migrations\\MigrateCommand.php(78): Illuminate\\Database\\Console\\Migrations\\MigrateCommand->prepareDatabase()
#7 F:\\.My Projects\\Databse\\Attendance_Management_System\\vendor\\laravel\\framework\\src\\Illuminate\\Database\\Migrations\\Migrator.php(606): Illuminate\\Database\\Console\\Migrations\\MigrateCommand->Illuminate\\Database\\Console\\Migrations\\{closure}()
#8 F:\\.My Projects\\Databse\\Attendance_Management_System\\vendor\\laravel\\framework\\src\\Illuminate\\Database\\Console\\Migrations\\MigrateCommand.php(77): Illuminate\\Database\\Migrations\\Migrator->usingConnection(NULL, Object(Closure))
#9 F:\\.My Projects\\Databse\\Attendance_Management_System\\vendor\\laravel\\framework\\src\\Illuminate\\Container\\BoundMethod.php(36): Illuminate\\Database\\Console\\Migrations\\MigrateCommand->handle()
#10 F:\\.My Projects\\Databse\\Attendance_Management_System\\vendor\\laravel\\framework\\src\\Illuminate\\Container\\Util.php(40): Illuminate\\Container\\BoundMethod::Illuminate\\Container\\{closure}()
#11 F:\\.My Projects\\Databse\\Attendance_Management_System\\vendor\\laravel\\framework\\src\\Illuminate\\Container\\BoundMethod.php(93): Illuminate\\Container\\Util::unwrapIfClosure(Object(Closure))
#12 F:\\.My Projects\\Databse\\Attendance_Management_System\\vendor\\laravel\\framework\\src\\Illuminate\\Container\\BoundMethod.php(35): Illuminate\\Container\\BoundMethod::callBoundMethod(Object(Illuminate\\Foundation\\Application), Array, Object(Closure))
#13 F:\\.My Projects\\Databse\\Attendance_Management_System\\vendor\\laravel\\framework\\src\\Illuminate\\Container\\Container.php(653): Illuminate\\Container\\BoundMethod::call(Object(Illuminate\\Foundation\\Application), Array, Array, NULL)
#14 F:\\.My Projects\\Databse\\Attendance_Management_System\\vendor\\laravel\\framework\\src\\Illuminate\\Console\\Command.php(136): Illuminate\\Container\\Container->call(Array)
#15 F:\\.My Projects\\Databse\\Attendance_Management_System\\vendor\\symfony\\console\\Command\\Command.php(298): Illuminate\\Console\\Command->execute(Object(Symfony\\Component\\Console\\Input\\ArgvInput), Object(Illuminate\\Console\\OutputStyle))
#16 F:\\.My Projects\\Databse\\Attendance_Management_System\\vendor\\laravel\\framework\\src\\Illuminate\\Console\\Command.php(120): Symfony\\Component\\Console\\Command\\Command->run(Object(Symfony\\Component\\Console\\Input\\ArgvInput), Object(Illuminate\\Console\\OutputStyle))
#17 F:\\.My Projects\\Databse\\Attendance_Management_System\\vendor\\symfony\\console\\Application.php(1040): Illuminate\\Console\\Command->run(Object(Symfony\\Component\\Console\\Input\\ArgvInput), Object(Symfony\\Component\\Console\\Output\\ConsoleOutput))
#18 F:\\.My Projects\\Databse\\Attendance_Management_System\\vendor\\symfony\\console\\Application.php(301): Symfony\\Component\\Console\\Application->doRunCommand(Object(Illuminate\\Database\\Console\\Migrations\\MigrateCommand), Object(Symfony\\Component\\Console\\Input\\ArgvInput), Object(Symfony\\Component\\Console\\Output\\ConsoleOutput))
#19 F:\\.My Projects\\Databse\\Attendance_Management_System\\vendor\\symfony\\console\\Application.php(171): Symfony\\Component\\Console\\Application->doRun(Object(Symfony\\Component\\Console\\Input\\ArgvInput), Object(Symfony\\Component\\Console\\Output\\ConsoleOutput))
#20 F:\\.My Projects\\Databse\\Attendance_Management_System\\vendor\\laravel\\framework\\src\\Illuminate\\Console\\Application.php(94): Symfony\\Component\\Console\\Application->run(Object(Symfony\\Component\\Console\\Input\\ArgvInput), Object(Symfony\\Component\\Console\\Output\\ConsoleOutput))
#21 F:\\.My Projects\\Databse\\Attendance_Management_System\\vendor\\laravel\\framework\\src\\Illuminate\\Foundation\\Console\\Kernel.php(129): Illuminate\\Console\\Application->run(Object(Symfony\\Component\\Console\\Input\\ArgvInput), Object(Symfony\\Component\\Console\\Output\\ConsoleOutput))
#22 F:\\.My Projects\\Databse\\Attendance_Management_System\\artisan(35): Illuminate\\Foundation\\Console\\Kernel->handle(Object(Symfony\\Component\\Console\\Input\\ArgvInput), Object(Symfony\\Component\\Console\\Output\\ConsoleOutput))
#23 {main}

[previous exception] [object] (PDOException(code: 1049): SQLSTATE[HY000] [1049] Unknown database 'laravel' at F:\\.My Projects\\Databse\\Attendance_Management_System\\vendor\\laravel\\framework\\src\\Illuminate\\Database\\Connectors\\Connector.php:70)
[stacktrace]
#0 F:\\.My Projects\\Databse\\Attendance_Management_System\\vendor\\laravel\\framework\\src\\Illuminate\\Database\\Connectors\\Connector.php(70): PDO->__construct('mysql:host=127....', 'root', Object(SensitiveParameterValue), Array)
#1 F:\\.My Projects\\Databse\\Attendance_Management_System\\vendor\\laravel\\framework\\src\\Illuminate\\Database\\Connectors\\Connector.php(45): Illuminate\\Database\\Connectors\\Connector->createPdoConnection('mysql:host=127....', 'root', '', Array)
#2 F:\\.My Projects\\Databse\\Attendance_Management_System\\vendor\\laravel\\framework\\src\\Illuminate\\Database\\Connectors\\MySqlConnector.php(24): Illuminate\\Database\\Connectors\\Connector->createConnection('mysql:host=127....', Array, Array)
#3 F:\\.My Projects\\Databse\\Attendance_Management_System\\vendor\\laravel\\framework\\src\\Illuminate\\Database\\Connectors\\ConnectionFactory.php(184): Illuminate\\Database\\Connectors\\MySqlConnector->connect(Array)
#4 [internal function]: Illuminate\\Database\\Connectors\\ConnectionFactory->Illuminate\\Database\\Connectors\\{closure}()
#5 F:\\.My Projects\\Databse\\Attendance_Management_System\\vendor\\laravel\\framework\\src\\Illuminate\\Database\\Connection.php(1064): call_user_func(Object(Closure))
#6 F:\\.My Projects\\Databse\\Attendance_Management_System\\vendor\\laravel\\framework\\src\\Illuminate\\Database\\Connection.php(1100): Illuminate\\Database\\Connection->getPdo()
#7 F:\\.My Projects\\Databse\\Attendance_Management_System\\vendor\\laravel\\framework\\src\\Illuminate\\Database\\Connection.php(442): Illuminate\\Database\\Connection->getReadPdo()
#8 F:\\.My Projects\\Databse\\Attendance_Management_System\\vendor\\laravel\\framework\\src\\Illuminate\\Database\\Connection.php(368): Illuminate\\Database\\Connection->getPdoForSelect(true)
#9 F:\\.My Projects\\Databse\\Attendance_Management_System\\vendor\\laravel\\framework\\src\\Illuminate\\Database\\Connection.php(705): Illuminate\\Database\\Connection->Illuminate\\Database\\{closure}('select * from i...', Array)
#10 F:\\.My Projects\\Databse\\Attendance_Management_System\\vendor\\laravel\\framework\\src\\Illuminate\\Database\\Connection.php(672): Illuminate\\Database\\Connection->runQueryCallback('select * from i...', Array, Object(Closure))
#11 F:\\.My Projects\\Databse\\Attendance_Management_System\\vendor\\laravel\\framework\\src\\Illuminate\\Database\\Connection.php(359): Illuminate\\Database\\Connection->run('select * from i...', Array, Object(Closure))
#12 F:\\.My Projects\\Databse\\Attendance_Management_System\\vendor\\laravel\\framework\\src\\Illuminate\\Database\\Schema\\MySqlBuilder.php(43): Illuminate\\Database\\Connection->select('select * from i...', Array)
#13 F:\\.My Projects\\Databse\\Attendance_Management_System\\vendor\\laravel\\framework\\src\\Illuminate\\Database\\Migrations\\DatabaseMigrationRepository.php(169): Illuminate\\Database\\Schema\\MySqlBuilder->hasTable('migrations')
#14 F:\\.My Projects\\Databse\\Attendance_Management_System\\vendor\\laravel\\framework\\src\\Illuminate\\Database\\Migrations\\Migrator.php(673): Illuminate\\Database\\Migrations\\DatabaseMigrationRepository->repositoryExists()
#15 F:\\.My Projects\\Databse\\Attendance_Management_System\\vendor\\laravel\\framework\\src\\Illuminate\\Database\\Console\\Migrations\\MigrateCommand.php(110): Illuminate\\Database\\Migrations\\Migrator->repositoryExists()
#16 F:\\.My Projects\\Databse\\Attendance_Management_System\\vendor\\laravel\\framework\\src\\Illuminate\\Database\\Console\\Migrations\\MigrateCommand.php(78): Illuminate\\Database\\Console\\Migrations\\MigrateCommand->prepareDatabase()
#17 F:\\.My Projects\\Databse\\Attendance_Management_System\\vendor\\laravel\\framework\\src\\Illuminate\\Database\\Migrations\\Migrator.php(606): Illuminate\\Database\\Console\\Migrations\\MigrateCommand->Illuminate\\Database\\Console\\Migrations\\{closure}()
#18 F:\\.My Projects\\Databse\\Attendance_Management_System\\vendor\\laravel\\framework\\src\\Illuminate\\Database\\Console\\Migrations\\MigrateCommand.php(77): Illuminate\\Database\\Migrations\\Migrator->usingConnection(NULL, Object(Closure))
#19 F:\\.My Projects\\Databse\\Attendance_Management_System\\vendor\\laravel\\framework\\src\\Illuminate\\Container\\BoundMethod.php(36): Illuminate\\Database\\Console\\Migrations\\MigrateCommand->handle()
#20 F:\\.My Projects\\Databse\\Attendance_Management_System\\vendor\\laravel\\framework\\src\\Illuminate\\Container\\Util.php(40): Illuminate\\Container\\BoundMethod::Illuminate\\Container\\{closure}()
#21 F:\\.My Projects\\Databse\\Attendance_Management_System\\vendor\\laravel\\framework\\src\\Illuminate\\Container\\BoundMethod.php(93): Illuminate\\Container\\Util::unwrapIfClosure(Object(Closure))
#22 F:\\.My Projects\\Databse\\Attendance_Management_System\\vendor\\laravel\\framework\\src\\Illuminate\\Container\\BoundMethod.php(35): Illuminate\\Container\\BoundMethod::callBoundMethod(Object(Illuminate\\Foundation\\Application), Array, Object(Closure))
#23 F:\\.My Projects\\Databse\\Attendance_Management_System\\vendor\\laravel\\framework\\src\\Illuminate\\Container\\Container.php(653): Illuminate\\Container\\BoundMethod::call(Object(Illuminate\\Foundation\\Application), Array, Array, NULL)
#24 F:\\.My Projects\\Databse\\Attendance_Management_System\\vendor\\laravel\\framework\\src\\Illuminate\\Console\\Command.php(136): Illuminate\\Container\\Container->call(Array)
#25 F:\\.My Projects\\Databse\\Attendance_Management_System\\vendor\\symfony\\console\\Command\\Command.php(298): Illuminate\\Console\\Command->execute(Object(Symfony\\Component\\Console\\Input\\ArgvInput), Object(Illuminate\\Console\\OutputStyle))
#26 F:\\.My Projects\\Databse\\Attendance_Management_System\\vendor\\laravel\\framework\\src\\Illuminate\\Console\\Command.php(120): Symfony\\Component\\Console\\Command\\Command->run(Object(Symfony\\Component\\Console\\Input\\ArgvInput), Object(Illuminate\\Console\\OutputStyle))
#27 F:\\.My Projects\\Databse\\Attendance_Management_System\\vendor\\symfony\\console\\Application.php(1040): Illuminate\\Console\\Command->run(Object(Symfony\\Component\\Console\\Input\\ArgvInput), Object(Symfony\\Component\\Console\\Output\\ConsoleOutput))
#28 F:\\.My Projects\\Databse\\Attendance_Management_System\\vendor\\symfony\\console\\Application.php(301): Symfony\\Component\\Console\\Application->doRunCommand(Object(Illuminate\\Database\\Console\\Migrations\\MigrateCommand), Object(Symfony\\Component\\Console\\Input\\ArgvInput), Object(Symfony\\Component\\Console\\Output\\ConsoleOutput))
#29 F:\\.My Projects\\Databse\\Attendance_Management_System\\vendor\\symfony\\console\\Application.php(171): Symfony\\Component\\Console\\Application->doRun(Object(Symfony\\Component\\Console\\Input\\ArgvInput), Object(Symfony\\Component\\Console\\Output\\ConsoleOutput))
#30 F:\\.My Projects\\Databse\\Attendance_Management_System\\vendor\\laravel\\framework\\src\\Illuminate\\Console\\Application.php(94): Symfony\\Component\\Console\\Application->run(Object(Symfony\\Component\\Console\\Input\\ArgvInput), Object(Symfony\\Component\\Console\\Output\\ConsoleOutput))
#31 F:\\.My Projects\\Databse\\Attendance_Management_System\\vendor\\laravel\\framework\\src\\Illuminate\\Foundation\\Console\\Kernel.php(129): Illuminate\\Console\\Application->run(Object(Symfony\\Component\\Console\\Input\\ArgvInput), Object(Symfony\\Component\\Console\\Output\\ConsoleOutput))
#32 F:\\.My Projects\\Databse\\Attendance_Management_System\\artisan(35): Illuminate\\Foundation\\Console\\Kernel->handle(Object(Symfony\\Component\\Console\\Input\\ArgvInput), Object(Symfony\\Component\\Console\\Output\\ConsoleOutput))
#33 {main}
"} 
[2025-05-01 11:40:12] local.ERROR: SQLSTATE[HY000] [1049] Unknown database 'database_db' (SQL: select * from information_schema.tables where table_schema = database_db and table_name = migrations and table_type = 'BASE TABLE') {"exception":"[object] (Illuminate\\Database\\QueryException(code: 1049): SQLSTATE[HY000] [1049] Unknown database 'database_db' (SQL: select * from information_schema.tables where table_schema = database_db and table_name = migrations and table_type = 'BASE TABLE') at F:\\.My Projects\\Databse\\Attendance_Management_System\\vendor\\laravel\\framework\\src\\Illuminate\\Database\\Connection.php:712)
[stacktrace]
#0 F:\\.My Projects\\Databse\\Attendance_Management_System\\vendor\\laravel\\framework\\src\\Illuminate\\Database\\Connection.php(672): Illuminate\\Database\\Connection->runQueryCallback('select * from i...', Array, Object(Closure))
#1 F:\\.My Projects\\Databse\\Attendance_Management_System\\vendor\\laravel\\framework\\src\\Illuminate\\Database\\Connection.php(359): Illuminate\\Database\\Connection->run('select * from i...', Array, Object(Closure))
#2 F:\\.My Projects\\Databse\\Attendance_Management_System\\vendor\\laravel\\framework\\src\\Illuminate\\Database\\Schema\\MySqlBuilder.php(43): Illuminate\\Database\\Connection->select('select * from i...', Array)
#3 F:\\.My Projects\\Databse\\Attendance_Management_System\\vendor\\laravel\\framework\\src\\Illuminate\\Database\\Migrations\\DatabaseMigrationRepository.php(169): Illuminate\\Database\\Schema\\MySqlBuilder->hasTable('migrations')
#4 F:\\.My Projects\\Databse\\Attendance_Management_System\\vendor\\laravel\\framework\\src\\Illuminate\\Database\\Migrations\\Migrator.php(673): Illuminate\\Database\\Migrations\\DatabaseMigrationRepository->repositoryExists()
#5 F:\\.My Projects\\Databse\\Attendance_Management_System\\vendor\\laravel\\framework\\src\\Illuminate\\Database\\Console\\Migrations\\MigrateCommand.php(110): Illuminate\\Database\\Migrations\\Migrator->repositoryExists()
#6 F:\\.My Projects\\Databse\\Attendance_Management_System\\vendor\\laravel\\framework\\src\\Illuminate\\Database\\Console\\Migrations\\MigrateCommand.php(78): Illuminate\\Database\\Console\\Migrations\\MigrateCommand->prepareDatabase()
#7 F:\\.My Projects\\Databse\\Attendance_Management_System\\vendor\\laravel\\framework\\src\\Illuminate\\Database\\Migrations\\Migrator.php(606): Illuminate\\Database\\Console\\Migrations\\MigrateCommand->Illuminate\\Database\\Console\\Migrations\\{closure}()
#8 F:\\.My Projects\\Databse\\Attendance_Management_System\\vendor\\laravel\\framework\\src\\Illuminate\\Database\\Console\\Migrations\\MigrateCommand.php(77): Illuminate\\Database\\Migrations\\Migrator->usingConnection(NULL, Object(Closure))
#9 F:\\.My Projects\\Databse\\Attendance_Management_System\\vendor\\laravel\\framework\\src\\Illuminate\\Container\\BoundMethod.php(36): Illuminate\\Database\\Console\\Migrations\\MigrateCommand->handle()
#10 F:\\.My Projects\\Databse\\Attendance_Management_System\\vendor\\laravel\\framework\\src\\Illuminate\\Container\\Util.php(40): Illuminate\\Container\\BoundMethod::Illuminate\\Container\\{closure}()
#11 F:\\.My Projects\\Databse\\Attendance_Management_System\\vendor\\laravel\\framework\\src\\Illuminate\\Container\\BoundMethod.php(93): Illuminate\\Container\\Util::unwrapIfClosure(Object(Closure))
#12 F:\\.My Projects\\Databse\\Attendance_Management_System\\vendor\\laravel\\framework\\src\\Illuminate\\Container\\BoundMethod.php(35): Illuminate\\Container\\BoundMethod::callBoundMethod(Object(Illuminate\\Foundation\\Application), Array, Object(Closure))
#13 F:\\.My Projects\\Databse\\Attendance_Management_System\\vendor\\laravel\\framework\\src\\Illuminate\\Container\\Container.php(653): Illuminate\\Container\\BoundMethod::call(Object(Illuminate\\Foundation\\Application), Array, Array, NULL)
#14 F:\\.My Projects\\Databse\\Attendance_Management_System\\vendor\\laravel\\framework\\src\\Illuminate\\Console\\Command.php(136): Illuminate\\Container\\Container->call(Array)
#15 F:\\.My Projects\\Databse\\Attendance_Management_System\\vendor\\symfony\\console\\Command\\Command.php(298): Illuminate\\Console\\Command->execute(Object(Symfony\\Component\\Console\\Input\\ArgvInput), Object(Illuminate\\Console\\OutputStyle))
#16 F:\\.My Projects\\Databse\\Attendance_Management_System\\vendor\\laravel\\framework\\src\\Illuminate\\Console\\Command.php(120): Symfony\\Component\\Console\\Command\\Command->run(Object(Symfony\\Component\\Console\\Input\\ArgvInput), Object(Illuminate\\Console\\OutputStyle))
#17 F:\\.My Projects\\Databse\\Attendance_Management_System\\vendor\\symfony\\console\\Application.php(1040): Illuminate\\Console\\Command->run(Object(Symfony\\Component\\Console\\Input\\ArgvInput), Object(Symfony\\Component\\Console\\Output\\ConsoleOutput))
#18 F:\\.My Projects\\Databse\\Attendance_Management_System\\vendor\\symfony\\console\\Application.php(301): Symfony\\Component\\Console\\Application->doRunCommand(Object(Illuminate\\Database\\Console\\Migrations\\MigrateCommand), Object(Symfony\\Component\\Console\\Input\\ArgvInput), Object(Symfony\\Component\\Console\\Output\\ConsoleOutput))
#19 F:\\.My Projects\\Databse\\Attendance_Management_System\\vendor\\symfony\\console\\Application.php(171): Symfony\\Component\\Console\\Application->doRun(Object(Symfony\\Component\\Console\\Input\\ArgvInput), Object(Symfony\\Component\\Console\\Output\\ConsoleOutput))
#20 F:\\.My Projects\\Databse\\Attendance_Management_System\\vendor\\laravel\\framework\\src\\Illuminate\\Console\\Application.php(94): Symfony\\Component\\Console\\Application->run(Object(Symfony\\Component\\Console\\Input\\ArgvInput), Object(Symfony\\Component\\Console\\Output\\ConsoleOutput))
#21 F:\\.My Projects\\Databse\\Attendance_Management_System\\vendor\\laravel\\framework\\src\\Illuminate\\Foundation\\Console\\Kernel.php(129): Illuminate\\Console\\Application->run(Object(Symfony\\Component\\Console\\Input\\ArgvInput), Object(Symfony\\Component\\Console\\Output\\ConsoleOutput))
#22 F:\\.My Projects\\Databse\\Attendance_Management_System\\artisan(35): Illuminate\\Foundation\\Console\\Kernel->handle(Object(Symfony\\Component\\Console\\Input\\ArgvInput), Object(Symfony\\Component\\Console\\Output\\ConsoleOutput))
#23 {main}

[previous exception] [object] (PDOException(code: 1049): SQLSTATE[HY000] [1049] Unknown database 'database_db' at F:\\.My Projects\\Databse\\Attendance_Management_System\\vendor\\laravel\\framework\\src\\Illuminate\\Database\\Connectors\\Connector.php:70)
[stacktrace]
#0 F:\\.My Projects\\Databse\\Attendance_Management_System\\vendor\\laravel\\framework\\src\\Illuminate\\Database\\Connectors\\Connector.php(70): PDO->__construct('mysql:host=127....', 'root', Object(SensitiveParameterValue), Array)
#1 F:\\.My Projects\\Databse\\Attendance_Management_System\\vendor\\laravel\\framework\\src\\Illuminate\\Database\\Connectors\\Connector.php(45): Illuminate\\Database\\Connectors\\Connector->createPdoConnection('mysql:host=127....', 'root', '', Array)
#2 F:\\.My Projects\\Databse\\Attendance_Management_System\\vendor\\laravel\\framework\\src\\Illuminate\\Database\\Connectors\\MySqlConnector.php(24): Illuminate\\Database\\Connectors\\Connector->createConnection('mysql:host=127....', Array, Array)
#3 F:\\.My Projects\\Databse\\Attendance_Management_System\\vendor\\laravel\\framework\\src\\Illuminate\\Database\\Connectors\\ConnectionFactory.php(184): Illuminate\\Database\\Connectors\\MySqlConnector->connect(Array)
#4 [internal function]: Illuminate\\Database\\Connectors\\ConnectionFactory->Illuminate\\Database\\Connectors\\{closure}()
#5 F:\\.My Projects\\Databse\\Attendance_Management_System\\vendor\\laravel\\framework\\src\\Illuminate\\Database\\Connection.php(1064): call_user_func(Object(Closure))
#6 F:\\.My Projects\\Databse\\Attendance_Management_System\\vendor\\laravel\\framework\\src\\Illuminate\\Database\\Connection.php(1100): Illuminate\\Database\\Connection->getPdo()
#7 F:\\.My Projects\\Databse\\Attendance_Management_System\\vendor\\laravel\\framework\\src\\Illuminate\\Database\\Connection.php(442): Illuminate\\Database\\Connection->getReadPdo()
#8 F:\\.My Projects\\Databse\\Attendance_Management_System\\vendor\\laravel\\framework\\src\\Illuminate\\Database\\Connection.php(368): Illuminate\\Database\\Connection->getPdoForSelect(true)
#9 F:\\.My Projects\\Databse\\Attendance_Management_System\\vendor\\laravel\\framework\\src\\Illuminate\\Database\\Connection.php(705): Illuminate\\Database\\Connection->Illuminate\\Database\\{closure}('select * from i...', Array)
#10 F:\\.My Projects\\Databse\\Attendance_Management_System\\vendor\\laravel\\framework\\src\\Illuminate\\Database\\Connection.php(672): Illuminate\\Database\\Connection->runQueryCallback('select * from i...', Array, Object(Closure))
#11 F:\\.My Projects\\Databse\\Attendance_Management_System\\vendor\\laravel\\framework\\src\\Illuminate\\Database\\Connection.php(359): Illuminate\\Database\\Connection->run('select * from i...', Array, Object(Closure))
#12 F:\\.My Projects\\Databse\\Attendance_Management_System\\vendor\\laravel\\framework\\src\\Illuminate\\Database\\Schema\\MySqlBuilder.php(43): Illuminate\\Database\\Connection->select('select * from i...', Array)
#13 F:\\.My Projects\\Databse\\Attendance_Management_System\\vendor\\laravel\\framework\\src\\Illuminate\\Database\\Migrations\\DatabaseMigrationRepository.php(169): Illuminate\\Database\\Schema\\MySqlBuilder->hasTable('migrations')
#14 F:\\.My Projects\\Databse\\Attendance_Management_System\\vendor\\laravel\\framework\\src\\Illuminate\\Database\\Migrations\\Migrator.php(673): Illuminate\\Database\\Migrations\\DatabaseMigrationRepository->repositoryExists()
#15 F:\\.My Projects\\Databse\\Attendance_Management_System\\vendor\\laravel\\framework\\src\\Illuminate\\Database\\Console\\Migrations\\MigrateCommand.php(110): Illuminate\\Database\\Migrations\\Migrator->repositoryExists()
#16 F:\\.My Projects\\Databse\\Attendance_Management_System\\vendor\\laravel\\framework\\src\\Illuminate\\Database\\Console\\Migrations\\MigrateCommand.php(78): Illuminate\\Database\\Console\\Migrations\\MigrateCommand->prepareDatabase()
#17 F:\\.My Projects\\Databse\\Attendance_Management_System\\vendor\\laravel\\framework\\src\\Illuminate\\Database\\Migrations\\Migrator.php(606): Illuminate\\Database\\Console\\Migrations\\MigrateCommand->Illuminate\\Database\\Console\\Migrations\\{closure}()
#18 F:\\.My Projects\\Databse\\Attendance_Management_System\\vendor\\laravel\\framework\\src\\Illuminate\\Database\\Console\\Migrations\\MigrateCommand.php(77): Illuminate\\Database\\Migrations\\Migrator->usingConnection(NULL, Object(Closure))
#19 F:\\.My Projects\\Databse\\Attendance_Management_System\\vendor\\laravel\\framework\\src\\Illuminate\\Container\\BoundMethod.php(36): Illuminate\\Database\\Console\\Migrations\\MigrateCommand->handle()
#20 F:\\.My Projects\\Databse\\Attendance_Management_System\\vendor\\laravel\\framework\\src\\Illuminate\\Container\\Util.php(40): Illuminate\\Container\\BoundMethod::Illuminate\\Container\\{closure}()
#21 F:\\.My Projects\\Databse\\Attendance_Management_System\\vendor\\laravel\\framework\\src\\Illuminate\\Container\\BoundMethod.php(93): Illuminate\\Container\\Util::unwrapIfClosure(Object(Closure))
#22 F:\\.My Projects\\Databse\\Attendance_Management_System\\vendor\\laravel\\framework\\src\\Illuminate\\Container\\BoundMethod.php(35): Illuminate\\Container\\BoundMethod::callBoundMethod(Object(Illuminate\\Foundation\\Application), Array, Object(Closure))
#23 F:\\.My Projects\\Databse\\Attendance_Management_System\\vendor\\laravel\\framework\\src\\Illuminate\\Container\\Container.php(653): Illuminate\\Container\\BoundMethod::call(Object(Illuminate\\Foundation\\Application), Array, Array, NULL)
#24 F:\\.My Projects\\Databse\\Attendance_Management_System\\vendor\\laravel\\framework\\src\\Illuminate\\Console\\Command.php(136): Illuminate\\Container\\Container->call(Array)
#25 F:\\.My Projects\\Databse\\Attendance_Management_System\\vendor\\symfony\\console\\Command\\Command.php(298): Illuminate\\Console\\Command->execute(Object(Symfony\\Component\\Console\\Input\\ArgvInput), Object(Illuminate\\Console\\OutputStyle))
#26 F:\\.My Projects\\Databse\\Attendance_Management_System\\vendor\\laravel\\framework\\src\\Illuminate\\Console\\Command.php(120): Symfony\\Component\\Console\\Command\\Command->run(Object(Symfony\\Component\\Console\\Input\\ArgvInput), Object(Illuminate\\Console\\OutputStyle))
#27 F:\\.My Projects\\Databse\\Attendance_Management_System\\vendor\\symfony\\console\\Application.php(1040): Illuminate\\Console\\Command->run(Object(Symfony\\Component\\Console\\Input\\ArgvInput), Object(Symfony\\Component\\Console\\Output\\ConsoleOutput))
#28 F:\\.My Projects\\Databse\\Attendance_Management_System\\vendor\\symfony\\console\\Application.php(301): Symfony\\Component\\Console\\Application->doRunCommand(Object(Illuminate\\Database\\Console\\Migrations\\MigrateCommand), Object(Symfony\\Component\\Console\\Input\\ArgvInput), Object(Symfony\\Component\\Console\\Output\\ConsoleOutput))
#29 F:\\.My Projects\\Databse\\Attendance_Management_System\\vendor\\symfony\\console\\Application.php(171): Symfony\\Component\\Console\\Application->doRun(Object(Symfony\\Component\\Console\\Input\\ArgvInput), Object(Symfony\\Component\\Console\\Output\\ConsoleOutput))
#30 F:\\.My Projects\\Databse\\Attendance_Management_System\\vendor\\laravel\\framework\\src\\Illuminate\\Console\\Application.php(94): Symfony\\Component\\Console\\Application->run(Object(Symfony\\Component\\Console\\Input\\ArgvInput), Object(Symfony\\Component\\Console\\Output\\ConsoleOutput))
#31 F:\\.My Projects\\Databse\\Attendance_Management_System\\vendor\\laravel\\framework\\src\\Illuminate\\Foundation\\Console\\Kernel.php(129): Illuminate\\Console\\Application->run(Object(Symfony\\Component\\Console\\Input\\ArgvInput), Object(Symfony\\Component\\Console\\Output\\ConsoleOutput))
#32 F:\\.My Projects\\Databse\\Attendance_Management_System\\artisan(35): Illuminate\\Foundation\\Console\\Kernel->handle(Object(Symfony\\Component\\Console\\Input\\ArgvInput), Object(Symfony\\Component\\Console\\Output\\ConsoleOutput))
#33 {main}
"} 
[2025-05-01 11:42:20] local.ERROR: SQLSTATE[HY000] [1049] Unknown database 'database_db' (SQL: select * from information_schema.tables where table_schema = database_db and table_name = migrations and table_type = 'BASE TABLE') {"exception":"[object] (Illuminate\\Database\\QueryException(code: 1049): SQLSTATE[HY000] [1049] Unknown database 'database_db' (SQL: select * from information_schema.tables where table_schema = database_db and table_name = migrations and table_type = 'BASE TABLE') at F:\\.My Projects\\Databse\\Attendance_Management_System\\vendor\\laravel\\framework\\src\\Illuminate\\Database\\Connection.php:712)
[stacktrace]
#0 F:\\.My Projects\\Databse\\Attendance_Management_System\\vendor\\laravel\\framework\\src\\Illuminate\\Database\\Connection.php(672): Illuminate\\Database\\Connection->runQueryCallback('select * from i...', Array, Object(Closure))
#1 F:\\.My Projects\\Databse\\Attendance_Management_System\\vendor\\laravel\\framework\\src\\Illuminate\\Database\\Connection.php(359): Illuminate\\Database\\Connection->run('select * from i...', Array, Object(Closure))
#2 F:\\.My Projects\\Databse\\Attendance_Management_System\\vendor\\laravel\\framework\\src\\Illuminate\\Database\\Schema\\MySqlBuilder.php(43): Illuminate\\Database\\Connection->select('select * from i...', Array)
#3 F:\\.My Projects\\Databse\\Attendance_Management_System\\vendor\\laravel\\framework\\src\\Illuminate\\Database\\Migrations\\DatabaseMigrationRepository.php(169): Illuminate\\Database\\Schema\\MySqlBuilder->hasTable('migrations')
#4 F:\\.My Projects\\Databse\\Attendance_Management_System\\vendor\\laravel\\framework\\src\\Illuminate\\Database\\Migrations\\Migrator.php(673): Illuminate\\Database\\Migrations\\DatabaseMigrationRepository->repositoryExists()
#5 F:\\.My Projects\\Databse\\Attendance_Management_System\\vendor\\laravel\\framework\\src\\Illuminate\\Database\\Console\\Migrations\\MigrateCommand.php(110): Illuminate\\Database\\Migrations\\Migrator->repositoryExists()
#6 F:\\.My Projects\\Databse\\Attendance_Management_System\\vendor\\laravel\\framework\\src\\Illuminate\\Database\\Console\\Migrations\\MigrateCommand.php(78): Illuminate\\Database\\Console\\Migrations\\MigrateCommand->prepareDatabase()
#7 F:\\.My Projects\\Databse\\Attendance_Management_System\\vendor\\laravel\\framework\\src\\Illuminate\\Database\\Migrations\\Migrator.php(606): Illuminate\\Database\\Console\\Migrations\\MigrateCommand->Illuminate\\Database\\Console\\Migrations\\{closure}()
#8 F:\\.My Projects\\Databse\\Attendance_Management_System\\vendor\\laravel\\framework\\src\\Illuminate\\Database\\Console\\Migrations\\MigrateCommand.php(77): Illuminate\\Database\\Migrations\\Migrator->usingConnection(NULL, Object(Closure))
#9 F:\\.My Projects\\Databse\\Attendance_Management_System\\vendor\\laravel\\framework\\src\\Illuminate\\Container\\BoundMethod.php(36): Illuminate\\Database\\Console\\Migrations\\MigrateCommand->handle()
#10 F:\\.My Projects\\Databse\\Attendance_Management_System\\vendor\\laravel\\framework\\src\\Illuminate\\Container\\Util.php(40): Illuminate\\Container\\BoundMethod::Illuminate\\Container\\{closure}()
#11 F:\\.My Projects\\Databse\\Attendance_Management_System\\vendor\\laravel\\framework\\src\\Illuminate\\Container\\BoundMethod.php(93): Illuminate\\Container\\Util::unwrapIfClosure(Object(Closure))
#12 F:\\.My Projects\\Databse\\Attendance_Management_System\\vendor\\laravel\\framework\\src\\Illuminate\\Container\\BoundMethod.php(35): Illuminate\\Container\\BoundMethod::callBoundMethod(Object(Illuminate\\Foundation\\Application), Array, Object(Closure))
#13 F:\\.My Projects\\Databse\\Attendance_Management_System\\vendor\\laravel\\framework\\src\\Illuminate\\Container\\Container.php(653): Illuminate\\Container\\BoundMethod::call(Object(Illuminate\\Foundation\\Application), Array, Array, NULL)
#14 F:\\.My Projects\\Databse\\Attendance_Management_System\\vendor\\laravel\\framework\\src\\Illuminate\\Console\\Command.php(136): Illuminate\\Container\\Container->call(Array)
#15 F:\\.My Projects\\Databse\\Attendance_Management_System\\vendor\\symfony\\console\\Command\\Command.php(298): Illuminate\\Console\\Command->execute(Object(Symfony\\Component\\Console\\Input\\ArgvInput), Object(Illuminate\\Console\\OutputStyle))
#16 F:\\.My Projects\\Databse\\Attendance_Management_System\\vendor\\laravel\\framework\\src\\Illuminate\\Console\\Command.php(120): Symfony\\Component\\Console\\Command\\Command->run(Object(Symfony\\Component\\Console\\Input\\ArgvInput), Object(Illuminate\\Console\\OutputStyle))
#17 F:\\.My Projects\\Databse\\Attendance_Management_System\\vendor\\symfony\\console\\Application.php(1040): Illuminate\\Console\\Command->run(Object(Symfony\\Component\\Console\\Input\\ArgvInput), Object(Symfony\\Component\\Console\\Output\\ConsoleOutput))
#18 F:\\.My Projects\\Databse\\Attendance_Management_System\\vendor\\symfony\\console\\Application.php(301): Symfony\\Component\\Console\\Application->doRunCommand(Object(Illuminate\\Database\\Console\\Migrations\\MigrateCommand), Object(Symfony\\Component\\Console\\Input\\ArgvInput), Object(Symfony\\Component\\Console\\Output\\ConsoleOutput))
#19 F:\\.My Projects\\Databse\\Attendance_Management_System\\vendor\\symfony\\console\\Application.php(171): Symfony\\Component\\Console\\Application->doRun(Object(Symfony\\Component\\Console\\Input\\ArgvInput), Object(Symfony\\Component\\Console\\Output\\ConsoleOutput))
#20 F:\\.My Projects\\Databse\\Attendance_Management_System\\vendor\\laravel\\framework\\src\\Illuminate\\Console\\Application.php(94): Symfony\\Component\\Console\\Application->run(Object(Symfony\\Component\\Console\\Input\\ArgvInput), Object(Symfony\\Component\\Console\\Output\\ConsoleOutput))
#21 F:\\.My Projects\\Databse\\Attendance_Management_System\\vendor\\laravel\\framework\\src\\Illuminate\\Foundation\\Console\\Kernel.php(129): Illuminate\\Console\\Application->run(Object(Symfony\\Component\\Console\\Input\\ArgvInput), Object(Symfony\\Component\\Console\\Output\\ConsoleOutput))
#22 F:\\.My Projects\\Databse\\Attendance_Management_System\\artisan(35): Illuminate\\Foundation\\Console\\Kernel->handle(Object(Symfony\\Component\\Console\\Input\\ArgvInput), Object(Symfony\\Component\\Console\\Output\\ConsoleOutput))
#23 {main}

[previous exception] [object] (PDOException(code: 1049): SQLSTATE[HY000] [1049] Unknown database 'database_db' at F:\\.My Projects\\Databse\\Attendance_Management_System\\vendor\\laravel\\framework\\src\\Illuminate\\Database\\Connectors\\Connector.php:70)
[stacktrace]
#0 F:\\.My Projects\\Databse\\Attendance_Management_System\\vendor\\laravel\\framework\\src\\Illuminate\\Database\\Connectors\\Connector.php(70): PDO->__construct('mysql:host=127....', 'root', Object(SensitiveParameterValue), Array)
#1 F:\\.My Projects\\Databse\\Attendance_Management_System\\vendor\\laravel\\framework\\src\\Illuminate\\Database\\Connectors\\Connector.php(45): Illuminate\\Database\\Connectors\\Connector->createPdoConnection('mysql:host=127....', 'root', '', Array)
#2 F:\\.My Projects\\Databse\\Attendance_Management_System\\vendor\\laravel\\framework\\src\\Illuminate\\Database\\Connectors\\MySqlConnector.php(24): Illuminate\\Database\\Connectors\\Connector->createConnection('mysql:host=127....', Array, Array)
#3 F:\\.My Projects\\Databse\\Attendance_Management_System\\vendor\\laravel\\framework\\src\\Illuminate\\Database\\Connectors\\ConnectionFactory.php(184): Illuminate\\Database\\Connectors\\MySqlConnector->connect(Array)
#4 [internal function]: Illuminate\\Database\\Connectors\\ConnectionFactory->Illuminate\\Database\\Connectors\\{closure}()
#5 F:\\.My Projects\\Databse\\Attendance_Management_System\\vendor\\laravel\\framework\\src\\Illuminate\\Database\\Connection.php(1064): call_user_func(Object(Closure))
#6 F:\\.My Projects\\Databse\\Attendance_Management_System\\vendor\\laravel\\framework\\src\\Illuminate\\Database\\Connection.php(1100): Illuminate\\Database\\Connection->getPdo()
#7 F:\\.My Projects\\Databse\\Attendance_Management_System\\vendor\\laravel\\framework\\src\\Illuminate\\Database\\Connection.php(442): Illuminate\\Database\\Connection->getReadPdo()
#8 F:\\.My Projects\\Databse\\Attendance_Management_System\\vendor\\laravel\\framework\\src\\Illuminate\\Database\\Connection.php(368): Illuminate\\Database\\Connection->getPdoForSelect(true)
#9 F:\\.My Projects\\Databse\\Attendance_Management_System\\vendor\\laravel\\framework\\src\\Illuminate\\Database\\Connection.php(705): Illuminate\\Database\\Connection->Illuminate\\Database\\{closure}('select * from i...', Array)
#10 F:\\.My Projects\\Databse\\Attendance_Management_System\\vendor\\laravel\\framework\\src\\Illuminate\\Database\\Connection.php(672): Illuminate\\Database\\Connection->runQueryCallback('select * from i...', Array, Object(Closure))
#11 F:\\.My Projects\\Databse\\Attendance_Management_System\\vendor\\laravel\\framework\\src\\Illuminate\\Database\\Connection.php(359): Illuminate\\Database\\Connection->run('select * from i...', Array, Object(Closure))
#12 F:\\.My Projects\\Databse\\Attendance_Management_System\\vendor\\laravel\\framework\\src\\Illuminate\\Database\\Schema\\MySqlBuilder.php(43): Illuminate\\Database\\Connection->select('select * from i...', Array)
#13 F:\\.My Projects\\Databse\\Attendance_Management_System\\vendor\\laravel\\framework\\src\\Illuminate\\Database\\Migrations\\DatabaseMigrationRepository.php(169): Illuminate\\Database\\Schema\\MySqlBuilder->hasTable('migrations')
#14 F:\\.My Projects\\Databse\\Attendance_Management_System\\vendor\\laravel\\framework\\src\\Illuminate\\Database\\Migrations\\Migrator.php(673): Illuminate\\Database\\Migrations\\DatabaseMigrationRepository->repositoryExists()
#15 F:\\.My Projects\\Databse\\Attendance_Management_System\\vendor\\laravel\\framework\\src\\Illuminate\\Database\\Console\\Migrations\\MigrateCommand.php(110): Illuminate\\Database\\Migrations\\Migrator->repositoryExists()
#16 F:\\.My Projects\\Databse\\Attendance_Management_System\\vendor\\laravel\\framework\\src\\Illuminate\\Database\\Console\\Migrations\\MigrateCommand.php(78): Illuminate\\Database\\Console\\Migrations\\MigrateCommand->prepareDatabase()
#17 F:\\.My Projects\\Databse\\Attendance_Management_System\\vendor\\laravel\\framework\\src\\Illuminate\\Database\\Migrations\\Migrator.php(606): Illuminate\\Database\\Console\\Migrations\\MigrateCommand->Illuminate\\Database\\Console\\Migrations\\{closure}()
#18 F:\\.My Projects\\Databse\\Attendance_Management_System\\vendor\\laravel\\framework\\src\\Illuminate\\Database\\Console\\Migrations\\MigrateCommand.php(77): Illuminate\\Database\\Migrations\\Migrator->usingConnection(NULL, Object(Closure))
#19 F:\\.My Projects\\Databse\\Attendance_Management_System\\vendor\\laravel\\framework\\src\\Illuminate\\Container\\BoundMethod.php(36): Illuminate\\Database\\Console\\Migrations\\MigrateCommand->handle()
#20 F:\\.My Projects\\Databse\\Attendance_Management_System\\vendor\\laravel\\framework\\src\\Illuminate\\Container\\Util.php(40): Illuminate\\Container\\BoundMethod::Illuminate\\Container\\{closure}()
#21 F:\\.My Projects\\Databse\\Attendance_Management_System\\vendor\\laravel\\framework\\src\\Illuminate\\Container\\BoundMethod.php(93): Illuminate\\Container\\Util::unwrapIfClosure(Object(Closure))
#22 F:\\.My Projects\\Databse\\Attendance_Management_System\\vendor\\laravel\\framework\\src\\Illuminate\\Container\\BoundMethod.php(35): Illuminate\\Container\\BoundMethod::callBoundMethod(Object(Illuminate\\Foundation\\Application), Array, Object(Closure))
#23 F:\\.My Projects\\Databse\\Attendance_Management_System\\vendor\\laravel\\framework\\src\\Illuminate\\Container\\Container.php(653): Illuminate\\Container\\BoundMethod::call(Object(Illuminate\\Foundation\\Application), Array, Array, NULL)
#24 F:\\.My Projects\\Databse\\Attendance_Management_System\\vendor\\laravel\\framework\\src\\Illuminate\\Console\\Command.php(136): Illuminate\\Container\\Container->call(Array)
#25 F:\\.My Projects\\Databse\\Attendance_Management_System\\vendor\\symfony\\console\\Command\\Command.php(298): Illuminate\\Console\\Command->execute(Object(Symfony\\Component\\Console\\Input\\ArgvInput), Object(Illuminate\\Console\\OutputStyle))
#26 F:\\.My Projects\\Databse\\Attendance_Management_System\\vendor\\laravel\\framework\\src\\Illuminate\\Console\\Command.php(120): Symfony\\Component\\Console\\Command\\Command->run(Object(Symfony\\Component\\Console\\Input\\ArgvInput), Object(Illuminate\\Console\\OutputStyle))
#27 F:\\.My Projects\\Databse\\Attendance_Management_System\\vendor\\symfony\\console\\Application.php(1040): Illuminate\\Console\\Command->run(Object(Symfony\\Component\\Console\\Input\\ArgvInput), Object(Symfony\\Component\\Console\\Output\\ConsoleOutput))
#28 F:\\.My Projects\\Databse\\Attendance_Management_System\\vendor\\symfony\\console\\Application.php(301): Symfony\\Component\\Console\\Application->doRunCommand(Object(Illuminate\\Database\\Console\\Migrations\\MigrateCommand), Object(Symfony\\Component\\Console\\Input\\ArgvInput), Object(Symfony\\Component\\Console\\Output\\ConsoleOutput))
#29 F:\\.My Projects\\Databse\\Attendance_Management_System\\vendor\\symfony\\console\\Application.php(171): Symfony\\Component\\Console\\Application->doRun(Object(Symfony\\Component\\Console\\Input\\ArgvInput), Object(Symfony\\Component\\Console\\Output\\ConsoleOutput))
#30 F:\\.My Projects\\Databse\\Attendance_Management_System\\vendor\\laravel\\framework\\src\\Illuminate\\Console\\Application.php(94): Symfony\\Component\\Console\\Application->run(Object(Symfony\\Component\\Console\\Input\\ArgvInput), Object(Symfony\\Component\\Console\\Output\\ConsoleOutput))
#31 F:\\.My Projects\\Databse\\Attendance_Management_System\\vendor\\laravel\\framework\\src\\Illuminate\\Foundation\\Console\\Kernel.php(129): Illuminate\\Console\\Application->run(Object(Symfony\\Component\\Console\\Input\\ArgvInput), Object(Symfony\\Component\\Console\\Output\\ConsoleOutput))
#32 F:\\.My Projects\\Databse\\Attendance_Management_System\\artisan(35): Illuminate\\Foundation\\Console\\Kernel->handle(Object(Symfony\\Component\\Console\\Input\\ArgvInput), Object(Symfony\\Component\\Console\\Output\\ConsoleOutput))
#33 {main}
"} 
[2025-05-01 11:45:34] local.ERROR: No arguments expected for "config:clear" command, got "php". {"exception":"[object] (Symfony\\Component\\Console\\Exception\\RuntimeException(code: 0): No arguments expected for \"config:clear\" command, got \"php\". at F:\\.My Projects\\Databse\\Attendance_Management_System\\vendor\\symfony\\console\\Input\\ArgvInput.php:193)
[stacktrace]
#0 F:\\.My Projects\\Databse\\Attendance_Management_System\\vendor\\symfony\\console\\Input\\ArgvInput.php(86): Symfony\\Component\\Console\\Input\\ArgvInput->parseArgument('php')
#1 F:\\.My Projects\\Databse\\Attendance_Management_System\\vendor\\symfony\\console\\Input\\ArgvInput.php(71): Symfony\\Component\\Console\\Input\\ArgvInput->parseToken('php', true)
#2 F:\\.My Projects\\Databse\\Attendance_Management_System\\vendor\\symfony\\console\\Input\\Input.php(55): Symfony\\Component\\Console\\Input\\ArgvInput->parse()
#3 F:\\.My Projects\\Databse\\Attendance_Management_System\\vendor\\symfony\\console\\Command\\Command.php(257): Symfony\\Component\\Console\\Input\\Input->bind(Object(Symfony\\Component\\Console\\Input\\InputDefinition))
#4 F:\\.My Projects\\Databse\\Attendance_Management_System\\vendor\\laravel\\framework\\src\\Illuminate\\Console\\Command.php(120): Symfony\\Component\\Console\\Command\\Command->run(Object(Symfony\\Component\\Console\\Input\\ArgvInput), Object(Illuminate\\Console\\OutputStyle))
#5 F:\\.My Projects\\Databse\\Attendance_Management_System\\vendor\\symfony\\console\\Application.php(1040): Illuminate\\Console\\Command->run(Object(Symfony\\Component\\Console\\Input\\ArgvInput), Object(Symfony\\Component\\Console\\Output\\ConsoleOutput))
#6 F:\\.My Projects\\Databse\\Attendance_Management_System\\vendor\\symfony\\console\\Application.php(301): Symfony\\Component\\Console\\Application->doRunCommand(Object(Illuminate\\Foundation\\Console\\ConfigClearCommand), Object(Symfony\\Component\\Console\\Input\\ArgvInput), Object(Symfony\\Component\\Console\\Output\\ConsoleOutput))
#7 F:\\.My Projects\\Databse\\Attendance_Management_System\\vendor\\symfony\\console\\Application.php(171): Symfony\\Component\\Console\\Application->doRun(Object(Symfony\\Component\\Console\\Input\\ArgvInput), Object(Symfony\\Component\\Console\\Output\\ConsoleOutput))
#8 F:\\.My Projects\\Databse\\Attendance_Management_System\\vendor\\laravel\\framework\\src\\Illuminate\\Console\\Application.php(94): Symfony\\Component\\Console\\Application->run(Object(Symfony\\Component\\Console\\Input\\ArgvInput), Object(Symfony\\Component\\Console\\Output\\ConsoleOutput))
#9 F:\\.My Projects\\Databse\\Attendance_Management_System\\vendor\\laravel\\framework\\src\\Illuminate\\Foundation\\Console\\Kernel.php(129): Illuminate\\Console\\Application->run(Object(Symfony\\Component\\Console\\Input\\ArgvInput), Object(Symfony\\Component\\Console\\Output\\ConsoleOutput))
#10 F:\\.My Projects\\Databse\\Attendance_Management_System\\artisan(35): Illuminate\\Foundation\\Console\\Kernel->handle(Object(Symfony\\Component\\Console\\Input\\ArgvInput), Object(Symfony\\Component\\Console\\Output\\ConsoleOutput))
#11 {main}
"} 
[2025-05-01 12:11:16] local.ERROR: SQLSTATE[23000]: Integrity constraint violation: 1062 Duplicate entry 'admin@ams.com' for key 'users.users_email_unique' (SQL: insert into `users` (`name`, `email`, `password`, `updated_at`, `created_at`) values (Admin, admin@ams.com, $2y$10$ugocwitB2Sp5/rfp7XJxCOYag9g6FHp9ryZPYG1lIsaRaT2HM5v76, 2025-05-01 12:11:16, 2025-05-01 12:11:16)) {"exception":"[object] (Illuminate\\Database\\QueryException(code: 23000): SQLSTATE[23000]: Integrity constraint violation: 1062 Duplicate entry 'admin@ams.com' for key 'users.users_email_unique' (SQL: insert into `users` (`name`, `email`, `password`, `updated_at`, `created_at`) values (Admin, admin@ams.com, $2y$10$ugocwitB2Sp5/rfp7XJxCOYag9g6FHp9ryZPYG1lIsaRaT2HM5v76, 2025-05-01 12:11:16, 2025-05-01 12:11:16)) at F:\\.My Projects\\Databse\\Attendance_Management_System\\vendor\\laravel\\framework\\src\\Illuminate\\Database\\Connection.php:712)
[stacktrace]
#0 F:\\.My Projects\\Databse\\Attendance_Management_System\\vendor\\laravel\\framework\\src\\Illuminate\\Database\\Connection.php(672): Illuminate\\Database\\Connection->runQueryCallback('insert into `us...', Array, Object(Closure))
#1 F:\\.My Projects\\Databse\\Attendance_Management_System\\vendor\\laravel\\framework\\src\\Illuminate\\Database\\Connection.php(490): Illuminate\\Database\\Connection->run('insert into `us...', Array, Object(Closure))
#2 F:\\.My Projects\\Databse\\Attendance_Management_System\\vendor\\laravel\\framework\\src\\Illuminate\\Database\\Connection.php(454): Illuminate\\Database\\Connection->statement('insert into `us...', Array)
#3 F:\\.My Projects\\Databse\\Attendance_Management_System\\vendor\\laravel\\framework\\src\\Illuminate\\Database\\Query\\Processors\\Processor.php(32): Illuminate\\Database\\Connection->insert('insert into `us...', Array)
#4 F:\\.My Projects\\Databse\\Attendance_Management_System\\vendor\\laravel\\framework\\src\\Illuminate\\Database\\Query\\Builder.php(3028): Illuminate\\Database\\Query\\Processors\\Processor->processInsertGetId(Object(Illuminate\\Database\\Query\\Builder), 'insert into `us...', Array, 'id')
#5 F:\\.My Projects\\Databse\\Attendance_Management_System\\vendor\\laravel\\framework\\src\\Illuminate\\Database\\Eloquent\\Builder.php(1657): Illuminate\\Database\\Query\\Builder->insertGetId(Array, 'id')
#6 F:\\.My Projects\\Databse\\Attendance_Management_System\\vendor\\laravel\\framework\\src\\Illuminate\\Database\\Eloquent\\Model.php(1188): Illuminate\\Database\\Eloquent\\Builder->__call('insertGetId', Array)
#7 F:\\.My Projects\\Databse\\Attendance_Management_System\\vendor\\laravel\\framework\\src\\Illuminate\\Database\\Eloquent\\Model.php(1153): Illuminate\\Database\\Eloquent\\Model->insertAndSetId(Object(Illuminate\\Database\\Eloquent\\Builder), Array)
#8 F:\\.My Projects\\Databse\\Attendance_Management_System\\vendor\\laravel\\framework\\src\\Illuminate\\Database\\Eloquent\\Model.php(994): Illuminate\\Database\\Eloquent\\Model->performInsert(Object(Illuminate\\Database\\Eloquent\\Builder))
#9 F:\\.My Projects\\Databse\\Attendance_Management_System\\vendor\\laravel\\framework\\src\\Illuminate\\Database\\Eloquent\\Builder.php(896): Illuminate\\Database\\Eloquent\\Model->save()
#10 F:\\.My Projects\\Databse\\Attendance_Management_System\\vendor\\laravel\\framework\\src\\Illuminate\\Support\\helpers.php(263): Illuminate\\Database\\Eloquent\\Builder->Illuminate\\Database\\Eloquent\\{closure}(Object(App\\Models\\User))
#11 F:\\.My Projects\\Databse\\Attendance_Management_System\\vendor\\laravel\\framework\\src\\Illuminate\\Database\\Eloquent\\Builder.php(895): tap(Object(App\\Models\\User), Object(Closure))
#12 F:\\.My Projects\\Databse\\Attendance_Management_System\\vendor\\laravel\\framework\\src\\Illuminate\\Support\\Traits\\ForwardsCalls.php(23): Illuminate\\Database\\Eloquent\\Builder->create(Array)
#13 F:\\.My Projects\\Databse\\Attendance_Management_System\\vendor\\laravel\\framework\\src\\Illuminate\\Database\\Eloquent\\Model.php(2132): Illuminate\\Database\\Eloquent\\Model->forwardCallTo(Object(Illuminate\\Database\\Eloquent\\Builder), 'create', Array)
#14 F:\\.My Projects\\Databse\\Attendance_Management_System\\vendor\\laravel\\framework\\src\\Illuminate\\Database\\Eloquent\\Model.php(2144): Illuminate\\Database\\Eloquent\\Model->__call('create', Array)
#15 F:\\.My Projects\\Databse\\Attendance_Management_System\\database\\seeders\\DatabaseSeeder.php(20): Illuminate\\Database\\Eloquent\\Model::__callStatic('create', Array)
#16 F:\\.My Projects\\Databse\\Attendance_Management_System\\vendor\\laravel\\framework\\src\\Illuminate\\Container\\BoundMethod.php(36): Database\\Seeders\\DatabaseSeeder->run()
#17 F:\\.My Projects\\Databse\\Attendance_Management_System\\vendor\\laravel\\framework\\src\\Illuminate\\Container\\Util.php(40): Illuminate\\Container\\BoundMethod::Illuminate\\Container\\{closure}()
#18 F:\\.My Projects\\Databse\\Attendance_Management_System\\vendor\\laravel\\framework\\src\\Illuminate\\Container\\BoundMethod.php(93): Illuminate\\Container\\Util::unwrapIfClosure(Object(Closure))
#19 F:\\.My Projects\\Databse\\Attendance_Management_System\\vendor\\laravel\\framework\\src\\Illuminate\\Container\\BoundMethod.php(35): Illuminate\\Container\\BoundMethod::callBoundMethod(Object(Illuminate\\Foundation\\Application), Array, Object(Closure))
#20 F:\\.My Projects\\Databse\\Attendance_Management_System\\vendor\\laravel\\framework\\src\\Illuminate\\Container\\Container.php(653): Illuminate\\Container\\BoundMethod::call(Object(Illuminate\\Foundation\\Application), Array, Array, NULL)
#21 F:\\.My Projects\\Databse\\Attendance_Management_System\\vendor\\laravel\\framework\\src\\Illuminate\\Database\\Seeder.php(149): Illuminate\\Container\\Container->call(Array, Array)
#22 F:\\.My Projects\\Databse\\Attendance_Management_System\\vendor\\laravel\\framework\\src\\Illuminate\\Database\\Console\\Seeds\\SeedCommand.php(66): Illuminate\\Database\\Seeder->__invoke()
#23 F:\\.My Projects\\Databse\\Attendance_Management_System\\vendor\\laravel\\framework\\src\\Illuminate\\Database\\Eloquent\\Concerns\\GuardsAttributes.php(157): Illuminate\\Database\\Console\\Seeds\\SeedCommand->Illuminate\\Database\\Console\\Seeds\\{closure}()
#24 F:\\.My Projects\\Databse\\Attendance_Management_System\\vendor\\laravel\\framework\\src\\Illuminate\\Database\\Console\\Seeds\\SeedCommand.php(65): Illuminate\\Database\\Eloquent\\Model::unguarded(Object(Closure))
#25 F:\\.My Projects\\Databse\\Attendance_Management_System\\vendor\\laravel\\framework\\src\\Illuminate\\Container\\BoundMethod.php(36): Illuminate\\Database\\Console\\Seeds\\SeedCommand->handle()
#26 F:\\.My Projects\\Databse\\Attendance_Management_System\\vendor\\laravel\\framework\\src\\Illuminate\\Container\\Util.php(40): Illuminate\\Container\\BoundMethod::Illuminate\\Container\\{closure}()
#27 F:\\.My Projects\\Databse\\Attendance_Management_System\\vendor\\laravel\\framework\\src\\Illuminate\\Container\\BoundMethod.php(93): Illuminate\\Container\\Util::unwrapIfClosure(Object(Closure))
#28 F:\\.My Projects\\Databse\\Attendance_Management_System\\vendor\\laravel\\framework\\src\\Illuminate\\Container\\BoundMethod.php(35): Illuminate\\Container\\BoundMethod::callBoundMethod(Object(Illuminate\\Foundation\\Application), Array, Object(Closure))
#29 F:\\.My Projects\\Databse\\Attendance_Management_System\\vendor\\laravel\\framework\\src\\Illuminate\\Container\\Container.php(653): Illuminate\\Container\\BoundMethod::call(Object(Illuminate\\Foundation\\Application), Array, Array, NULL)
#30 F:\\.My Projects\\Databse\\Attendance_Management_System\\vendor\\laravel\\framework\\src\\Illuminate\\Console\\Command.php(136): Illuminate\\Container\\Container->call(Array)
#31 F:\\.My Projects\\Databse\\Attendance_Management_System\\vendor\\symfony\\console\\Command\\Command.php(298): Illuminate\\Console\\Command->execute(Object(Symfony\\Component\\Console\\Input\\ArgvInput), Object(Illuminate\\Console\\OutputStyle))
#32 F:\\.My Projects\\Databse\\Attendance_Management_System\\vendor\\laravel\\framework\\src\\Illuminate\\Console\\Command.php(120): Symfony\\Component\\Console\\Command\\Command->run(Object(Symfony\\Component\\Console\\Input\\ArgvInput), Object(Illuminate\\Console\\OutputStyle))
#33 F:\\.My Projects\\Databse\\Attendance_Management_System\\vendor\\symfony\\console\\Application.php(1040): Illuminate\\Console\\Command->run(Object(Symfony\\Component\\Console\\Input\\ArgvInput), Object(Symfony\\Component\\Console\\Output\\ConsoleOutput))
#34 F:\\.My Projects\\Databse\\Attendance_Management_System\\vendor\\symfony\\console\\Application.php(301): Symfony\\Component\\Console\\Application->doRunCommand(Object(Illuminate\\Database\\Console\\Seeds\\SeedCommand), Object(Symfony\\Component\\Console\\Input\\ArgvInput), Object(Symfony\\Component\\Console\\Output\\ConsoleOutput))
#35 F:\\.My Projects\\Databse\\Attendance_Management_System\\vendor\\symfony\\console\\Application.php(171): Symfony\\Component\\Console\\Application->doRun(Object(Symfony\\Component\\Console\\Input\\ArgvInput), Object(Symfony\\Component\\Console\\Output\\ConsoleOutput))
#36 F:\\.My Projects\\Databse\\Attendance_Management_System\\vendor\\laravel\\framework\\src\\Illuminate\\Console\\Application.php(94): Symfony\\Component\\Console\\Application->run(Object(Symfony\\Component\\Console\\Input\\ArgvInput), Object(Symfony\\Component\\Console\\Output\\ConsoleOutput))
#37 F:\\.My Projects\\Databse\\Attendance_Management_System\\vendor\\laravel\\framework\\src\\Illuminate\\Foundation\\Console\\Kernel.php(129): Illuminate\\Console\\Application->run(Object(Symfony\\Component\\Console\\Input\\ArgvInput), Object(Symfony\\Component\\Console\\Output\\ConsoleOutput))
#38 F:\\.My Projects\\Databse\\Attendance_Management_System\\artisan(35): Illuminate\\Foundation\\Console\\Kernel->handle(Object(Symfony\\Component\\Console\\Input\\ArgvInput), Object(Symfony\\Component\\Console\\Output\\ConsoleOutput))
#39 {main}

[previous exception] [object] (PDOException(code: 23000): SQLSTATE[23000]: Integrity constraint violation: 1062 Duplicate entry 'admin@ams.com' for key 'users.users_email_unique' at F:\\.My Projects\\Databse\\Attendance_Management_System\\vendor\\laravel\\framework\\src\\Illuminate\\Database\\Connection.php:501)
[stacktrace]
#0 F:\\.My Projects\\Databse\\Attendance_Management_System\\vendor\\laravel\\framework\\src\\Illuminate\\Database\\Connection.php(501): PDOStatement->execute()
#1 F:\\.My Projects\\Databse\\Attendance_Management_System\\vendor\\laravel\\framework\\src\\Illuminate\\Database\\Connection.php(705): Illuminate\\Database\\Connection->Illuminate\\Database\\{closure}('insert into `us...', Array)
#2 F:\\.My Projects\\Databse\\Attendance_Management_System\\vendor\\laravel\\framework\\src\\Illuminate\\Database\\Connection.php(672): Illuminate\\Database\\Connection->runQueryCallback('insert into `us...', Array, Object(Closure))
#3 F:\\.My Projects\\Databse\\Attendance_Management_System\\vendor\\laravel\\framework\\src\\Illuminate\\Database\\Connection.php(490): Illuminate\\Database\\Connection->run('insert into `us...', Array, Object(Closure))
#4 F:\\.My Projects\\Databse\\Attendance_Management_System\\vendor\\laravel\\framework\\src\\Illuminate\\Database\\Connection.php(454): Illuminate\\Database\\Connection->statement('insert into `us...', Array)
#5 F:\\.My Projects\\Databse\\Attendance_Management_System\\vendor\\laravel\\framework\\src\\Illuminate\\Database\\Query\\Processors\\Processor.php(32): Illuminate\\Database\\Connection->insert('insert into `us...', Array)
#6 F:\\.My Projects\\Databse\\Attendance_Management_System\\vendor\\laravel\\framework\\src\\Illuminate\\Database\\Query\\Builder.php(3028): Illuminate\\Database\\Query\\Processors\\Processor->processInsertGetId(Object(Illuminate\\Database\\Query\\Builder), 'insert into `us...', Array, 'id')
#7 F:\\.My Projects\\Databse\\Attendance_Management_System\\vendor\\laravel\\framework\\src\\Illuminate\\Database\\Eloquent\\Builder.php(1657): Illuminate\\Database\\Query\\Builder->insertGetId(Array, 'id')
#8 F:\\.My Projects\\Databse\\Attendance_Management_System\\vendor\\laravel\\framework\\src\\Illuminate\\Database\\Eloquent\\Model.php(1188): Illuminate\\Database\\Eloquent\\Builder->__call('insertGetId', Array)
#9 F:\\.My Projects\\Databse\\Attendance_Management_System\\vendor\\laravel\\framework\\src\\Illuminate\\Database\\Eloquent\\Model.php(1153): Illuminate\\Database\\Eloquent\\Model->insertAndSetId(Object(Illuminate\\Database\\Eloquent\\Builder), Array)
#10 F:\\.My Projects\\Databse\\Attendance_Management_System\\vendor\\laravel\\framework\\src\\Illuminate\\Database\\Eloquent\\Model.php(994): Illuminate\\Database\\Eloquent\\Model->performInsert(Object(Illuminate\\Database\\Eloquent\\Builder))
#11 F:\\.My Projects\\Databse\\Attendance_Management_System\\vendor\\laravel\\framework\\src\\Illuminate\\Database\\Eloquent\\Builder.php(896): Illuminate\\Database\\Eloquent\\Model->save()
#12 F:\\.My Projects\\Databse\\Attendance_Management_System\\vendor\\laravel\\framework\\src\\Illuminate\\Support\\helpers.php(263): Illuminate\\Database\\Eloquent\\Builder->Illuminate\\Database\\Eloquent\\{closure}(Object(App\\Models\\User))
#13 F:\\.My Projects\\Databse\\Attendance_Management_System\\vendor\\laravel\\framework\\src\\Illuminate\\Database\\Eloquent\\Builder.php(895): tap(Object(App\\Models\\User), Object(Closure))
#14 F:\\.My Projects\\Databse\\Attendance_Management_System\\vendor\\laravel\\framework\\src\\Illuminate\\Support\\Traits\\ForwardsCalls.php(23): Illuminate\\Database\\Eloquent\\Builder->create(Array)
#15 F:\\.My Projects\\Databse\\Attendance_Management_System\\vendor\\laravel\\framework\\src\\Illuminate\\Database\\Eloquent\\Model.php(2132): Illuminate\\Database\\Eloquent\\Model->forwardCallTo(Object(Illuminate\\Database\\Eloquent\\Builder), 'create', Array)
#16 F:\\.My Projects\\Databse\\Attendance_Management_System\\vendor\\laravel\\framework\\src\\Illuminate\\Database\\Eloquent\\Model.php(2144): Illuminate\\Database\\Eloquent\\Model->__call('create', Array)
#17 F:\\.My Projects\\Databse\\Attendance_Management_System\\database\\seeders\\DatabaseSeeder.php(20): Illuminate\\Database\\Eloquent\\Model::__callStatic('create', Array)
#18 F:\\.My Projects\\Databse\\Attendance_Management_System\\vendor\\laravel\\framework\\src\\Illuminate\\Container\\BoundMethod.php(36): Database\\Seeders\\DatabaseSeeder->run()
#19 F:\\.My Projects\\Databse\\Attendance_Management_System\\vendor\\laravel\\framework\\src\\Illuminate\\Container\\Util.php(40): Illuminate\\Container\\BoundMethod::Illuminate\\Container\\{closure}()
#20 F:\\.My Projects\\Databse\\Attendance_Management_System\\vendor\\laravel\\framework\\src\\Illuminate\\Container\\BoundMethod.php(93): Illuminate\\Container\\Util::unwrapIfClosure(Object(Closure))
#21 F:\\.My Projects\\Databse\\Attendance_Management_System\\vendor\\laravel\\framework\\src\\Illuminate\\Container\\BoundMethod.php(35): Illuminate\\Container\\BoundMethod::callBoundMethod(Object(Illuminate\\Foundation\\Application), Array, Object(Closure))
#22 F:\\.My Projects\\Databse\\Attendance_Management_System\\vendor\\laravel\\framework\\src\\Illuminate\\Container\\Container.php(653): Illuminate\\Container\\BoundMethod::call(Object(Illuminate\\Foundation\\Application), Array, Array, NULL)
#23 F:\\.My Projects\\Databse\\Attendance_Management_System\\vendor\\laravel\\framework\\src\\Illuminate\\Database\\Seeder.php(149): Illuminate\\Container\\Container->call(Array, Array)
#24 F:\\.My Projects\\Databse\\Attendance_Management_System\\vendor\\laravel\\framework\\src\\Illuminate\\Database\\Console\\Seeds\\SeedCommand.php(66): Illuminate\\Database\\Seeder->__invoke()
#25 F:\\.My Projects\\Databse\\Attendance_Management_System\\vendor\\laravel\\framework\\src\\Illuminate\\Database\\Eloquent\\Concerns\\GuardsAttributes.php(157): Illuminate\\Database\\Console\\Seeds\\SeedCommand->Illuminate\\Database\\Console\\Seeds\\{closure}()
#26 F:\\.My Projects\\Databse\\Attendance_Management_System\\vendor\\laravel\\framework\\src\\Illuminate\\Database\\Console\\Seeds\\SeedCommand.php(65): Illuminate\\Database\\Eloquent\\Model::unguarded(Object(Closure))
#27 F:\\.My Projects\\Databse\\Attendance_Management_System\\vendor\\laravel\\framework\\src\\Illuminate\\Container\\BoundMethod.php(36): Illuminate\\Database\\Console\\Seeds\\SeedCommand->handle()
#28 F:\\.My Projects\\Databse\\Attendance_Management_System\\vendor\\laravel\\framework\\src\\Illuminate\\Container\\Util.php(40): Illuminate\\Container\\BoundMethod::Illuminate\\Container\\{closure}()
#29 F:\\.My Projects\\Databse\\Attendance_Management_System\\vendor\\laravel\\framework\\src\\Illuminate\\Container\\BoundMethod.php(93): Illuminate\\Container\\Util::unwrapIfClosure(Object(Closure))
#30 F:\\.My Projects\\Databse\\Attendance_Management_System\\vendor\\laravel\\framework\\src\\Illuminate\\Container\\BoundMethod.php(35): Illuminate\\Container\\BoundMethod::callBoundMethod(Object(Illuminate\\Foundation\\Application), Array, Object(Closure))
#31 F:\\.My Projects\\Databse\\Attendance_Management_System\\vendor\\laravel\\framework\\src\\Illuminate\\Container\\Container.php(653): Illuminate\\Container\\BoundMethod::call(Object(Illuminate\\Foundation\\Application), Array, Array, NULL)
#32 F:\\.My Projects\\Databse\\Attendance_Management_System\\vendor\\laravel\\framework\\src\\Illuminate\\Console\\Command.php(136): Illuminate\\Container\\Container->call(Array)
#33 F:\\.My Projects\\Databse\\Attendance_Management_System\\vendor\\symfony\\console\\Command\\Command.php(298): Illuminate\\Console\\Command->execute(Object(Symfony\\Component\\Console\\Input\\ArgvInput), Object(Illuminate\\Console\\OutputStyle))
#34 F:\\.My Projects\\Databse\\Attendance_Management_System\\vendor\\laravel\\framework\\src\\Illuminate\\Console\\Command.php(120): Symfony\\Component\\Console\\Command\\Command->run(Object(Symfony\\Component\\Console\\Input\\ArgvInput), Object(Illuminate\\Console\\OutputStyle))
#35 F:\\.My Projects\\Databse\\Attendance_Management_System\\vendor\\symfony\\console\\Application.php(1040): Illuminate\\Console\\Command->run(Object(Symfony\\Component\\Console\\Input\\ArgvInput), Object(Symfony\\Component\\Console\\Output\\ConsoleOutput))
#36 F:\\.My Projects\\Databse\\Attendance_Management_System\\vendor\\symfony\\console\\Application.php(301): Symfony\\Component\\Console\\Application->doRunCommand(Object(Illuminate\\Database\\Console\\Seeds\\SeedCommand), Object(Symfony\\Component\\Console\\Input\\ArgvInput), Object(Symfony\\Component\\Console\\Output\\ConsoleOutput))
#37 F:\\.My Projects\\Databse\\Attendance_Management_System\\vendor\\symfony\\console\\Application.php(171): Symfony\\Component\\Console\\Application->doRun(Object(Symfony\\Component\\Console\\Input\\ArgvInput), Object(Symfony\\Component\\Console\\Output\\ConsoleOutput))
#38 F:\\.My Projects\\Databse\\Attendance_Management_System\\vendor\\laravel\\framework\\src\\Illuminate\\Console\\Application.php(94): Symfony\\Component\\Console\\Application->run(Object(Symfony\\Component\\Console\\Input\\ArgvInput), Object(Symfony\\Component\\Console\\Output\\ConsoleOutput))
#39 F:\\.My Projects\\Databse\\Attendance_Management_System\\vendor\\laravel\\framework\\src\\Illuminate\\Foundation\\Console\\Kernel.php(129): Illuminate\\Console\\Application->run(Object(Symfony\\Component\\Console\\Input\\ArgvInput), Object(Symfony\\Component\\Console\\Output\\ConsoleOutput))
#40 F:\\.My Projects\\Databse\\Attendance_Management_System\\artisan(35): Illuminate\\Foundation\\Console\\Kernel->handle(Object(Symfony\\Component\\Console\\Input\\ArgvInput), Object(Symfony\\Component\\Console\\Output\\ConsoleOutput))
#41 {main}
"} 
[2025-05-01 12:11:31] local.ERROR: SQLSTATE[23000]: Integrity constraint violation: 1062 Duplicate entry 'admin@ams.com' for key 'users.users_email_unique' (SQL: insert into `users` (`name`, `email`, `password`, `updated_at`, `created_at`) values (Admin, admin@ams.com, $2y$10$lz1H7tluJFmxZIJwP8SF5eVHgImBfySM38VK1LBdiClsqXcDOhpWG, 2025-05-01 12:11:31, 2025-05-01 12:11:31)) {"exception":"[object] (Illuminate\\Database\\QueryException(code: 23000): SQLSTATE[23000]: Integrity constraint violation: 1062 Duplicate entry 'admin@ams.com' for key 'users.users_email_unique' (SQL: insert into `users` (`name`, `email`, `password`, `updated_at`, `created_at`) values (Admin, admin@ams.com, $2y$10$lz1H7tluJFmxZIJwP8SF5eVHgImBfySM38VK1LBdiClsqXcDOhpWG, 2025-05-01 12:11:31, 2025-05-01 12:11:31)) at F:\\.My Projects\\Databse\\Attendance_Management_System\\vendor\\laravel\\framework\\src\\Illuminate\\Database\\Connection.php:712)
[stacktrace]
#0 F:\\.My Projects\\Databse\\Attendance_Management_System\\vendor\\laravel\\framework\\src\\Illuminate\\Database\\Connection.php(672): Illuminate\\Database\\Connection->runQueryCallback('insert into `us...', Array, Object(Closure))
#1 F:\\.My Projects\\Databse\\Attendance_Management_System\\vendor\\laravel\\framework\\src\\Illuminate\\Database\\Connection.php(490): Illuminate\\Database\\Connection->run('insert into `us...', Array, Object(Closure))
#2 F:\\.My Projects\\Databse\\Attendance_Management_System\\vendor\\laravel\\framework\\src\\Illuminate\\Database\\Connection.php(454): Illuminate\\Database\\Connection->statement('insert into `us...', Array)
#3 F:\\.My Projects\\Databse\\Attendance_Management_System\\vendor\\laravel\\framework\\src\\Illuminate\\Database\\Query\\Processors\\Processor.php(32): Illuminate\\Database\\Connection->insert('insert into `us...', Array)
#4 F:\\.My Projects\\Databse\\Attendance_Management_System\\vendor\\laravel\\framework\\src\\Illuminate\\Database\\Query\\Builder.php(3028): Illuminate\\Database\\Query\\Processors\\Processor->processInsertGetId(Object(Illuminate\\Database\\Query\\Builder), 'insert into `us...', Array, 'id')
#5 F:\\.My Projects\\Databse\\Attendance_Management_System\\vendor\\laravel\\framework\\src\\Illuminate\\Database\\Eloquent\\Builder.php(1657): Illuminate\\Database\\Query\\Builder->insertGetId(Array, 'id')
#6 F:\\.My Projects\\Databse\\Attendance_Management_System\\vendor\\laravel\\framework\\src\\Illuminate\\Database\\Eloquent\\Model.php(1188): Illuminate\\Database\\Eloquent\\Builder->__call('insertGetId', Array)
#7 F:\\.My Projects\\Databse\\Attendance_Management_System\\vendor\\laravel\\framework\\src\\Illuminate\\Database\\Eloquent\\Model.php(1153): Illuminate\\Database\\Eloquent\\Model->insertAndSetId(Object(Illuminate\\Database\\Eloquent\\Builder), Array)
#8 F:\\.My Projects\\Databse\\Attendance_Management_System\\vendor\\laravel\\framework\\src\\Illuminate\\Database\\Eloquent\\Model.php(994): Illuminate\\Database\\Eloquent\\Model->performInsert(Object(Illuminate\\Database\\Eloquent\\Builder))
#9 F:\\.My Projects\\Databse\\Attendance_Management_System\\vendor\\laravel\\framework\\src\\Illuminate\\Database\\Eloquent\\Builder.php(896): Illuminate\\Database\\Eloquent\\Model->save()
#10 F:\\.My Projects\\Databse\\Attendance_Management_System\\vendor\\laravel\\framework\\src\\Illuminate\\Support\\helpers.php(263): Illuminate\\Database\\Eloquent\\Builder->Illuminate\\Database\\Eloquent\\{closure}(Object(App\\Models\\User))
#11 F:\\.My Projects\\Databse\\Attendance_Management_System\\vendor\\laravel\\framework\\src\\Illuminate\\Database\\Eloquent\\Builder.php(895): tap(Object(App\\Models\\User), Object(Closure))
#12 F:\\.My Projects\\Databse\\Attendance_Management_System\\vendor\\laravel\\framework\\src\\Illuminate\\Support\\Traits\\ForwardsCalls.php(23): Illuminate\\Database\\Eloquent\\Builder->create(Array)
#13 F:\\.My Projects\\Databse\\Attendance_Management_System\\vendor\\laravel\\framework\\src\\Illuminate\\Database\\Eloquent\\Model.php(2132): Illuminate\\Database\\Eloquent\\Model->forwardCallTo(Object(Illuminate\\Database\\Eloquent\\Builder), 'create', Array)
#14 F:\\.My Projects\\Databse\\Attendance_Management_System\\vendor\\laravel\\framework\\src\\Illuminate\\Database\\Eloquent\\Model.php(2144): Illuminate\\Database\\Eloquent\\Model->__call('create', Array)
#15 F:\\.My Projects\\Databse\\Attendance_Management_System\\database\\seeders\\DatabaseSeeder.php(20): Illuminate\\Database\\Eloquent\\Model::__callStatic('create', Array)
#16 F:\\.My Projects\\Databse\\Attendance_Management_System\\vendor\\laravel\\framework\\src\\Illuminate\\Container\\BoundMethod.php(36): Database\\Seeders\\DatabaseSeeder->run()
#17 F:\\.My Projects\\Databse\\Attendance_Management_System\\vendor\\laravel\\framework\\src\\Illuminate\\Container\\Util.php(40): Illuminate\\Container\\BoundMethod::Illuminate\\Container\\{closure}()
#18 F:\\.My Projects\\Databse\\Attendance_Management_System\\vendor\\laravel\\framework\\src\\Illuminate\\Container\\BoundMethod.php(93): Illuminate\\Container\\Util::unwrapIfClosure(Object(Closure))
#19 F:\\.My Projects\\Databse\\Attendance_Management_System\\vendor\\laravel\\framework\\src\\Illuminate\\Container\\BoundMethod.php(35): Illuminate\\Container\\BoundMethod::callBoundMethod(Object(Illuminate\\Foundation\\Application), Array, Object(Closure))
#20 F:\\.My Projects\\Databse\\Attendance_Management_System\\vendor\\laravel\\framework\\src\\Illuminate\\Container\\Container.php(653): Illuminate\\Container\\BoundMethod::call(Object(Illuminate\\Foundation\\Application), Array, Array, NULL)
#21 F:\\.My Projects\\Databse\\Attendance_Management_System\\vendor\\laravel\\framework\\src\\Illuminate\\Database\\Seeder.php(149): Illuminate\\Container\\Container->call(Array, Array)
#22 F:\\.My Projects\\Databse\\Attendance_Management_System\\vendor\\laravel\\framework\\src\\Illuminate\\Database\\Console\\Seeds\\SeedCommand.php(66): Illuminate\\Database\\Seeder->__invoke()
#23 F:\\.My Projects\\Databse\\Attendance_Management_System\\vendor\\laravel\\framework\\src\\Illuminate\\Database\\Eloquent\\Concerns\\GuardsAttributes.php(157): Illuminate\\Database\\Console\\Seeds\\SeedCommand->Illuminate\\Database\\Console\\Seeds\\{closure}()
#24 F:\\.My Projects\\Databse\\Attendance_Management_System\\vendor\\laravel\\framework\\src\\Illuminate\\Database\\Console\\Seeds\\SeedCommand.php(65): Illuminate\\Database\\Eloquent\\Model::unguarded(Object(Closure))
#25 F:\\.My Projects\\Databse\\Attendance_Management_System\\vendor\\laravel\\framework\\src\\Illuminate\\Container\\BoundMethod.php(36): Illuminate\\Database\\Console\\Seeds\\SeedCommand->handle()
#26 F:\\.My Projects\\Databse\\Attendance_Management_System\\vendor\\laravel\\framework\\src\\Illuminate\\Container\\Util.php(40): Illuminate\\Container\\BoundMethod::Illuminate\\Container\\{closure}()
#27 F:\\.My Projects\\Databse\\Attendance_Management_System\\vendor\\laravel\\framework\\src\\Illuminate\\Container\\BoundMethod.php(93): Illuminate\\Container\\Util::unwrapIfClosure(Object(Closure))
#28 F:\\.My Projects\\Databse\\Attendance_Management_System\\vendor\\laravel\\framework\\src\\Illuminate\\Container\\BoundMethod.php(35): Illuminate\\Container\\BoundMethod::callBoundMethod(Object(Illuminate\\Foundation\\Application), Array, Object(Closure))
#29 F:\\.My Projects\\Databse\\Attendance_Management_System\\vendor\\laravel\\framework\\src\\Illuminate\\Container\\Container.php(653): Illuminate\\Container\\BoundMethod::call(Object(Illuminate\\Foundation\\Application), Array, Array, NULL)
#30 F:\\.My Projects\\Databse\\Attendance_Management_System\\vendor\\laravel\\framework\\src\\Illuminate\\Console\\Command.php(136): Illuminate\\Container\\Container->call(Array)
#31 F:\\.My Projects\\Databse\\Attendance_Management_System\\vendor\\symfony\\console\\Command\\Command.php(298): Illuminate\\Console\\Command->execute(Object(Symfony\\Component\\Console\\Input\\ArgvInput), Object(Illuminate\\Console\\OutputStyle))
#32 F:\\.My Projects\\Databse\\Attendance_Management_System\\vendor\\laravel\\framework\\src\\Illuminate\\Console\\Command.php(120): Symfony\\Component\\Console\\Command\\Command->run(Object(Symfony\\Component\\Console\\Input\\ArgvInput), Object(Illuminate\\Console\\OutputStyle))
#33 F:\\.My Projects\\Databse\\Attendance_Management_System\\vendor\\symfony\\console\\Application.php(1040): Illuminate\\Console\\Command->run(Object(Symfony\\Component\\Console\\Input\\ArgvInput), Object(Symfony\\Component\\Console\\Output\\ConsoleOutput))
#34 F:\\.My Projects\\Databse\\Attendance_Management_System\\vendor\\symfony\\console\\Application.php(301): Symfony\\Component\\Console\\Application->doRunCommand(Object(Illuminate\\Database\\Console\\Seeds\\SeedCommand), Object(Symfony\\Component\\Console\\Input\\ArgvInput), Object(Symfony\\Component\\Console\\Output\\ConsoleOutput))
#35 F:\\.My Projects\\Databse\\Attendance_Management_System\\vendor\\symfony\\console\\Application.php(171): Symfony\\Component\\Console\\Application->doRun(Object(Symfony\\Component\\Console\\Input\\ArgvInput), Object(Symfony\\Component\\Console\\Output\\ConsoleOutput))
#36 F:\\.My Projects\\Databse\\Attendance_Management_System\\vendor\\laravel\\framework\\src\\Illuminate\\Console\\Application.php(94): Symfony\\Component\\Console\\Application->run(Object(Symfony\\Component\\Console\\Input\\ArgvInput), Object(Symfony\\Component\\Console\\Output\\ConsoleOutput))
#37 F:\\.My Projects\\Databse\\Attendance_Management_System\\vendor\\laravel\\framework\\src\\Illuminate\\Foundation\\Console\\Kernel.php(129): Illuminate\\Console\\Application->run(Object(Symfony\\Component\\Console\\Input\\ArgvInput), Object(Symfony\\Component\\Console\\Output\\ConsoleOutput))
#38 F:\\.My Projects\\Databse\\Attendance_Management_System\\artisan(35): Illuminate\\Foundation\\Console\\Kernel->handle(Object(Symfony\\Component\\Console\\Input\\ArgvInput), Object(Symfony\\Component\\Console\\Output\\ConsoleOutput))
#39 {main}

[previous exception] [object] (PDOException(code: 23000): SQLSTATE[23000]: Integrity constraint violation: 1062 Duplicate entry 'admin@ams.com' for key 'users.users_email_unique' at F:\\.My Projects\\Databse\\Attendance_Management_System\\vendor\\laravel\\framework\\src\\Illuminate\\Database\\Connection.php:501)
[stacktrace]
#0 F:\\.My Projects\\Databse\\Attendance_Management_System\\vendor\\laravel\\framework\\src\\Illuminate\\Database\\Connection.php(501): PDOStatement->execute()
#1 F:\\.My Projects\\Databse\\Attendance_Management_System\\vendor\\laravel\\framework\\src\\Illuminate\\Database\\Connection.php(705): Illuminate\\Database\\Connection->Illuminate\\Database\\{closure}('insert into `us...', Array)
#2 F:\\.My Projects\\Databse\\Attendance_Management_System\\vendor\\laravel\\framework\\src\\Illuminate\\Database\\Connection.php(672): Illuminate\\Database\\Connection->runQueryCallback('insert into `us...', Array, Object(Closure))
#3 F:\\.My Projects\\Databse\\Attendance_Management_System\\vendor\\laravel\\framework\\src\\Illuminate\\Database\\Connection.php(490): Illuminate\\Database\\Connection->run('insert into `us...', Array, Object(Closure))
#4 F:\\.My Projects\\Databse\\Attendance_Management_System\\vendor\\laravel\\framework\\src\\Illuminate\\Database\\Connection.php(454): Illuminate\\Database\\Connection->statement('insert into `us...', Array)
#5 F:\\.My Projects\\Databse\\Attendance_Management_System\\vendor\\laravel\\framework\\src\\Illuminate\\Database\\Query\\Processors\\Processor.php(32): Illuminate\\Database\\Connection->insert('insert into `us...', Array)
#6 F:\\.My Projects\\Databse\\Attendance_Management_System\\vendor\\laravel\\framework\\src\\Illuminate\\Database\\Query\\Builder.php(3028): Illuminate\\Database\\Query\\Processors\\Processor->processInsertGetId(Object(Illuminate\\Database\\Query\\Builder), 'insert into `us...', Array, 'id')
#7 F:\\.My Projects\\Databse\\Attendance_Management_System\\vendor\\laravel\\framework\\src\\Illuminate\\Database\\Eloquent\\Builder.php(1657): Illuminate\\Database\\Query\\Builder->insertGetId(Array, 'id')
#8 F:\\.My Projects\\Databse\\Attendance_Management_System\\vendor\\laravel\\framework\\src\\Illuminate\\Database\\Eloquent\\Model.php(1188): Illuminate\\Database\\Eloquent\\Builder->__call('insertGetId', Array)
#9 F:\\.My Projects\\Databse\\Attendance_Management_System\\vendor\\laravel\\framework\\src\\Illuminate\\Database\\Eloquent\\Model.php(1153): Illuminate\\Database\\Eloquent\\Model->insertAndSetId(Object(Illuminate\\Database\\Eloquent\\Builder), Array)
#10 F:\\.My Projects\\Databse\\Attendance_Management_System\\vendor\\laravel\\framework\\src\\Illuminate\\Database\\Eloquent\\Model.php(994): Illuminate\\Database\\Eloquent\\Model->performInsert(Object(Illuminate\\Database\\Eloquent\\Builder))
#11 F:\\.My Projects\\Databse\\Attendance_Management_System\\vendor\\laravel\\framework\\src\\Illuminate\\Database\\Eloquent\\Builder.php(896): Illuminate\\Database\\Eloquent\\Model->save()
#12 F:\\.My Projects\\Databse\\Attendance_Management_System\\vendor\\laravel\\framework\\src\\Illuminate\\Support\\helpers.php(263): Illuminate\\Database\\Eloquent\\Builder->Illuminate\\Database\\Eloquent\\{closure}(Object(App\\Models\\User))
#13 F:\\.My Projects\\Databse\\Attendance_Management_System\\vendor\\laravel\\framework\\src\\Illuminate\\Database\\Eloquent\\Builder.php(895): tap(Object(App\\Models\\User), Object(Closure))
#14 F:\\.My Projects\\Databse\\Attendance_Management_System\\vendor\\laravel\\framework\\src\\Illuminate\\Support\\Traits\\ForwardsCalls.php(23): Illuminate\\Database\\Eloquent\\Builder->create(Array)
#15 F:\\.My Projects\\Databse\\Attendance_Management_System\\vendor\\laravel\\framework\\src\\Illuminate\\Database\\Eloquent\\Model.php(2132): Illuminate\\Database\\Eloquent\\Model->forwardCallTo(Object(Illuminate\\Database\\Eloquent\\Builder), 'create', Array)
#16 F:\\.My Projects\\Databse\\Attendance_Management_System\\vendor\\laravel\\framework\\src\\Illuminate\\Database\\Eloquent\\Model.php(2144): Illuminate\\Database\\Eloquent\\Model->__call('create', Array)
#17 F:\\.My Projects\\Databse\\Attendance_Management_System\\database\\seeders\\DatabaseSeeder.php(20): Illuminate\\Database\\Eloquent\\Model::__callStatic('create', Array)
#18 F:\\.My Projects\\Databse\\Attendance_Management_System\\vendor\\laravel\\framework\\src\\Illuminate\\Container\\BoundMethod.php(36): Database\\Seeders\\DatabaseSeeder->run()
#19 F:\\.My Projects\\Databse\\Attendance_Management_System\\vendor\\laravel\\framework\\src\\Illuminate\\Container\\Util.php(40): Illuminate\\Container\\BoundMethod::Illuminate\\Container\\{closure}()
#20 F:\\.My Projects\\Databse\\Attendance_Management_System\\vendor\\laravel\\framework\\src\\Illuminate\\Container\\BoundMethod.php(93): Illuminate\\Container\\Util::unwrapIfClosure(Object(Closure))
#21 F:\\.My Projects\\Databse\\Attendance_Management_System\\vendor\\laravel\\framework\\src\\Illuminate\\Container\\BoundMethod.php(35): Illuminate\\Container\\BoundMethod::callBoundMethod(Object(Illuminate\\Foundation\\Application), Array, Object(Closure))
#22 F:\\.My Projects\\Databse\\Attendance_Management_System\\vendor\\laravel\\framework\\src\\Illuminate\\Container\\Container.php(653): Illuminate\\Container\\BoundMethod::call(Object(Illuminate\\Foundation\\Application), Array, Array, NULL)
#23 F:\\.My Projects\\Databse\\Attendance_Management_System\\vendor\\laravel\\framework\\src\\Illuminate\\Database\\Seeder.php(149): Illuminate\\Container\\Container->call(Array, Array)
#24 F:\\.My Projects\\Databse\\Attendance_Management_System\\vendor\\laravel\\framework\\src\\Illuminate\\Database\\Console\\Seeds\\SeedCommand.php(66): Illuminate\\Database\\Seeder->__invoke()
#25 F:\\.My Projects\\Databse\\Attendance_Management_System\\vendor\\laravel\\framework\\src\\Illuminate\\Database\\Eloquent\\Concerns\\GuardsAttributes.php(157): Illuminate\\Database\\Console\\Seeds\\SeedCommand->Illuminate\\Database\\Console\\Seeds\\{closure}()
#26 F:\\.My Projects\\Databse\\Attendance_Management_System\\vendor\\laravel\\framework\\src\\Illuminate\\Database\\Console\\Seeds\\SeedCommand.php(65): Illuminate\\Database\\Eloquent\\Model::unguarded(Object(Closure))
#27 F:\\.My Projects\\Databse\\Attendance_Management_System\\vendor\\laravel\\framework\\src\\Illuminate\\Container\\BoundMethod.php(36): Illuminate\\Database\\Console\\Seeds\\SeedCommand->handle()
#28 F:\\.My Projects\\Databse\\Attendance_Management_System\\vendor\\laravel\\framework\\src\\Illuminate\\Container\\Util.php(40): Illuminate\\Container\\BoundMethod::Illuminate\\Container\\{closure}()
#29 F:\\.My Projects\\Databse\\Attendance_Management_System\\vendor\\laravel\\framework\\src\\Illuminate\\Container\\BoundMethod.php(93): Illuminate\\Container\\Util::unwrapIfClosure(Object(Closure))
#30 F:\\.My Projects\\Databse\\Attendance_Management_System\\vendor\\laravel\\framework\\src\\Illuminate\\Container\\BoundMethod.php(35): Illuminate\\Container\\BoundMethod::callBoundMethod(Object(Illuminate\\Foundation\\Application), Array, Object(Closure))
#31 F:\\.My Projects\\Databse\\Attendance_Management_System\\vendor\\laravel\\framework\\src\\Illuminate\\Container\\Container.php(653): Illuminate\\Container\\BoundMethod::call(Object(Illuminate\\Foundation\\Application), Array, Array, NULL)
#32 F:\\.My Projects\\Databse\\Attendance_Management_System\\vendor\\laravel\\framework\\src\\Illuminate\\Console\\Command.php(136): Illuminate\\Container\\Container->call(Array)
#33 F:\\.My Projects\\Databse\\Attendance_Management_System\\vendor\\symfony\\console\\Command\\Command.php(298): Illuminate\\Console\\Command->execute(Object(Symfony\\Component\\Console\\Input\\ArgvInput), Object(Illuminate\\Console\\OutputStyle))
#34 F:\\.My Projects\\Databse\\Attendance_Management_System\\vendor\\laravel\\framework\\src\\Illuminate\\Console\\Command.php(120): Symfony\\Component\\Console\\Command\\Command->run(Object(Symfony\\Component\\Console\\Input\\ArgvInput), Object(Illuminate\\Console\\OutputStyle))
#35 F:\\.My Projects\\Databse\\Attendance_Management_System\\vendor\\symfony\\console\\Application.php(1040): Illuminate\\Console\\Command->run(Object(Symfony\\Component\\Console\\Input\\ArgvInput), Object(Symfony\\Component\\Console\\Output\\ConsoleOutput))
#36 F:\\.My Projects\\Databse\\Attendance_Management_System\\vendor\\symfony\\console\\Application.php(301): Symfony\\Component\\Console\\Application->doRunCommand(Object(Illuminate\\Database\\Console\\Seeds\\SeedCommand), Object(Symfony\\Component\\Console\\Input\\ArgvInput), Object(Symfony\\Component\\Console\\Output\\ConsoleOutput))
#37 F:\\.My Projects\\Databse\\Attendance_Management_System\\vendor\\symfony\\console\\Application.php(171): Symfony\\Component\\Console\\Application->doRun(Object(Symfony\\Component\\Console\\Input\\ArgvInput), Object(Symfony\\Component\\Console\\Output\\ConsoleOutput))
#38 F:\\.My Projects\\Databse\\Attendance_Management_System\\vendor\\laravel\\framework\\src\\Illuminate\\Console\\Application.php(94): Symfony\\Component\\Console\\Application->run(Object(Symfony\\Component\\Console\\Input\\ArgvInput), Object(Symfony\\Component\\Console\\Output\\ConsoleOutput))
#39 F:\\.My Projects\\Databse\\Attendance_Management_System\\vendor\\laravel\\framework\\src\\Illuminate\\Foundation\\Console\\Kernel.php(129): Illuminate\\Console\\Application->run(Object(Symfony\\Component\\Console\\Input\\ArgvInput), Object(Symfony\\Component\\Console\\Output\\ConsoleOutput))
#40 F:\\.My Projects\\Databse\\Attendance_Management_System\\artisan(35): Illuminate\\Foundation\\Console\\Kernel->handle(Object(Symfony\\Component\\Console\\Input\\ArgvInput), Object(Symfony\\Component\\Console\\Output\\ConsoleOutput))
#41 {main}
"} 
[2025-05-01 12:19:07] local.ERROR: SQLSTATE[23000]: Integrity constraint violation: 1062 Duplicate entry 'admin@ams.com' for key 'users.users_email_unique' (SQL: insert into `users` (`name`, `email`, `password`, `updated_at`, `created_at`) values (Admin, admin@ams.com, $2y$10$gEYVYgusBY/laO24yvxmHOLCT84j4LP.OfwC39hYeN5WZfD2aELQ6, 2025-05-01 12:19:07, 2025-05-01 12:19:07)) {"exception":"[object] (Illuminate\\Database\\QueryException(code: 23000): SQLSTATE[23000]: Integrity constraint violation: 1062 Duplicate entry 'admin@ams.com' for key 'users.users_email_unique' (SQL: insert into `users` (`name`, `email`, `password`, `updated_at`, `created_at`) values (Admin, admin@ams.com, $2y$10$gEYVYgusBY/laO24yvxmHOLCT84j4LP.OfwC39hYeN5WZfD2aELQ6, 2025-05-01 12:19:07, 2025-05-01 12:19:07)) at F:\\.My Projects\\Databse\\Attendance_Management_System\\vendor\\laravel\\framework\\src\\Illuminate\\Database\\Connection.php:712)
[stacktrace]
#0 F:\\.My Projects\\Databse\\Attendance_Management_System\\vendor\\laravel\\framework\\src\\Illuminate\\Database\\Connection.php(672): Illuminate\\Database\\Connection->runQueryCallback('insert into `us...', Array, Object(Closure))
#1 F:\\.My Projects\\Databse\\Attendance_Management_System\\vendor\\laravel\\framework\\src\\Illuminate\\Database\\Connection.php(490): Illuminate\\Database\\Connection->run('insert into `us...', Array, Object(Closure))
#2 F:\\.My Projects\\Databse\\Attendance_Management_System\\vendor\\laravel\\framework\\src\\Illuminate\\Database\\Connection.php(454): Illuminate\\Database\\Connection->statement('insert into `us...', Array)
#3 F:\\.My Projects\\Databse\\Attendance_Management_System\\vendor\\laravel\\framework\\src\\Illuminate\\Database\\Query\\Processors\\Processor.php(32): Illuminate\\Database\\Connection->insert('insert into `us...', Array)
#4 F:\\.My Projects\\Databse\\Attendance_Management_System\\vendor\\laravel\\framework\\src\\Illuminate\\Database\\Query\\Builder.php(3028): Illuminate\\Database\\Query\\Processors\\Processor->processInsertGetId(Object(Illuminate\\Database\\Query\\Builder), 'insert into `us...', Array, 'id')
#5 F:\\.My Projects\\Databse\\Attendance_Management_System\\vendor\\laravel\\framework\\src\\Illuminate\\Database\\Eloquent\\Builder.php(1657): Illuminate\\Database\\Query\\Builder->insertGetId(Array, 'id')
#6 F:\\.My Projects\\Databse\\Attendance_Management_System\\vendor\\laravel\\framework\\src\\Illuminate\\Database\\Eloquent\\Model.php(1188): Illuminate\\Database\\Eloquent\\Builder->__call('insertGetId', Array)
#7 F:\\.My Projects\\Databse\\Attendance_Management_System\\vendor\\laravel\\framework\\src\\Illuminate\\Database\\Eloquent\\Model.php(1153): Illuminate\\Database\\Eloquent\\Model->insertAndSetId(Object(Illuminate\\Database\\Eloquent\\Builder), Array)
#8 F:\\.My Projects\\Databse\\Attendance_Management_System\\vendor\\laravel\\framework\\src\\Illuminate\\Database\\Eloquent\\Model.php(994): Illuminate\\Database\\Eloquent\\Model->performInsert(Object(Illuminate\\Database\\Eloquent\\Builder))
#9 F:\\.My Projects\\Databse\\Attendance_Management_System\\vendor\\laravel\\framework\\src\\Illuminate\\Database\\Eloquent\\Builder.php(896): Illuminate\\Database\\Eloquent\\Model->save()
#10 F:\\.My Projects\\Databse\\Attendance_Management_System\\vendor\\laravel\\framework\\src\\Illuminate\\Support\\helpers.php(263): Illuminate\\Database\\Eloquent\\Builder->Illuminate\\Database\\Eloquent\\{closure}(Object(App\\Models\\User))
#11 F:\\.My Projects\\Databse\\Attendance_Management_System\\vendor\\laravel\\framework\\src\\Illuminate\\Database\\Eloquent\\Builder.php(895): tap(Object(App\\Models\\User), Object(Closure))
#12 F:\\.My Projects\\Databse\\Attendance_Management_System\\vendor\\laravel\\framework\\src\\Illuminate\\Support\\Traits\\ForwardsCalls.php(23): Illuminate\\Database\\Eloquent\\Builder->create(Array)
#13 F:\\.My Projects\\Databse\\Attendance_Management_System\\vendor\\laravel\\framework\\src\\Illuminate\\Database\\Eloquent\\Model.php(2132): Illuminate\\Database\\Eloquent\\Model->forwardCallTo(Object(Illuminate\\Database\\Eloquent\\Builder), 'create', Array)
#14 F:\\.My Projects\\Databse\\Attendance_Management_System\\vendor\\laravel\\framework\\src\\Illuminate\\Database\\Eloquent\\Model.php(2144): Illuminate\\Database\\Eloquent\\Model->__call('create', Array)
#15 F:\\.My Projects\\Databse\\Attendance_Management_System\\database\\seeders\\DatabaseSeeder.php(20): Illuminate\\Database\\Eloquent\\Model::__callStatic('create', Array)
#16 F:\\.My Projects\\Databse\\Attendance_Management_System\\vendor\\laravel\\framework\\src\\Illuminate\\Container\\BoundMethod.php(36): Database\\Seeders\\DatabaseSeeder->run()
#17 F:\\.My Projects\\Databse\\Attendance_Management_System\\vendor\\laravel\\framework\\src\\Illuminate\\Container\\Util.php(40): Illuminate\\Container\\BoundMethod::Illuminate\\Container\\{closure}()
#18 F:\\.My Projects\\Databse\\Attendance_Management_System\\vendor\\laravel\\framework\\src\\Illuminate\\Container\\BoundMethod.php(93): Illuminate\\Container\\Util::unwrapIfClosure(Object(Closure))
#19 F:\\.My Projects\\Databse\\Attendance_Management_System\\vendor\\laravel\\framework\\src\\Illuminate\\Container\\BoundMethod.php(35): Illuminate\\Container\\BoundMethod::callBoundMethod(Object(Illuminate\\Foundation\\Application), Array, Object(Closure))
#20 F:\\.My Projects\\Databse\\Attendance_Management_System\\vendor\\laravel\\framework\\src\\Illuminate\\Container\\Container.php(653): Illuminate\\Container\\BoundMethod::call(Object(Illuminate\\Foundation\\Application), Array, Array, NULL)
#21 F:\\.My Projects\\Databse\\Attendance_Management_System\\vendor\\laravel\\framework\\src\\Illuminate\\Database\\Seeder.php(149): Illuminate\\Container\\Container->call(Array, Array)
#22 F:\\.My Projects\\Databse\\Attendance_Management_System\\vendor\\laravel\\framework\\src\\Illuminate\\Database\\Console\\Seeds\\SeedCommand.php(66): Illuminate\\Database\\Seeder->__invoke()
#23 F:\\.My Projects\\Databse\\Attendance_Management_System\\vendor\\laravel\\framework\\src\\Illuminate\\Database\\Eloquent\\Concerns\\GuardsAttributes.php(157): Illuminate\\Database\\Console\\Seeds\\SeedCommand->Illuminate\\Database\\Console\\Seeds\\{closure}()
#24 F:\\.My Projects\\Databse\\Attendance_Management_System\\vendor\\laravel\\framework\\src\\Illuminate\\Database\\Console\\Seeds\\SeedCommand.php(65): Illuminate\\Database\\Eloquent\\Model::unguarded(Object(Closure))
#25 F:\\.My Projects\\Databse\\Attendance_Management_System\\vendor\\laravel\\framework\\src\\Illuminate\\Container\\BoundMethod.php(36): Illuminate\\Database\\Console\\Seeds\\SeedCommand->handle()
#26 F:\\.My Projects\\Databse\\Attendance_Management_System\\vendor\\laravel\\framework\\src\\Illuminate\\Container\\Util.php(40): Illuminate\\Container\\BoundMethod::Illuminate\\Container\\{closure}()
#27 F:\\.My Projects\\Databse\\Attendance_Management_System\\vendor\\laravel\\framework\\src\\Illuminate\\Container\\BoundMethod.php(93): Illuminate\\Container\\Util::unwrapIfClosure(Object(Closure))
#28 F:\\.My Projects\\Databse\\Attendance_Management_System\\vendor\\laravel\\framework\\src\\Illuminate\\Container\\BoundMethod.php(35): Illuminate\\Container\\BoundMethod::callBoundMethod(Object(Illuminate\\Foundation\\Application), Array, Object(Closure))
#29 F:\\.My Projects\\Databse\\Attendance_Management_System\\vendor\\laravel\\framework\\src\\Illuminate\\Container\\Container.php(653): Illuminate\\Container\\BoundMethod::call(Object(Illuminate\\Foundation\\Application), Array, Array, NULL)
#30 F:\\.My Projects\\Databse\\Attendance_Management_System\\vendor\\laravel\\framework\\src\\Illuminate\\Console\\Command.php(136): Illuminate\\Container\\Container->call(Array)
#31 F:\\.My Projects\\Databse\\Attendance_Management_System\\vendor\\symfony\\console\\Command\\Command.php(298): Illuminate\\Console\\Command->execute(Object(Symfony\\Component\\Console\\Input\\ArgvInput), Object(Illuminate\\Console\\OutputStyle))
#32 F:\\.My Projects\\Databse\\Attendance_Management_System\\vendor\\laravel\\framework\\src\\Illuminate\\Console\\Command.php(120): Symfony\\Component\\Console\\Command\\Command->run(Object(Symfony\\Component\\Console\\Input\\ArgvInput), Object(Illuminate\\Console\\OutputStyle))
#33 F:\\.My Projects\\Databse\\Attendance_Management_System\\vendor\\symfony\\console\\Application.php(1040): Illuminate\\Console\\Command->run(Object(Symfony\\Component\\Console\\Input\\ArgvInput), Object(Symfony\\Component\\Console\\Output\\ConsoleOutput))
#34 F:\\.My Projects\\Databse\\Attendance_Management_System\\vendor\\symfony\\console\\Application.php(301): Symfony\\Component\\Console\\Application->doRunCommand(Object(Illuminate\\Database\\Console\\Seeds\\SeedCommand), Object(Symfony\\Component\\Console\\Input\\ArgvInput), Object(Symfony\\Component\\Console\\Output\\ConsoleOutput))
#35 F:\\.My Projects\\Databse\\Attendance_Management_System\\vendor\\symfony\\console\\Application.php(171): Symfony\\Component\\Console\\Application->doRun(Object(Symfony\\Component\\Console\\Input\\ArgvInput), Object(Symfony\\Component\\Console\\Output\\ConsoleOutput))
#36 F:\\.My Projects\\Databse\\Attendance_Management_System\\vendor\\laravel\\framework\\src\\Illuminate\\Console\\Application.php(94): Symfony\\Component\\Console\\Application->run(Object(Symfony\\Component\\Console\\Input\\ArgvInput), Object(Symfony\\Component\\Console\\Output\\ConsoleOutput))
#37 F:\\.My Projects\\Databse\\Attendance_Management_System\\vendor\\laravel\\framework\\src\\Illuminate\\Foundation\\Console\\Kernel.php(129): Illuminate\\Console\\Application->run(Object(Symfony\\Component\\Console\\Input\\ArgvInput), Object(Symfony\\Component\\Console\\Output\\ConsoleOutput))
#38 F:\\.My Projects\\Databse\\Attendance_Management_System\\artisan(35): Illuminate\\Foundation\\Console\\Kernel->handle(Object(Symfony\\Component\\Console\\Input\\ArgvInput), Object(Symfony\\Component\\Console\\Output\\ConsoleOutput))
#39 {main}

[previous exception] [object] (PDOException(code: 23000): SQLSTATE[23000]: Integrity constraint violation: 1062 Duplicate entry 'admin@ams.com' for key 'users.users_email_unique' at F:\\.My Projects\\Databse\\Attendance_Management_System\\vendor\\laravel\\framework\\src\\Illuminate\\Database\\Connection.php:501)
[stacktrace]
#0 F:\\.My Projects\\Databse\\Attendance_Management_System\\vendor\\laravel\\framework\\src\\Illuminate\\Database\\Connection.php(501): PDOStatement->execute()
#1 F:\\.My Projects\\Databse\\Attendance_Management_System\\vendor\\laravel\\framework\\src\\Illuminate\\Database\\Connection.php(705): Illuminate\\Database\\Connection->Illuminate\\Database\\{closure}('insert into `us...', Array)
#2 F:\\.My Projects\\Databse\\Attendance_Management_System\\vendor\\laravel\\framework\\src\\Illuminate\\Database\\Connection.php(672): Illuminate\\Database\\Connection->runQueryCallback('insert into `us...', Array, Object(Closure))
#3 F:\\.My Projects\\Databse\\Attendance_Management_System\\vendor\\laravel\\framework\\src\\Illuminate\\Database\\Connection.php(490): Illuminate\\Database\\Connection->run('insert into `us...', Array, Object(Closure))
#4 F:\\.My Projects\\Databse\\Attendance_Management_System\\vendor\\laravel\\framework\\src\\Illuminate\\Database\\Connection.php(454): Illuminate\\Database\\Connection->statement('insert into `us...', Array)
#5 F:\\.My Projects\\Databse\\Attendance_Management_System\\vendor\\laravel\\framework\\src\\Illuminate\\Database\\Query\\Processors\\Processor.php(32): Illuminate\\Database\\Connection->insert('insert into `us...', Array)
#6 F:\\.My Projects\\Databse\\Attendance_Management_System\\vendor\\laravel\\framework\\src\\Illuminate\\Database\\Query\\Builder.php(3028): Illuminate\\Database\\Query\\Processors\\Processor->processInsertGetId(Object(Illuminate\\Database\\Query\\Builder), 'insert into `us...', Array, 'id')
#7 F:\\.My Projects\\Databse\\Attendance_Management_System\\vendor\\laravel\\framework\\src\\Illuminate\\Database\\Eloquent\\Builder.php(1657): Illuminate\\Database\\Query\\Builder->insertGetId(Array, 'id')
#8 F:\\.My Projects\\Databse\\Attendance_Management_System\\vendor\\laravel\\framework\\src\\Illuminate\\Database\\Eloquent\\Model.php(1188): Illuminate\\Database\\Eloquent\\Builder->__call('insertGetId', Array)
#9 F:\\.My Projects\\Databse\\Attendance_Management_System\\vendor\\laravel\\framework\\src\\Illuminate\\Database\\Eloquent\\Model.php(1153): Illuminate\\Database\\Eloquent\\Model->insertAndSetId(Object(Illuminate\\Database\\Eloquent\\Builder), Array)
#10 F:\\.My Projects\\Databse\\Attendance_Management_System\\vendor\\laravel\\framework\\src\\Illuminate\\Database\\Eloquent\\Model.php(994): Illuminate\\Database\\Eloquent\\Model->performInsert(Object(Illuminate\\Database\\Eloquent\\Builder))
#11 F:\\.My Projects\\Databse\\Attendance_Management_System\\vendor\\laravel\\framework\\src\\Illuminate\\Database\\Eloquent\\Builder.php(896): Illuminate\\Database\\Eloquent\\Model->save()
#12 F:\\.My Projects\\Databse\\Attendance_Management_System\\vendor\\laravel\\framework\\src\\Illuminate\\Support\\helpers.php(263): Illuminate\\Database\\Eloquent\\Builder->Illuminate\\Database\\Eloquent\\{closure}(Object(App\\Models\\User))
#13 F:\\.My Projects\\Databse\\Attendance_Management_System\\vendor\\laravel\\framework\\src\\Illuminate\\Database\\Eloquent\\Builder.php(895): tap(Object(App\\Models\\User), Object(Closure))
#14 F:\\.My Projects\\Databse\\Attendance_Management_System\\vendor\\laravel\\framework\\src\\Illuminate\\Support\\Traits\\ForwardsCalls.php(23): Illuminate\\Database\\Eloquent\\Builder->create(Array)
#15 F:\\.My Projects\\Databse\\Attendance_Management_System\\vendor\\laravel\\framework\\src\\Illuminate\\Database\\Eloquent\\Model.php(2132): Illuminate\\Database\\Eloquent\\Model->forwardCallTo(Object(Illuminate\\Database\\Eloquent\\Builder), 'create', Array)
#16 F:\\.My Projects\\Databse\\Attendance_Management_System\\vendor\\laravel\\framework\\src\\Illuminate\\Database\\Eloquent\\Model.php(2144): Illuminate\\Database\\Eloquent\\Model->__call('create', Array)
#17 F:\\.My Projects\\Databse\\Attendance_Management_System\\database\\seeders\\DatabaseSeeder.php(20): Illuminate\\Database\\Eloquent\\Model::__callStatic('create', Array)
#18 F:\\.My Projects\\Databse\\Attendance_Management_System\\vendor\\laravel\\framework\\src\\Illuminate\\Container\\BoundMethod.php(36): Database\\Seeders\\DatabaseSeeder->run()
#19 F:\\.My Projects\\Databse\\Attendance_Management_System\\vendor\\laravel\\framework\\src\\Illuminate\\Container\\Util.php(40): Illuminate\\Container\\BoundMethod::Illuminate\\Container\\{closure}()
#20 F:\\.My Projects\\Databse\\Attendance_Management_System\\vendor\\laravel\\framework\\src\\Illuminate\\Container\\BoundMethod.php(93): Illuminate\\Container\\Util::unwrapIfClosure(Object(Closure))
#21 F:\\.My Projects\\Databse\\Attendance_Management_System\\vendor\\laravel\\framework\\src\\Illuminate\\Container\\BoundMethod.php(35): Illuminate\\Container\\BoundMethod::callBoundMethod(Object(Illuminate\\Foundation\\Application), Array, Object(Closure))
#22 F:\\.My Projects\\Databse\\Attendance_Management_System\\vendor\\laravel\\framework\\src\\Illuminate\\Container\\Container.php(653): Illuminate\\Container\\BoundMethod::call(Object(Illuminate\\Foundation\\Application), Array, Array, NULL)
#23 F:\\.My Projects\\Databse\\Attendance_Management_System\\vendor\\laravel\\framework\\src\\Illuminate\\Database\\Seeder.php(149): Illuminate\\Container\\Container->call(Array, Array)
#24 F:\\.My Projects\\Databse\\Attendance_Management_System\\vendor\\laravel\\framework\\src\\Illuminate\\Database\\Console\\Seeds\\SeedCommand.php(66): Illuminate\\Database\\Seeder->__invoke()
#25 F:\\.My Projects\\Databse\\Attendance_Management_System\\vendor\\laravel\\framework\\src\\Illuminate\\Database\\Eloquent\\Concerns\\GuardsAttributes.php(157): Illuminate\\Database\\Console\\Seeds\\SeedCommand->Illuminate\\Database\\Console\\Seeds\\{closure}()
#26 F:\\.My Projects\\Databse\\Attendance_Management_System\\vendor\\laravel\\framework\\src\\Illuminate\\Database\\Console\\Seeds\\SeedCommand.php(65): Illuminate\\Database\\Eloquent\\Model::unguarded(Object(Closure))
#27 F:\\.My Projects\\Databse\\Attendance_Management_System\\vendor\\laravel\\framework\\src\\Illuminate\\Container\\BoundMethod.php(36): Illuminate\\Database\\Console\\Seeds\\SeedCommand->handle()
#28 F:\\.My Projects\\Databse\\Attendance_Management_System\\vendor\\laravel\\framework\\src\\Illuminate\\Container\\Util.php(40): Illuminate\\Container\\BoundMethod::Illuminate\\Container\\{closure}()
#29 F:\\.My Projects\\Databse\\Attendance_Management_System\\vendor\\laravel\\framework\\src\\Illuminate\\Container\\BoundMethod.php(93): Illuminate\\Container\\Util::unwrapIfClosure(Object(Closure))
#30 F:\\.My Projects\\Databse\\Attendance_Management_System\\vendor\\laravel\\framework\\src\\Illuminate\\Container\\BoundMethod.php(35): Illuminate\\Container\\BoundMethod::callBoundMethod(Object(Illuminate\\Foundation\\Application), Array, Object(Closure))
#31 F:\\.My Projects\\Databse\\Attendance_Management_System\\vendor\\laravel\\framework\\src\\Illuminate\\Container\\Container.php(653): Illuminate\\Container\\BoundMethod::call(Object(Illuminate\\Foundation\\Application), Array, Array, NULL)
#32 F:\\.My Projects\\Databse\\Attendance_Management_System\\vendor\\laravel\\framework\\src\\Illuminate\\Console\\Command.php(136): Illuminate\\Container\\Container->call(Array)
#33 F:\\.My Projects\\Databse\\Attendance_Management_System\\vendor\\symfony\\console\\Command\\Command.php(298): Illuminate\\Console\\Command->execute(Object(Symfony\\Component\\Console\\Input\\ArgvInput), Object(Illuminate\\Console\\OutputStyle))
#34 F:\\.My Projects\\Databse\\Attendance_Management_System\\vendor\\laravel\\framework\\src\\Illuminate\\Console\\Command.php(120): Symfony\\Component\\Console\\Command\\Command->run(Object(Symfony\\Component\\Console\\Input\\ArgvInput), Object(Illuminate\\Console\\OutputStyle))
#35 F:\\.My Projects\\Databse\\Attendance_Management_System\\vendor\\symfony\\console\\Application.php(1040): Illuminate\\Console\\Command->run(Object(Symfony\\Component\\Console\\Input\\ArgvInput), Object(Symfony\\Component\\Console\\Output\\ConsoleOutput))
#36 F:\\.My Projects\\Databse\\Attendance_Management_System\\vendor\\symfony\\console\\Application.php(301): Symfony\\Component\\Console\\Application->doRunCommand(Object(Illuminate\\Database\\Console\\Seeds\\SeedCommand), Object(Symfony\\Component\\Console\\Input\\ArgvInput), Object(Symfony\\Component\\Console\\Output\\ConsoleOutput))
#37 F:\\.My Projects\\Databse\\Attendance_Management_System\\vendor\\symfony\\console\\Application.php(171): Symfony\\Component\\Console\\Application->doRun(Object(Symfony\\Component\\Console\\Input\\ArgvInput), Object(Symfony\\Component\\Console\\Output\\ConsoleOutput))
#38 F:\\.My Projects\\Databse\\Attendance_Management_System\\vendor\\laravel\\framework\\src\\Illuminate\\Console\\Application.php(94): Symfony\\Component\\Console\\Application->run(Object(Symfony\\Component\\Console\\Input\\ArgvInput), Object(Symfony\\Component\\Console\\Output\\ConsoleOutput))
#39 F:\\.My Projects\\Databse\\Attendance_Management_System\\vendor\\laravel\\framework\\src\\Illuminate\\Foundation\\Console\\Kernel.php(129): Illuminate\\Console\\Application->run(Object(Symfony\\Component\\Console\\Input\\ArgvInput), Object(Symfony\\Component\\Console\\Output\\ConsoleOutput))
#40 F:\\.My Projects\\Databse\\Attendance_Management_System\\artisan(35): Illuminate\\Foundation\\Console\\Kernel->handle(Object(Symfony\\Component\\Console\\Input\\ArgvInput), Object(Symfony\\Component\\Console\\Output\\ConsoleOutput))
#41 {main}
"} 
[2025-05-01 13:13:54] local.ERROR: SQLSTATE[HY000] [2002] No connection could be made because the target machine actively refused it (SQL: select * from `users` where `id` = 1 limit 1) (View: F:\.My Projects\Databse\Attendance_Management_System\resources\views\welcome.blade.php) {"view":{"view":"F:\\.My Projects\\Databse\\Attendance_Management_System\\vendor\\laravel\\framework\\src\\Illuminate\\Database\\Connection.php","data":[]},"exception":"[object] (Facade\\Ignition\\Exceptions\\ViewException(code: 0): SQLSTATE[HY000] [2002] No connection could be made because the target machine actively refused it (SQL: select * from `users` where `id` = 1 limit 1) (View: F:\\.My Projects\\Databse\\Attendance_Management_System\\resources\\views\\welcome.blade.php) at F:\\.My Projects\\Databse\\Attendance_Management_System\\vendor\\laravel\\framework\\src\\Illuminate\\Database\\Connection.php:712)
[stacktrace]
#0 F:\\.My Projects\\Databse\\Attendance_Management_System\\vendor\\laravel\\framework\\src\\Illuminate\\Database\\Connection.php(672): Illuminate\\Database\\Connection->runQueryCallback('select * from `...', Array, Object(Closure))
#1 F:\\.My Projects\\Databse\\Attendance_Management_System\\vendor\\laravel\\framework\\src\\Illuminate\\Database\\Connection.php(359): Illuminate\\Database\\Connection->run('select * from `...', Array, Object(Closure))
#2 F:\\.My Projects\\Databse\\Attendance_Management_System\\vendor\\laravel\\framework\\src\\Illuminate\\Database\\Query\\Builder.php(2413): Illuminate\\Database\\Connection->select('select * from `...', Array, true)
#3 F:\\.My Projects\\Databse\\Attendance_Management_System\\vendor\\laravel\\framework\\src\\Illuminate\\Database\\Query\\Builder.php(2402): Illuminate\\Database\\Query\\Builder->runSelect()
#4 F:\\.My Projects\\Databse\\Attendance_Management_System\\vendor\\laravel\\framework\\src\\Illuminate\\Database\\Query\\Builder.php(2936): Illuminate\\Database\\Query\\Builder->Illuminate\\Database\\Query\\{closure}()
#5 F:\\.My Projects\\Databse\\Attendance_Management_System\\vendor\\laravel\\framework\\src\\Illuminate\\Database\\Query\\Builder.php(2401): Illuminate\\Database\\Query\\Builder->onceWithColumns(Array, Object(Closure))
#6 F:\\.My Projects\\Databse\\Attendance_Management_System\\vendor\\laravel\\framework\\src\\Illuminate\\Database\\Eloquent\\Builder.php(625): Illuminate\\Database\\Query\\Builder->get(Array)
#7 F:\\.My Projects\\Databse\\Attendance_Management_System\\vendor\\laravel\\framework\\src\\Illuminate\\Database\\Eloquent\\Builder.php(609): Illuminate\\Database\\Eloquent\\Builder->getModels(Array)
#8 F:\\.My Projects\\Databse\\Attendance_Management_System\\vendor\\laravel\\framework\\src\\Illuminate\\Database\\Concerns\\BuildsQueries.php(294): Illuminate\\Database\\Eloquent\\Builder->get(Array)
#9 F:\\.My Projects\\Databse\\Attendance_Management_System\\vendor\\laravel\\framework\\src\\Illuminate\\Auth\\EloquentUserProvider.php(53): Illuminate\\Database\\Eloquent\\Builder->first()
#10 F:\\.My Projects\\Databse\\Attendance_Management_System\\vendor\\laravel\\framework\\src\\Illuminate\\Auth\\SessionGuard.php(159): Illuminate\\Auth\\EloquentUserProvider->retrieveById(1)
#11 F:\\.My Projects\\Databse\\Attendance_Management_System\\vendor\\laravel\\framework\\src\\Illuminate\\Auth\\GuardHelpers.php(60): Illuminate\\Auth\\SessionGuard->user()
#12 F:\\.My Projects\\Databse\\Attendance_Management_System\\resources\\views/welcome.blade.php(6): Illuminate\\Auth\\SessionGuard->check()
#13 F:\\.My Projects\\Databse\\Attendance_Management_System\\vendor\\laravel\\framework\\src\\Illuminate\\Filesystem\\Filesystem.php(107): require('F:\\\\.My Projects...')
#14 F:\\.My Projects\\Databse\\Attendance_Management_System\\vendor\\laravel\\framework\\src\\Illuminate\\Filesystem\\Filesystem.php(108): Illuminate\\Filesystem\\Filesystem::Illuminate\\Filesystem\\{closure}()
#15 F:\\.My Projects\\Databse\\Attendance_Management_System\\vendor\\laravel\\framework\\src\\Illuminate\\View\\Engines\\PhpEngine.php(58): Illuminate\\Filesystem\\Filesystem->getRequire('F:\\\\.My Projects...', Array)
#16 F:\\.My Projects\\Databse\\Attendance_Management_System\\vendor\\laravel\\framework\\src\\Illuminate\\View\\Engines\\CompilerEngine.php(61): Illuminate\\View\\Engines\\PhpEngine->evaluatePath('F:\\\\.My Projects...', Array)
#17 F:\\.My Projects\\Databse\\Attendance_Management_System\\vendor\\facade\\ignition\\src\\Views\\Engines\\CompilerEngine.php(37): Illuminate\\View\\Engines\\CompilerEngine->get('F:\\\\.My Projects...', Array)
#18 F:\\.My Projects\\Databse\\Attendance_Management_System\\vendor\\laravel\\framework\\src\\Illuminate\\View\\View.php(139): Facade\\Ignition\\Views\\Engines\\CompilerEngine->get('F:\\\\.My Projects...', Array)
#19 F:\\.My Projects\\Databse\\Attendance_Management_System\\vendor\\laravel\\framework\\src\\Illuminate\\View\\View.php(122): Illuminate\\View\\View->getContents()
#20 F:\\.My Projects\\Databse\\Attendance_Management_System\\vendor\\laravel\\framework\\src\\Illuminate\\View\\View.php(91): Illuminate\\View\\View->renderContents()
#21 F:\\.My Projects\\Databse\\Attendance_Management_System\\vendor\\laravel\\framework\\src\\Illuminate\\Http\\Response.php(69): Illuminate\\View\\View->render()
#22 F:\\.My Projects\\Databse\\Attendance_Management_System\\vendor\\laravel\\framework\\src\\Illuminate\\Http\\Response.php(35): Illuminate\\Http\\Response->setContent(Object(Illuminate\\View\\View))
#23 F:\\.My Projects\\Databse\\Attendance_Management_System\\vendor\\laravel\\framework\\src\\Illuminate\\Routing\\Router.php(820): Illuminate\\Http\\Response->__construct(Object(Illuminate\\View\\View), 200, Array)
#24 F:\\.My Projects\\Databse\\Attendance_Management_System\\vendor\\laravel\\framework\\src\\Illuminate\\Routing\\Router.php(789): Illuminate\\Routing\\Router::toResponse(Object(Illuminate\\Http\\Request), Object(Illuminate\\View\\View))
#25 F:\\.My Projects\\Databse\\Attendance_Management_System\\vendor\\laravel\\framework\\src\\Illuminate\\Routing\\Router.php(720): Illuminate\\Routing\\Router->prepareResponse(Object(Illuminate\\Http\\Request), Object(Illuminate\\View\\View))
#26 F:\\.My Projects\\Databse\\Attendance_Management_System\\vendor\\laravel\\framework\\src\\Illuminate\\Pipeline\\Pipeline.php(128): Illuminate\\Routing\\Router->Illuminate\\Routing\\{closure}(Object(Illuminate\\Http\\Request))
#27 F:\\.My Projects\\Databse\\Attendance_Management_System\\vendor\\laravel\\framework\\src\\Illuminate\\Routing\\Middleware\\SubstituteBindings.php(50): Illuminate\\Pipeline\\Pipeline->Illuminate\\Pipeline\\{closure}(Object(Illuminate\\Http\\Request))
#28 F:\\.My Projects\\Databse\\Attendance_Management_System\\vendor\\laravel\\framework\\src\\Illuminate\\Pipeline\\Pipeline.php(167): Illuminate\\Routing\\Middleware\\SubstituteBindings->handle(Object(Illuminate\\Http\\Request), Object(Closure))
#29 F:\\.My Projects\\Databse\\Attendance_Management_System\\vendor\\laravel\\framework\\src\\Illuminate\\Foundation\\Http\\Middleware\\VerifyCsrfToken.php(78): Illuminate\\Pipeline\\Pipeline->Illuminate\\Pipeline\\{closure}(Object(Illuminate\\Http\\Request))
#30 F:\\.My Projects\\Databse\\Attendance_Management_System\\vendor\\laravel\\framework\\src\\Illuminate\\Pipeline\\Pipeline.php(167): Illuminate\\Foundation\\Http\\Middleware\\VerifyCsrfToken->handle(Object(Illuminate\\Http\\Request), Object(Closure))
#31 F:\\.My Projects\\Databse\\Attendance_Management_System\\vendor\\laravel\\framework\\src\\Illuminate\\View\\Middleware\\ShareErrorsFromSession.php(49): Illuminate\\Pipeline\\Pipeline->Illuminate\\Pipeline\\{closure}(Object(Illuminate\\Http\\Request))
#32 F:\\.My Projects\\Databse\\Attendance_Management_System\\vendor\\laravel\\framework\\src\\Illuminate\\Pipeline\\Pipeline.php(167): Illuminate\\View\\Middleware\\ShareErrorsFromSession->handle(Object(Illuminate\\Http\\Request), Object(Closure))
#33 F:\\.My Projects\\Databse\\Attendance_Management_System\\vendor\\laravel\\framework\\src\\Illuminate\\Session\\Middleware\\StartSession.php(121): Illuminate\\Pipeline\\Pipeline->Illuminate\\Pipeline\\{closure}(Object(Illuminate\\Http\\Request))
#34 F:\\.My Projects\\Databse\\Attendance_Management_System\\vendor\\laravel\\framework\\src\\Illuminate\\Session\\Middleware\\StartSession.php(64): Illuminate\\Session\\Middleware\\StartSession->handleStatefulRequest(Object(Illuminate\\Http\\Request), Object(Illuminate\\Session\\Store), Object(Closure))
#35 F:\\.My Projects\\Databse\\Attendance_Management_System\\vendor\\laravel\\framework\\src\\Illuminate\\Pipeline\\Pipeline.php(167): Illuminate\\Session\\Middleware\\StartSession->handle(Object(Illuminate\\Http\\Request), Object(Closure))
#36 F:\\.My Projects\\Databse\\Attendance_Management_System\\vendor\\laravel\\framework\\src\\Illuminate\\Cookie\\Middleware\\AddQueuedCookiesToResponse.php(37): Illuminate\\Pipeline\\Pipeline->Illuminate\\Pipeline\\{closure}(Object(Illuminate\\Http\\Request))
#37 F:\\.My Projects\\Databse\\Attendance_Management_System\\vendor\\laravel\\framework\\src\\Illuminate\\Pipeline\\Pipeline.php(167): Illuminate\\Cookie\\Middleware\\AddQueuedCookiesToResponse->handle(Object(Illuminate\\Http\\Request), Object(Closure))
#38 F:\\.My Projects\\Databse\\Attendance_Management_System\\vendor\\laravel\\framework\\src\\Illuminate\\Cookie\\Middleware\\EncryptCookies.php(67): Illuminate\\Pipeline\\Pipeline->Illuminate\\Pipeline\\{closure}(Object(Illuminate\\Http\\Request))
#39 F:\\.My Projects\\Databse\\Attendance_Management_System\\vendor\\laravel\\framework\\src\\Illuminate\\Pipeline\\Pipeline.php(167): Illuminate\\Cookie\\Middleware\\EncryptCookies->handle(Object(Illuminate\\Http\\Request), Object(Closure))
#40 F:\\.My Projects\\Databse\\Attendance_Management_System\\vendor\\laravel\\framework\\src\\Illuminate\\Pipeline\\Pipeline.php(103): Illuminate\\Pipeline\\Pipeline->Illuminate\\Pipeline\\{closure}(Object(Illuminate\\Http\\Request))
#41 F:\\.My Projects\\Databse\\Attendance_Management_System\\vendor\\laravel\\framework\\src\\Illuminate\\Routing\\Router.php(719): Illuminate\\Pipeline\\Pipeline->then(Object(Closure))
#42 F:\\.My Projects\\Databse\\Attendance_Management_System\\vendor\\laravel\\framework\\src\\Illuminate\\Routing\\Router.php(698): Illuminate\\Routing\\Router->runRouteWithinStack(Object(Illuminate\\Routing\\Route), Object(Illuminate\\Http\\Request))
#43 F:\\.My Projects\\Databse\\Attendance_Management_System\\vendor\\laravel\\framework\\src\\Illuminate\\Routing\\Router.php(662): Illuminate\\Routing\\Router->runRoute(Object(Illuminate\\Http\\Request), Object(Illuminate\\Routing\\Route))
#44 F:\\.My Projects\\Databse\\Attendance_Management_System\\vendor\\laravel\\framework\\src\\Illuminate\\Routing\\Router.php(651): Illuminate\\Routing\\Router->dispatchToRoute(Object(Illuminate\\Http\\Request))
#45 F:\\.My Projects\\Databse\\Attendance_Management_System\\vendor\\laravel\\framework\\src\\Illuminate\\Foundation\\Http\\Kernel.php(167): Illuminate\\Routing\\Router->dispatch(Object(Illuminate\\Http\\Request))
#46 F:\\.My Projects\\Databse\\Attendance_Management_System\\vendor\\laravel\\framework\\src\\Illuminate\\Pipeline\\Pipeline.php(128): Illuminate\\Foundation\\Http\\Kernel->Illuminate\\Foundation\\Http\\{closure}(Object(Illuminate\\Http\\Request))
#47 F:\\.My Projects\\Databse\\Attendance_Management_System\\vendor\\laravel\\framework\\src\\Illuminate\\Foundation\\Http\\Middleware\\TransformsRequest.php(21): Illuminate\\Pipeline\\Pipeline->Illuminate\\Pipeline\\{closure}(Object(Illuminate\\Http\\Request))
#48 F:\\.My Projects\\Databse\\Attendance_Management_System\\vendor\\laravel\\framework\\src\\Illuminate\\Foundation\\Http\\Middleware\\ConvertEmptyStringsToNull.php(31): Illuminate\\Foundation\\Http\\Middleware\\TransformsRequest->handle(Object(Illuminate\\Http\\Request), Object(Closure))
#49 F:\\.My Projects\\Databse\\Attendance_Management_System\\vendor\\laravel\\framework\\src\\Illuminate\\Pipeline\\Pipeline.php(167): Illuminate\\Foundation\\Http\\Middleware\\ConvertEmptyStringsToNull->handle(Object(Illuminate\\Http\\Request), Object(Closure))
#50 F:\\.My Projects\\Databse\\Attendance_Management_System\\vendor\\laravel\\framework\\src\\Illuminate\\Foundation\\Http\\Middleware\\TransformsRequest.php(21): Illuminate\\Pipeline\\Pipeline->Illuminate\\Pipeline\\{closure}(Object(Illuminate\\Http\\Request))
#51 F:\\.My Projects\\Databse\\Attendance_Management_System\\vendor\\laravel\\framework\\src\\Illuminate\\Foundation\\Http\\Middleware\\TrimStrings.php(40): Illuminate\\Foundation\\Http\\Middleware\\TransformsRequest->handle(Object(Illuminate\\Http\\Request), Object(Closure))
#52 F:\\.My Projects\\Databse\\Attendance_Management_System\\vendor\\laravel\\framework\\src\\Illuminate\\Pipeline\\Pipeline.php(167): Illuminate\\Foundation\\Http\\Middleware\\TrimStrings->handle(Object(Illuminate\\Http\\Request), Object(Closure))
#53 F:\\.My Projects\\Databse\\Attendance_Management_System\\vendor\\laravel\\framework\\src\\Illuminate\\Foundation\\Http\\Middleware\\ValidatePostSize.php(27): Illuminate\\Pipeline\\Pipeline->Illuminate\\Pipeline\\{closure}(Object(Illuminate\\Http\\Request))
#54 F:\\.My Projects\\Databse\\Attendance_Management_System\\vendor\\laravel\\framework\\src\\Illuminate\\Pipeline\\Pipeline.php(167): Illuminate\\Foundation\\Http\\Middleware\\ValidatePostSize->handle(Object(Illuminate\\Http\\Request), Object(Closure))
#55 F:\\.My Projects\\Databse\\Attendance_Management_System\\vendor\\laravel\\framework\\src\\Illuminate\\Foundation\\Http\\Middleware\\PreventRequestsDuringMaintenance.php(86): Illuminate\\Pipeline\\Pipeline->Illuminate\\Pipeline\\{closure}(Object(Illuminate\\Http\\Request))
#56 F:\\.My Projects\\Databse\\Attendance_Management_System\\vendor\\laravel\\framework\\src\\Illuminate\\Pipeline\\Pipeline.php(167): Illuminate\\Foundation\\Http\\Middleware\\PreventRequestsDuringMaintenance->handle(Object(Illuminate\\Http\\Request), Object(Closure))
#57 F:\\.My Projects\\Databse\\Attendance_Management_System\\vendor\\fruitcake\\laravel-cors\\src\\HandleCors.php(38): Illuminate\\Pipeline\\Pipeline->Illuminate\\Pipeline\\{closure}(Object(Illuminate\\Http\\Request))
#58 F:\\.My Projects\\Databse\\Attendance_Management_System\\vendor\\laravel\\framework\\src\\Illuminate\\Pipeline\\Pipeline.php(167): Fruitcake\\Cors\\HandleCors->handle(Object(Illuminate\\Http\\Request), Object(Closure))
#59 F:\\.My Projects\\Databse\\Attendance_Management_System\\vendor\\laravel\\framework\\src\\Illuminate\\Http\\Middleware\\TrustProxies.php(39): Illuminate\\Pipeline\\Pipeline->Illuminate\\Pipeline\\{closure}(Object(Illuminate\\Http\\Request))
#60 F:\\.My Projects\\Databse\\Attendance_Management_System\\vendor\\laravel\\framework\\src\\Illuminate\\Pipeline\\Pipeline.php(167): Illuminate\\Http\\Middleware\\TrustProxies->handle(Object(Illuminate\\Http\\Request), Object(Closure))
#61 F:\\.My Projects\\Databse\\Attendance_Management_System\\vendor\\laravel\\framework\\src\\Illuminate\\Pipeline\\Pipeline.php(103): Illuminate\\Pipeline\\Pipeline->Illuminate\\Pipeline\\{closure}(Object(Illuminate\\Http\\Request))
#62 F:\\.My Projects\\Databse\\Attendance_Management_System\\vendor\\laravel\\framework\\src\\Illuminate\\Foundation\\Http\\Kernel.php(142): Illuminate\\Pipeline\\Pipeline->then(Object(Closure))
#63 F:\\.My Projects\\Databse\\Attendance_Management_System\\vendor\\laravel\\framework\\src\\Illuminate\\Foundation\\Http\\Kernel.php(111): Illuminate\\Foundation\\Http\\Kernel->sendRequestThroughRouter(Object(Illuminate\\Http\\Request))
#64 F:\\.My Projects\\Databse\\Attendance_Management_System\\public\\index.php(54): Illuminate\\Foundation\\Http\\Kernel->handle(Object(Illuminate\\Http\\Request))
#65 F:\\.My Projects\\Databse\\Attendance_Management_System\\server.php(21): require_once('F:\\\\.My Projects...')
#66 {main}

[previous exception] [object] (Illuminate\\Database\\QueryException(code: 2002): SQLSTATE[HY000] [2002] No connection could be made because the target machine actively refused it (SQL: select * from `users` where `id` = 1 limit 1) at F:\\.My Projects\\Databse\\Attendance_Management_System\\vendor\\laravel\\framework\\src\\Illuminate\\Database\\Connection.php:712)
[stacktrace]
#0 F:\\.My Projects\\Databse\\Attendance_Management_System\\vendor\\laravel\\framework\\src\\Illuminate\\Database\\Connection.php(672): Illuminate\\Database\\Connection->runQueryCallback('select * from `...', Array, Object(Closure))
#1 F:\\.My Projects\\Databse\\Attendance_Management_System\\vendor\\laravel\\framework\\src\\Illuminate\\Database\\Connection.php(359): Illuminate\\Database\\Connection->run('select * from `...', Array, Object(Closure))
#2 F:\\.My Projects\\Databse\\Attendance_Management_System\\vendor\\laravel\\framework\\src\\Illuminate\\Database\\Query\\Builder.php(2413): Illuminate\\Database\\Connection->select('select * from `...', Array, true)
#3 F:\\.My Projects\\Databse\\Attendance_Management_System\\vendor\\laravel\\framework\\src\\Illuminate\\Database\\Query\\Builder.php(2402): Illuminate\\Database\\Query\\Builder->runSelect()
#4 F:\\.My Projects\\Databse\\Attendance_Management_System\\vendor\\laravel\\framework\\src\\Illuminate\\Database\\Query\\Builder.php(2936): Illuminate\\Database\\Query\\Builder->Illuminate\\Database\\Query\\{closure}()
#5 F:\\.My Projects\\Databse\\Attendance_Management_System\\vendor\\laravel\\framework\\src\\Illuminate\\Database\\Query\\Builder.php(2401): Illuminate\\Database\\Query\\Builder->onceWithColumns(Array, Object(Closure))
#6 F:\\.My Projects\\Databse\\Attendance_Management_System\\vendor\\laravel\\framework\\src\\Illuminate\\Database\\Eloquent\\Builder.php(625): Illuminate\\Database\\Query\\Builder->get(Array)
#7 F:\\.My Projects\\Databse\\Attendance_Management_System\\vendor\\laravel\\framework\\src\\Illuminate\\Database\\Eloquent\\Builder.php(609): Illuminate\\Database\\Eloquent\\Builder->getModels(Array)
#8 F:\\.My Projects\\Databse\\Attendance_Management_System\\vendor\\laravel\\framework\\src\\Illuminate\\Database\\Concerns\\BuildsQueries.php(294): Illuminate\\Database\\Eloquent\\Builder->get(Array)
#9 F:\\.My Projects\\Databse\\Attendance_Management_System\\vendor\\laravel\\framework\\src\\Illuminate\\Auth\\EloquentUserProvider.php(53): Illuminate\\Database\\Eloquent\\Builder->first()
#10 F:\\.My Projects\\Databse\\Attendance_Management_System\\vendor\\laravel\\framework\\src\\Illuminate\\Auth\\SessionGuard.php(159): Illuminate\\Auth\\EloquentUserProvider->retrieveById(1)
#11 F:\\.My Projects\\Databse\\Attendance_Management_System\\vendor\\laravel\\framework\\src\\Illuminate\\Auth\\GuardHelpers.php(60): Illuminate\\Auth\\SessionGuard->user()
#12 F:\\.My Projects\\Databse\\Attendance_Management_System\\storage\\framework\\views\\1f5f93e2d57159b8be9e60f946248c836725e606.php(6): Illuminate\\Auth\\SessionGuard->check()
#13 F:\\.My Projects\\Databse\\Attendance_Management_System\\vendor\\laravel\\framework\\src\\Illuminate\\Filesystem\\Filesystem.php(107): require('F:\\\\.My Projects...')
#14 F:\\.My Projects\\Databse\\Attendance_Management_System\\vendor\\laravel\\framework\\src\\Illuminate\\Filesystem\\Filesystem.php(108): Illuminate\\Filesystem\\Filesystem::Illuminate\\Filesystem\\{closure}()
#15 F:\\.My Projects\\Databse\\Attendance_Management_System\\vendor\\laravel\\framework\\src\\Illuminate\\View\\Engines\\PhpEngine.php(58): Illuminate\\Filesystem\\Filesystem->getRequire('F:\\\\.My Projects...', Array)
#16 F:\\.My Projects\\Databse\\Attendance_Management_System\\vendor\\laravel\\framework\\src\\Illuminate\\View\\Engines\\CompilerEngine.php(61): Illuminate\\View\\Engines\\PhpEngine->evaluatePath('F:\\\\.My Projects...', Array)
#17 F:\\.My Projects\\Databse\\Attendance_Management_System\\vendor\\facade\\ignition\\src\\Views\\Engines\\CompilerEngine.php(37): Illuminate\\View\\Engines\\CompilerEngine->get('F:\\\\.My Projects...', Array)
#18 F:\\.My Projects\\Databse\\Attendance_Management_System\\vendor\\laravel\\framework\\src\\Illuminate\\View\\View.php(139): Facade\\Ignition\\Views\\Engines\\CompilerEngine->get('F:\\\\.My Projects...', Array)
#19 F:\\.My Projects\\Databse\\Attendance_Management_System\\vendor\\laravel\\framework\\src\\Illuminate\\View\\View.php(122): Illuminate\\View\\View->getContents()
#20 F:\\.My Projects\\Databse\\Attendance_Management_System\\vendor\\laravel\\framework\\src\\Illuminate\\View\\View.php(91): Illuminate\\View\\View->renderContents()
#21 F:\\.My Projects\\Databse\\Attendance_Management_System\\vendor\\laravel\\framework\\src\\Illuminate\\Http\\Response.php(69): Illuminate\\View\\View->render()
#22 F:\\.My Projects\\Databse\\Attendance_Management_System\\vendor\\laravel\\framework\\src\\Illuminate\\Http\\Response.php(35): Illuminate\\Http\\Response->setContent(Object(Illuminate\\View\\View))
#23 F:\\.My Projects\\Databse\\Attendance_Management_System\\vendor\\laravel\\framework\\src\\Illuminate\\Routing\\Router.php(820): Illuminate\\Http\\Response->__construct(Object(Illuminate\\View\\View), 200, Array)
#24 F:\\.My Projects\\Databse\\Attendance_Management_System\\vendor\\laravel\\framework\\src\\Illuminate\\Routing\\Router.php(789): Illuminate\\Routing\\Router::toResponse(Object(Illuminate\\Http\\Request), Object(Illuminate\\View\\View))
#25 F:\\.My Projects\\Databse\\Attendance_Management_System\\vendor\\laravel\\framework\\src\\Illuminate\\Routing\\Router.php(720): Illuminate\\Routing\\Router->prepareResponse(Object(Illuminate\\Http\\Request), Object(Illuminate\\View\\View))
#26 F:\\.My Projects\\Databse\\Attendance_Management_System\\vendor\\laravel\\framework\\src\\Illuminate\\Pipeline\\Pipeline.php(128): Illuminate\\Routing\\Router->Illuminate\\Routing\\{closure}(Object(Illuminate\\Http\\Request))
#27 F:\\.My Projects\\Databse\\Attendance_Management_System\\vendor\\laravel\\framework\\src\\Illuminate\\Routing\\Middleware\\SubstituteBindings.php(50): Illuminate\\Pipeline\\Pipeline->Illuminate\\Pipeline\\{closure}(Object(Illuminate\\Http\\Request))
#28 F:\\.My Projects\\Databse\\Attendance_Management_System\\vendor\\laravel\\framework\\src\\Illuminate\\Pipeline\\Pipeline.php(167): Illuminate\\Routing\\Middleware\\SubstituteBindings->handle(Object(Illuminate\\Http\\Request), Object(Closure))
#29 F:\\.My Projects\\Databse\\Attendance_Management_System\\vendor\\laravel\\framework\\src\\Illuminate\\Foundation\\Http\\Middleware\\VerifyCsrfToken.php(78): Illuminate\\Pipeline\\Pipeline->Illuminate\\Pipeline\\{closure}(Object(Illuminate\\Http\\Request))
#30 F:\\.My Projects\\Databse\\Attendance_Management_System\\vendor\\laravel\\framework\\src\\Illuminate\\Pipeline\\Pipeline.php(167): Illuminate\\Foundation\\Http\\Middleware\\VerifyCsrfToken->handle(Object(Illuminate\\Http\\Request), Object(Closure))
#31 F:\\.My Projects\\Databse\\Attendance_Management_System\\vendor\\laravel\\framework\\src\\Illuminate\\View\\Middleware\\ShareErrorsFromSession.php(49): Illuminate\\Pipeline\\Pipeline->Illuminate\\Pipeline\\{closure}(Object(Illuminate\\Http\\Request))
#32 F:\\.My Projects\\Databse\\Attendance_Management_System\\vendor\\laravel\\framework\\src\\Illuminate\\Pipeline\\Pipeline.php(167): Illuminate\\View\\Middleware\\ShareErrorsFromSession->handle(Object(Illuminate\\Http\\Request), Object(Closure))
#33 F:\\.My Projects\\Databse\\Attendance_Management_System\\vendor\\laravel\\framework\\src\\Illuminate\\Session\\Middleware\\StartSession.php(121): Illuminate\\Pipeline\\Pipeline->Illuminate\\Pipeline\\{closure}(Object(Illuminate\\Http\\Request))
#34 F:\\.My Projects\\Databse\\Attendance_Management_System\\vendor\\laravel\\framework\\src\\Illuminate\\Session\\Middleware\\StartSession.php(64): Illuminate\\Session\\Middleware\\StartSession->handleStatefulRequest(Object(Illuminate\\Http\\Request), Object(Illuminate\\Session\\Store), Object(Closure))
#35 F:\\.My Projects\\Databse\\Attendance_Management_System\\vendor\\laravel\\framework\\src\\Illuminate\\Pipeline\\Pipeline.php(167): Illuminate\\Session\\Middleware\\StartSession->handle(Object(Illuminate\\Http\\Request), Object(Closure))
#36 F:\\.My Projects\\Databse\\Attendance_Management_System\\vendor\\laravel\\framework\\src\\Illuminate\\Cookie\\Middleware\\AddQueuedCookiesToResponse.php(37): Illuminate\\Pipeline\\Pipeline->Illuminate\\Pipeline\\{closure}(Object(Illuminate\\Http\\Request))
#37 F:\\.My Projects\\Databse\\Attendance_Management_System\\vendor\\laravel\\framework\\src\\Illuminate\\Pipeline\\Pipeline.php(167): Illuminate\\Cookie\\Middleware\\AddQueuedCookiesToResponse->handle(Object(Illuminate\\Http\\Request), Object(Closure))
#38 F:\\.My Projects\\Databse\\Attendance_Management_System\\vendor\\laravel\\framework\\src\\Illuminate\\Cookie\\Middleware\\EncryptCookies.php(67): Illuminate\\Pipeline\\Pipeline->Illuminate\\Pipeline\\{closure}(Object(Illuminate\\Http\\Request))
#39 F:\\.My Projects\\Databse\\Attendance_Management_System\\vendor\\laravel\\framework\\src\\Illuminate\\Pipeline\\Pipeline.php(167): Illuminate\\Cookie\\Middleware\\EncryptCookies->handle(Object(Illuminate\\Http\\Request), Object(Closure))
#40 F:\\.My Projects\\Databse\\Attendance_Management_System\\vendor\\laravel\\framework\\src\\Illuminate\\Pipeline\\Pipeline.php(103): Illuminate\\Pipeline\\Pipeline->Illuminate\\Pipeline\\{closure}(Object(Illuminate\\Http\\Request))
#41 F:\\.My Projects\\Databse\\Attendance_Management_System\\vendor\\laravel\\framework\\src\\Illuminate\\Routing\\Router.php(719): Illuminate\\Pipeline\\Pipeline->then(Object(Closure))
#42 F:\\.My Projects\\Databse\\Attendance_Management_System\\vendor\\laravel\\framework\\src\\Illuminate\\Routing\\Router.php(698): Illuminate\\Routing\\Router->runRouteWithinStack(Object(Illuminate\\Routing\\Route), Object(Illuminate\\Http\\Request))
#43 F:\\.My Projects\\Databse\\Attendance_Management_System\\vendor\\laravel\\framework\\src\\Illuminate\\Routing\\Router.php(662): Illuminate\\Routing\\Router->runRoute(Object(Illuminate\\Http\\Request), Object(Illuminate\\Routing\\Route))
#44 F:\\.My Projects\\Databse\\Attendance_Management_System\\vendor\\laravel\\framework\\src\\Illuminate\\Routing\\Router.php(651): Illuminate\\Routing\\Router->dispatchToRoute(Object(Illuminate\\Http\\Request))
#45 F:\\.My Projects\\Databse\\Attendance_Management_System\\vendor\\laravel\\framework\\src\\Illuminate\\Foundation\\Http\\Kernel.php(167): Illuminate\\Routing\\Router->dispatch(Object(Illuminate\\Http\\Request))
#46 F:\\.My Projects\\Databse\\Attendance_Management_System\\vendor\\laravel\\framework\\src\\Illuminate\\Pipeline\\Pipeline.php(128): Illuminate\\Foundation\\Http\\Kernel->Illuminate\\Foundation\\Http\\{closure}(Object(Illuminate\\Http\\Request))
#47 F:\\.My Projects\\Databse\\Attendance_Management_System\\vendor\\laravel\\framework\\src\\Illuminate\\Foundation\\Http\\Middleware\\TransformsRequest.php(21): Illuminate\\Pipeline\\Pipeline->Illuminate\\Pipeline\\{closure}(Object(Illuminate\\Http\\Request))
#48 F:\\.My Projects\\Databse\\Attendance_Management_System\\vendor\\laravel\\framework\\src\\Illuminate\\Foundation\\Http\\Middleware\\ConvertEmptyStringsToNull.php(31): Illuminate\\Foundation\\Http\\Middleware\\TransformsRequest->handle(Object(Illuminate\\Http\\Request), Object(Closure))
#49 F:\\.My Projects\\Databse\\Attendance_Management_System\\vendor\\laravel\\framework\\src\\Illuminate\\Pipeline\\Pipeline.php(167): Illuminate\\Foundation\\Http\\Middleware\\ConvertEmptyStringsToNull->handle(Object(Illuminate\\Http\\Request), Object(Closure))
#50 F:\\.My Projects\\Databse\\Attendance_Management_System\\vendor\\laravel\\framework\\src\\Illuminate\\Foundation\\Http\\Middleware\\TransformsRequest.php(21): Illuminate\\Pipeline\\Pipeline->Illuminate\\Pipeline\\{closure}(Object(Illuminate\\Http\\Request))
#51 F:\\.My Projects\\Databse\\Attendance_Management_System\\vendor\\laravel\\framework\\src\\Illuminate\\Foundation\\Http\\Middleware\\TrimStrings.php(40): Illuminate\\Foundation\\Http\\Middleware\\TransformsRequest->handle(Object(Illuminate\\Http\\Request), Object(Closure))
#52 F:\\.My Projects\\Databse\\Attendance_Management_System\\vendor\\laravel\\framework\\src\\Illuminate\\Pipeline\\Pipeline.php(167): Illuminate\\Foundation\\Http\\Middleware\\TrimStrings->handle(Object(Illuminate\\Http\\Request), Object(Closure))
#53 F:\\.My Projects\\Databse\\Attendance_Management_System\\vendor\\laravel\\framework\\src\\Illuminate\\Foundation\\Http\\Middleware\\ValidatePostSize.php(27): Illuminate\\Pipeline\\Pipeline->Illuminate\\Pipeline\\{closure}(Object(Illuminate\\Http\\Request))
#54 F:\\.My Projects\\Databse\\Attendance_Management_System\\vendor\\laravel\\framework\\src\\Illuminate\\Pipeline\\Pipeline.php(167): Illuminate\\Foundation\\Http\\Middleware\\ValidatePostSize->handle(Object(Illuminate\\Http\\Request), Object(Closure))
#55 F:\\.My Projects\\Databse\\Attendance_Management_System\\vendor\\laravel\\framework\\src\\Illuminate\\Foundation\\Http\\Middleware\\PreventRequestsDuringMaintenance.php(86): Illuminate\\Pipeline\\Pipeline->Illuminate\\Pipeline\\{closure}(Object(Illuminate\\Http\\Request))
#56 F:\\.My Projects\\Databse\\Attendance_Management_System\\vendor\\laravel\\framework\\src\\Illuminate\\Pipeline\\Pipeline.php(167): Illuminate\\Foundation\\Http\\Middleware\\PreventRequestsDuringMaintenance->handle(Object(Illuminate\\Http\\Request), Object(Closure))
#57 F:\\.My Projects\\Databse\\Attendance_Management_System\\vendor\\fruitcake\\laravel-cors\\src\\HandleCors.php(38): Illuminate\\Pipeline\\Pipeline->Illuminate\\Pipeline\\{closure}(Object(Illuminate\\Http\\Request))
#58 F:\\.My Projects\\Databse\\Attendance_Management_System\\vendor\\laravel\\framework\\src\\Illuminate\\Pipeline\\Pipeline.php(167): Fruitcake\\Cors\\HandleCors->handle(Object(Illuminate\\Http\\Request), Object(Closure))
#59 F:\\.My Projects\\Databse\\Attendance_Management_System\\vendor\\laravel\\framework\\src\\Illuminate\\Http\\Middleware\\TrustProxies.php(39): Illuminate\\Pipeline\\Pipeline->Illuminate\\Pipeline\\{closure}(Object(Illuminate\\Http\\Request))
#60 F:\\.My Projects\\Databse\\Attendance_Management_System\\vendor\\laravel\\framework\\src\\Illuminate\\Pipeline\\Pipeline.php(167): Illuminate\\Http\\Middleware\\TrustProxies->handle(Object(Illuminate\\Http\\Request), Object(Closure))
#61 F:\\.My Projects\\Databse\\Attendance_Management_System\\vendor\\laravel\\framework\\src\\Illuminate\\Pipeline\\Pipeline.php(103): Illuminate\\Pipeline\\Pipeline->Illuminate\\Pipeline\\{closure}(Object(Illuminate\\Http\\Request))
#62 F:\\.My Projects\\Databse\\Attendance_Management_System\\vendor\\laravel\\framework\\src\\Illuminate\\Foundation\\Http\\Kernel.php(142): Illuminate\\Pipeline\\Pipeline->then(Object(Closure))
#63 F:\\.My Projects\\Databse\\Attendance_Management_System\\vendor\\laravel\\framework\\src\\Illuminate\\Foundation\\Http\\Kernel.php(111): Illuminate\\Foundation\\Http\\Kernel->sendRequestThroughRouter(Object(Illuminate\\Http\\Request))
#64 F:\\.My Projects\\Databse\\Attendance_Management_System\\public\\index.php(54): Illuminate\\Foundation\\Http\\Kernel->handle(Object(Illuminate\\Http\\Request))
#65 F:\\.My Projects\\Databse\\Attendance_Management_System\\server.php(21): require_once('F:\\\\.My Projects...')
#66 {main}

[previous exception] [object] (PDOException(code: 2002): SQLSTATE[HY000] [2002] No connection could be made because the target machine actively refused it at F:\\.My Projects\\Databse\\Attendance_Management_System\\vendor\\laravel\\framework\\src\\Illuminate\\Database\\Connectors\\Connector.php:70)
[stacktrace]
#0 F:\\.My Projects\\Databse\\Attendance_Management_System\\vendor\\laravel\\framework\\src\\Illuminate\\Database\\Connectors\\Connector.php(70): PDO->__construct('mysql:host=127....', 'root', Object(SensitiveParameterValue), Array)
#1 F:\\.My Projects\\Databse\\Attendance_Management_System\\vendor\\laravel\\framework\\src\\Illuminate\\Database\\Connectors\\Connector.php(45): Illuminate\\Database\\Connectors\\Connector->createPdoConnection('mysql:host=127....', 'root', '', Array)
#2 F:\\.My Projects\\Databse\\Attendance_Management_System\\vendor\\laravel\\framework\\src\\Illuminate\\Database\\Connectors\\MySqlConnector.php(24): Illuminate\\Database\\Connectors\\Connector->createConnection('mysql:host=127....', Array, Array)
#3 F:\\.My Projects\\Databse\\Attendance_Management_System\\vendor\\laravel\\framework\\src\\Illuminate\\Database\\Connectors\\ConnectionFactory.php(184): Illuminate\\Database\\Connectors\\MySqlConnector->connect(Array)
#4 [internal function]: Illuminate\\Database\\Connectors\\ConnectionFactory->Illuminate\\Database\\Connectors\\{closure}()
#5 F:\\.My Projects\\Databse\\Attendance_Management_System\\vendor\\laravel\\framework\\src\\Illuminate\\Database\\Connection.php(1064): call_user_func(Object(Closure))
#6 F:\\.My Projects\\Databse\\Attendance_Management_System\\vendor\\laravel\\framework\\src\\Illuminate\\Database\\Connection.php(1100): Illuminate\\Database\\Connection->getPdo()
#7 F:\\.My Projects\\Databse\\Attendance_Management_System\\vendor\\laravel\\framework\\src\\Illuminate\\Database\\Connection.php(442): Illuminate\\Database\\Connection->getReadPdo()
#8 F:\\.My Projects\\Databse\\Attendance_Management_System\\vendor\\laravel\\framework\\src\\Illuminate\\Database\\Connection.php(368): Illuminate\\Database\\Connection->getPdoForSelect(true)
#9 F:\\.My Projects\\Databse\\Attendance_Management_System\\vendor\\laravel\\framework\\src\\Illuminate\\Database\\Connection.php(705): Illuminate\\Database\\Connection->Illuminate\\Database\\{closure}('select * from `...', Array)
#10 F:\\.My Projects\\Databse\\Attendance_Management_System\\vendor\\laravel\\framework\\src\\Illuminate\\Database\\Connection.php(672): Illuminate\\Database\\Connection->runQueryCallback('select * from `...', Array, Object(Closure))
#11 F:\\.My Projects\\Databse\\Attendance_Management_System\\vendor\\laravel\\framework\\src\\Illuminate\\Database\\Connection.php(359): Illuminate\\Database\\Connection->run('select * from `...', Array, Object(Closure))
#12 F:\\.My Projects\\Databse\\Attendance_Management_System\\vendor\\laravel\\framework\\src\\Illuminate\\Database\\Query\\Builder.php(2413): Illuminate\\Database\\Connection->select('select * from `...', Array, true)
#13 F:\\.My Projects\\Databse\\Attendance_Management_System\\vendor\\laravel\\framework\\src\\Illuminate\\Database\\Query\\Builder.php(2402): Illuminate\\Database\\Query\\Builder->runSelect()
#14 F:\\.My Projects\\Databse\\Attendance_Management_System\\vendor\\laravel\\framework\\src\\Illuminate\\Database\\Query\\Builder.php(2936): Illuminate\\Database\\Query\\Builder->Illuminate\\Database\\Query\\{closure}()
#15 F:\\.My Projects\\Databse\\Attendance_Management_System\\vendor\\laravel\\framework\\src\\Illuminate\\Database\\Query\\Builder.php(2401): Illuminate\\Database\\Query\\Builder->onceWithColumns(Array, Object(Closure))
#16 F:\\.My Projects\\Databse\\Attendance_Management_System\\vendor\\laravel\\framework\\src\\Illuminate\\Database\\Eloquent\\Builder.php(625): Illuminate\\Database\\Query\\Builder->get(Array)
#17 F:\\.My Projects\\Databse\\Attendance_Management_System\\vendor\\laravel\\framework\\src\\Illuminate\\Database\\Eloquent\\Builder.php(609): Illuminate\\Database\\Eloquent\\Builder->getModels(Array)
#18 F:\\.My Projects\\Databse\\Attendance_Management_System\\vendor\\laravel\\framework\\src\\Illuminate\\Database\\Concerns\\BuildsQueries.php(294): Illuminate\\Database\\Eloquent\\Builder->get(Array)
#19 F:\\.My Projects\\Databse\\Attendance_Management_System\\vendor\\laravel\\framework\\src\\Illuminate\\Auth\\EloquentUserProvider.php(53): Illuminate\\Database\\Eloquent\\Builder->first()
#20 F:\\.My Projects\\Databse\\Attendance_Management_System\\vendor\\laravel\\framework\\src\\Illuminate\\Auth\\SessionGuard.php(159): Illuminate\\Auth\\EloquentUserProvider->retrieveById(1)
#21 F:\\.My Projects\\Databse\\Attendance_Management_System\\vendor\\laravel\\framework\\src\\Illuminate\\Auth\\GuardHelpers.php(60): Illuminate\\Auth\\SessionGuard->user()
#22 F:\\.My Projects\\Databse\\Attendance_Management_System\\storage\\framework\\views\\1f5f93e2d57159b8be9e60f946248c836725e606.php(6): Illuminate\\Auth\\SessionGuard->check()
#23 F:\\.My Projects\\Databse\\Attendance_Management_System\\vendor\\laravel\\framework\\src\\Illuminate\\Filesystem\\Filesystem.php(107): require('F:\\\\.My Projects...')
#24 F:\\.My Projects\\Databse\\Attendance_Management_System\\vendor\\laravel\\framework\\src\\Illuminate\\Filesystem\\Filesystem.php(108): Illuminate\\Filesystem\\Filesystem::Illuminate\\Filesystem\\{closure}()
#25 F:\\.My Projects\\Databse\\Attendance_Management_System\\vendor\\laravel\\framework\\src\\Illuminate\\View\\Engines\\PhpEngine.php(58): Illuminate\\Filesystem\\Filesystem->getRequire('F:\\\\.My Projects...', Array)
#26 F:\\.My Projects\\Databse\\Attendance_Management_System\\vendor\\laravel\\framework\\src\\Illuminate\\View\\Engines\\CompilerEngine.php(61): Illuminate\\View\\Engines\\PhpEngine->evaluatePath('F:\\\\.My Projects...', Array)
#27 F:\\.My Projects\\Databse\\Attendance_Management_System\\vendor\\facade\\ignition\\src\\Views\\Engines\\CompilerEngine.php(37): Illuminate\\View\\Engines\\CompilerEngine->get('F:\\\\.My Projects...', Array)
#28 F:\\.My Projects\\Databse\\Attendance_Management_System\\vendor\\laravel\\framework\\src\\Illuminate\\View\\View.php(139): Facade\\Ignition\\Views\\Engines\\CompilerEngine->get('F:\\\\.My Projects...', Array)
#29 F:\\.My Projects\\Databse\\Attendance_Management_System\\vendor\\laravel\\framework\\src\\Illuminate\\View\\View.php(122): Illuminate\\View\\View->getContents()
#30 F:\\.My Projects\\Databse\\Attendance_Management_System\\vendor\\laravel\\framework\\src\\Illuminate\\View\\View.php(91): Illuminate\\View\\View->renderContents()
#31 F:\\.My Projects\\Databse\\Attendance_Management_System\\vendor\\laravel\\framework\\src\\Illuminate\\Http\\Response.php(69): Illuminate\\View\\View->render()
#32 F:\\.My Projects\\Databse\\Attendance_Management_System\\vendor\\laravel\\framework\\src\\Illuminate\\Http\\Response.php(35): Illuminate\\Http\\Response->setContent(Object(Illuminate\\View\\View))
#33 F:\\.My Projects\\Databse\\Attendance_Management_System\\vendor\\laravel\\framework\\src\\Illuminate\\Routing\\Router.php(820): Illuminate\\Http\\Response->__construct(Object(Illuminate\\View\\View), 200, Array)
#34 F:\\.My Projects\\Databse\\Attendance_Management_System\\vendor\\laravel\\framework\\src\\Illuminate\\Routing\\Router.php(789): Illuminate\\Routing\\Router::toResponse(Object(Illuminate\\Http\\Request), Object(Illuminate\\View\\View))
#35 F:\\.My Projects\\Databse\\Attendance_Management_System\\vendor\\laravel\\framework\\src\\Illuminate\\Routing\\Router.php(720): Illuminate\\Routing\\Router->prepareResponse(Object(Illuminate\\Http\\Request), Object(Illuminate\\View\\View))
#36 F:\\.My Projects\\Databse\\Attendance_Management_System\\vendor\\laravel\\framework\\src\\Illuminate\\Pipeline\\Pipeline.php(128): Illuminate\\Routing\\Router->Illuminate\\Routing\\{closure}(Object(Illuminate\\Http\\Request))
#37 F:\\.My Projects\\Databse\\Attendance_Management_System\\vendor\\laravel\\framework\\src\\Illuminate\\Routing\\Middleware\\SubstituteBindings.php(50): Illuminate\\Pipeline\\Pipeline->Illuminate\\Pipeline\\{closure}(Object(Illuminate\\Http\\Request))
#38 F:\\.My Projects\\Databse\\Attendance_Management_System\\vendor\\laravel\\framework\\src\\Illuminate\\Pipeline\\Pipeline.php(167): Illuminate\\Routing\\Middleware\\SubstituteBindings->handle(Object(Illuminate\\Http\\Request), Object(Closure))
#39 F:\\.My Projects\\Databse\\Attendance_Management_System\\vendor\\laravel\\framework\\src\\Illuminate\\Foundation\\Http\\Middleware\\VerifyCsrfToken.php(78): Illuminate\\Pipeline\\Pipeline->Illuminate\\Pipeline\\{closure}(Object(Illuminate\\Http\\Request))
#40 F:\\.My Projects\\Databse\\Attendance_Management_System\\vendor\\laravel\\framework\\src\\Illuminate\\Pipeline\\Pipeline.php(167): Illuminate\\Foundation\\Http\\Middleware\\VerifyCsrfToken->handle(Object(Illuminate\\Http\\Request), Object(Closure))
#41 F:\\.My Projects\\Databse\\Attendance_Management_System\\vendor\\laravel\\framework\\src\\Illuminate\\View\\Middleware\\ShareErrorsFromSession.php(49): Illuminate\\Pipeline\\Pipeline->Illuminate\\Pipeline\\{closure}(Object(Illuminate\\Http\\Request))
#42 F:\\.My Projects\\Databse\\Attendance_Management_System\\vendor\\laravel\\framework\\src\\Illuminate\\Pipeline\\Pipeline.php(167): Illuminate\\View\\Middleware\\ShareErrorsFromSession->handle(Object(Illuminate\\Http\\Request), Object(Closure))
#43 F:\\.My Projects\\Databse\\Attendance_Management_System\\vendor\\laravel\\framework\\src\\Illuminate\\Session\\Middleware\\StartSession.php(121): Illuminate\\Pipeline\\Pipeline->Illuminate\\Pipeline\\{closure}(Object(Illuminate\\Http\\Request))
#44 F:\\.My Projects\\Databse\\Attendance_Management_System\\vendor\\laravel\\framework\\src\\Illuminate\\Session\\Middleware\\StartSession.php(64): Illuminate\\Session\\Middleware\\StartSession->handleStatefulRequest(Object(Illuminate\\Http\\Request), Object(Illuminate\\Session\\Store), Object(Closure))
#45 F:\\.My Projects\\Databse\\Attendance_Management_System\\vendor\\laravel\\framework\\src\\Illuminate\\Pipeline\\Pipeline.php(167): Illuminate\\Session\\Middleware\\StartSession->handle(Object(Illuminate\\Http\\Request), Object(Closure))
#46 F:\\.My Projects\\Databse\\Attendance_Management_System\\vendor\\laravel\\framework\\src\\Illuminate\\Cookie\\Middleware\\AddQueuedCookiesToResponse.php(37): Illuminate\\Pipeline\\Pipeline->Illuminate\\Pipeline\\{closure}(Object(Illuminate\\Http\\Request))
#47 F:\\.My Projects\\Databse\\Attendance_Management_System\\vendor\\laravel\\framework\\src\\Illuminate\\Pipeline\\Pipeline.php(167): Illuminate\\Cookie\\Middleware\\AddQueuedCookiesToResponse->handle(Object(Illuminate\\Http\\Request), Object(Closure))
#48 F:\\.My Projects\\Databse\\Attendance_Management_System\\vendor\\laravel\\framework\\src\\Illuminate\\Cookie\\Middleware\\EncryptCookies.php(67): Illuminate\\Pipeline\\Pipeline->Illuminate\\Pipeline\\{closure}(Object(Illuminate\\Http\\Request))
#49 F:\\.My Projects\\Databse\\Attendance_Management_System\\vendor\\laravel\\framework\\src\\Illuminate\\Pipeline\\Pipeline.php(167): Illuminate\\Cookie\\Middleware\\EncryptCookies->handle(Object(Illuminate\\Http\\Request), Object(Closure))
#50 F:\\.My Projects\\Databse\\Attendance_Management_System\\vendor\\laravel\\framework\\src\\Illuminate\\Pipeline\\Pipeline.php(103): Illuminate\\Pipeline\\Pipeline->Illuminate\\Pipeline\\{closure}(Object(Illuminate\\Http\\Request))
#51 F:\\.My Projects\\Databse\\Attendance_Management_System\\vendor\\laravel\\framework\\src\\Illuminate\\Routing\\Router.php(719): Illuminate\\Pipeline\\Pipeline->then(Object(Closure))
#52 F:\\.My Projects\\Databse\\Attendance_Management_System\\vendor\\laravel\\framework\\src\\Illuminate\\Routing\\Router.php(698): Illuminate\\Routing\\Router->runRouteWithinStack(Object(Illuminate\\Routing\\Route), Object(Illuminate\\Http\\Request))
#53 F:\\.My Projects\\Databse\\Attendance_Management_System\\vendor\\laravel\\framework\\src\\Illuminate\\Routing\\Router.php(662): Illuminate\\Routing\\Router->runRoute(Object(Illuminate\\Http\\Request), Object(Illuminate\\Routing\\Route))
#54 F:\\.My Projects\\Databse\\Attendance_Management_System\\vendor\\laravel\\framework\\src\\Illuminate\\Routing\\Router.php(651): Illuminate\\Routing\\Router->dispatchToRoute(Object(Illuminate\\Http\\Request))
#55 F:\\.My Projects\\Databse\\Attendance_Management_System\\vendor\\laravel\\framework\\src\\Illuminate\\Foundation\\Http\\Kernel.php(167): Illuminate\\Routing\\Router->dispatch(Object(Illuminate\\Http\\Request))
#56 F:\\.My Projects\\Databse\\Attendance_Management_System\\vendor\\laravel\\framework\\src\\Illuminate\\Pipeline\\Pipeline.php(128): Illuminate\\Foundation\\Http\\Kernel->Illuminate\\Foundation\\Http\\{closure}(Object(Illuminate\\Http\\Request))
#57 F:\\.My Projects\\Databse\\Attendance_Management_System\\vendor\\laravel\\framework\\src\\Illuminate\\Foundation\\Http\\Middleware\\TransformsRequest.php(21): Illuminate\\Pipeline\\Pipeline->Illuminate\\Pipeline\\{closure}(Object(Illuminate\\Http\\Request))
#58 F:\\.My Projects\\Databse\\Attendance_Management_System\\vendor\\laravel\\framework\\src\\Illuminate\\Foundation\\Http\\Middleware\\ConvertEmptyStringsToNull.php(31): Illuminate\\Foundation\\Http\\Middleware\\TransformsRequest->handle(Object(Illuminate\\Http\\Request), Object(Closure))
#59 F:\\.My Projects\\Databse\\Attendance_Management_System\\vendor\\laravel\\framework\\src\\Illuminate\\Pipeline\\Pipeline.php(167): Illuminate\\Foundation\\Http\\Middleware\\ConvertEmptyStringsToNull->handle(Object(Illuminate\\Http\\Request), Object(Closure))
#60 F:\\.My Projects\\Databse\\Attendance_Management_System\\vendor\\laravel\\framework\\src\\Illuminate\\Foundation\\Http\\Middleware\\TransformsRequest.php(21): Illuminate\\Pipeline\\Pipeline->Illuminate\\Pipeline\\{closure}(Object(Illuminate\\Http\\Request))
#61 F:\\.My Projects\\Databse\\Attendance_Management_System\\vendor\\laravel\\framework\\src\\Illuminate\\Foundation\\Http\\Middleware\\TrimStrings.php(40): Illuminate\\Foundation\\Http\\Middleware\\TransformsRequest->handle(Object(Illuminate\\Http\\Request), Object(Closure))
#62 F:\\.My Projects\\Databse\\Attendance_Management_System\\vendor\\laravel\\framework\\src\\Illuminate\\Pipeline\\Pipeline.php(167): Illuminate\\Foundation\\Http\\Middleware\\TrimStrings->handle(Object(Illuminate\\Http\\Request), Object(Closure))
#63 F:\\.My Projects\\Databse\\Attendance_Management_System\\vendor\\laravel\\framework\\src\\Illuminate\\Foundation\\Http\\Middleware\\ValidatePostSize.php(27): Illuminate\\Pipeline\\Pipeline->Illuminate\\Pipeline\\{closure}(Object(Illuminate\\Http\\Request))
#64 F:\\.My Projects\\Databse\\Attendance_Management_System\\vendor\\laravel\\framework\\src\\Illuminate\\Pipeline\\Pipeline.php(167): Illuminate\\Foundation\\Http\\Middleware\\ValidatePostSize->handle(Object(Illuminate\\Http\\Request), Object(Closure))
#65 F:\\.My Projects\\Databse\\Attendance_Management_System\\vendor\\laravel\\framework\\src\\Illuminate\\Foundation\\Http\\Middleware\\PreventRequestsDuringMaintenance.php(86): Illuminate\\Pipeline\\Pipeline->Illuminate\\Pipeline\\{closure}(Object(Illuminate\\Http\\Request))
#66 F:\\.My Projects\\Databse\\Attendance_Management_System\\vendor\\laravel\\framework\\src\\Illuminate\\Pipeline\\Pipeline.php(167): Illuminate\\Foundation\\Http\\Middleware\\PreventRequestsDuringMaintenance->handle(Object(Illuminate\\Http\\Request), Object(Closure))
#67 F:\\.My Projects\\Databse\\Attendance_Management_System\\vendor\\fruitcake\\laravel-cors\\src\\HandleCors.php(38): Illuminate\\Pipeline\\Pipeline->Illuminate\\Pipeline\\{closure}(Object(Illuminate\\Http\\Request))
#68 F:\\.My Projects\\Databse\\Attendance_Management_System\\vendor\\laravel\\framework\\src\\Illuminate\\Pipeline\\Pipeline.php(167): Fruitcake\\Cors\\HandleCors->handle(Object(Illuminate\\Http\\Request), Object(Closure))
#69 F:\\.My Projects\\Databse\\Attendance_Management_System\\vendor\\laravel\\framework\\src\\Illuminate\\Http\\Middleware\\TrustProxies.php(39): Illuminate\\Pipeline\\Pipeline->Illuminate\\Pipeline\\{closure}(Object(Illuminate\\Http\\Request))
#70 F:\\.My Projects\\Databse\\Attendance_Management_System\\vendor\\laravel\\framework\\src\\Illuminate\\Pipeline\\Pipeline.php(167): Illuminate\\Http\\Middleware\\TrustProxies->handle(Object(Illuminate\\Http\\Request), Object(Closure))
#71 F:\\.My Projects\\Databse\\Attendance_Management_System\\vendor\\laravel\\framework\\src\\Illuminate\\Pipeline\\Pipeline.php(103): Illuminate\\Pipeline\\Pipeline->Illuminate\\Pipeline\\{closure}(Object(Illuminate\\Http\\Request))
#72 F:\\.My Projects\\Databse\\Attendance_Management_System\\vendor\\laravel\\framework\\src\\Illuminate\\Foundation\\Http\\Kernel.php(142): Illuminate\\Pipeline\\Pipeline->then(Object(Closure))
#73 F:\\.My Projects\\Databse\\Attendance_Management_System\\vendor\\laravel\\framework\\src\\Illuminate\\Foundation\\Http\\Kernel.php(111): Illuminate\\Foundation\\Http\\Kernel->sendRequestThroughRouter(Object(Illuminate\\Http\\Request))
#74 F:\\.My Projects\\Databse\\Attendance_Management_System\\public\\index.php(54): Illuminate\\Foundation\\Http\\Kernel->handle(Object(Illuminate\\Http\\Request))
#75 F:\\.My Projects\\Databse\\Attendance_Management_System\\server.php(21): require_once('F:\\\\.My Projects...')
#76 {main}
"} 
[2025-05-01 13:14:04] local.ERROR: SQLSTATE[HY000] [2002] No connection could be made because the target machine actively refused it (SQL: select * from `users` where `id` = 1 limit 1) (View: F:\.My Projects\Databse\Attendance_Management_System\resources\views\welcome.blade.php) {"view":{"view":"F:\\.My Projects\\Databse\\Attendance_Management_System\\vendor\\laravel\\framework\\src\\Illuminate\\Database\\Connection.php","data":[]},"exception":"[object] (Facade\\Ignition\\Exceptions\\ViewException(code: 0): SQLSTATE[HY000] [2002] No connection could be made because the target machine actively refused it (SQL: select * from `users` where `id` = 1 limit 1) (View: F:\\.My Projects\\Databse\\Attendance_Management_System\\resources\\views\\welcome.blade.php) at F:\\.My Projects\\Databse\\Attendance_Management_System\\vendor\\laravel\\framework\\src\\Illuminate\\Database\\Connection.php:712)
[stacktrace]
#0 F:\\.My Projects\\Databse\\Attendance_Management_System\\vendor\\laravel\\framework\\src\\Illuminate\\Database\\Connection.php(672): Illuminate\\Database\\Connection->runQueryCallback('select * from `...', Array, Object(Closure))
#1 F:\\.My Projects\\Databse\\Attendance_Management_System\\vendor\\laravel\\framework\\src\\Illuminate\\Database\\Connection.php(359): Illuminate\\Database\\Connection->run('select * from `...', Array, Object(Closure))
#2 F:\\.My Projects\\Databse\\Attendance_Management_System\\vendor\\laravel\\framework\\src\\Illuminate\\Database\\Query\\Builder.php(2413): Illuminate\\Database\\Connection->select('select * from `...', Array, true)
#3 F:\\.My Projects\\Databse\\Attendance_Management_System\\vendor\\laravel\\framework\\src\\Illuminate\\Database\\Query\\Builder.php(2402): Illuminate\\Database\\Query\\Builder->runSelect()
#4 F:\\.My Projects\\Databse\\Attendance_Management_System\\vendor\\laravel\\framework\\src\\Illuminate\\Database\\Query\\Builder.php(2936): Illuminate\\Database\\Query\\Builder->Illuminate\\Database\\Query\\{closure}()
#5 F:\\.My Projects\\Databse\\Attendance_Management_System\\vendor\\laravel\\framework\\src\\Illuminate\\Database\\Query\\Builder.php(2401): Illuminate\\Database\\Query\\Builder->onceWithColumns(Array, Object(Closure))
#6 F:\\.My Projects\\Databse\\Attendance_Management_System\\vendor\\laravel\\framework\\src\\Illuminate\\Database\\Eloquent\\Builder.php(625): Illuminate\\Database\\Query\\Builder->get(Array)
#7 F:\\.My Projects\\Databse\\Attendance_Management_System\\vendor\\laravel\\framework\\src\\Illuminate\\Database\\Eloquent\\Builder.php(609): Illuminate\\Database\\Eloquent\\Builder->getModels(Array)
#8 F:\\.My Projects\\Databse\\Attendance_Management_System\\vendor\\laravel\\framework\\src\\Illuminate\\Database\\Concerns\\BuildsQueries.php(294): Illuminate\\Database\\Eloquent\\Builder->get(Array)
#9 F:\\.My Projects\\Databse\\Attendance_Management_System\\vendor\\laravel\\framework\\src\\Illuminate\\Auth\\EloquentUserProvider.php(53): Illuminate\\Database\\Eloquent\\Builder->first()
#10 F:\\.My Projects\\Databse\\Attendance_Management_System\\vendor\\laravel\\framework\\src\\Illuminate\\Auth\\SessionGuard.php(159): Illuminate\\Auth\\EloquentUserProvider->retrieveById(1)
#11 F:\\.My Projects\\Databse\\Attendance_Management_System\\vendor\\laravel\\framework\\src\\Illuminate\\Auth\\GuardHelpers.php(60): Illuminate\\Auth\\SessionGuard->user()
#12 F:\\.My Projects\\Databse\\Attendance_Management_System\\resources\\views/welcome.blade.php(6): Illuminate\\Auth\\SessionGuard->check()
#13 F:\\.My Projects\\Databse\\Attendance_Management_System\\vendor\\laravel\\framework\\src\\Illuminate\\Filesystem\\Filesystem.php(107): require('F:\\\\.My Projects...')
#14 F:\\.My Projects\\Databse\\Attendance_Management_System\\vendor\\laravel\\framework\\src\\Illuminate\\Filesystem\\Filesystem.php(108): Illuminate\\Filesystem\\Filesystem::Illuminate\\Filesystem\\{closure}()
#15 F:\\.My Projects\\Databse\\Attendance_Management_System\\vendor\\laravel\\framework\\src\\Illuminate\\View\\Engines\\PhpEngine.php(58): Illuminate\\Filesystem\\Filesystem->getRequire('F:\\\\.My Projects...', Array)
#16 F:\\.My Projects\\Databse\\Attendance_Management_System\\vendor\\laravel\\framework\\src\\Illuminate\\View\\Engines\\CompilerEngine.php(61): Illuminate\\View\\Engines\\PhpEngine->evaluatePath('F:\\\\.My Projects...', Array)
#17 F:\\.My Projects\\Databse\\Attendance_Management_System\\vendor\\facade\\ignition\\src\\Views\\Engines\\CompilerEngine.php(37): Illuminate\\View\\Engines\\CompilerEngine->get('F:\\\\.My Projects...', Array)
#18 F:\\.My Projects\\Databse\\Attendance_Management_System\\vendor\\laravel\\framework\\src\\Illuminate\\View\\View.php(139): Facade\\Ignition\\Views\\Engines\\CompilerEngine->get('F:\\\\.My Projects...', Array)
#19 F:\\.My Projects\\Databse\\Attendance_Management_System\\vendor\\laravel\\framework\\src\\Illuminate\\View\\View.php(122): Illuminate\\View\\View->getContents()
#20 F:\\.My Projects\\Databse\\Attendance_Management_System\\vendor\\laravel\\framework\\src\\Illuminate\\View\\View.php(91): Illuminate\\View\\View->renderContents()
#21 F:\\.My Projects\\Databse\\Attendance_Management_System\\vendor\\laravel\\framework\\src\\Illuminate\\Http\\Response.php(69): Illuminate\\View\\View->render()
#22 F:\\.My Projects\\Databse\\Attendance_Management_System\\vendor\\laravel\\framework\\src\\Illuminate\\Http\\Response.php(35): Illuminate\\Http\\Response->setContent(Object(Illuminate\\View\\View))
#23 F:\\.My Projects\\Databse\\Attendance_Management_System\\vendor\\laravel\\framework\\src\\Illuminate\\Routing\\Router.php(820): Illuminate\\Http\\Response->__construct(Object(Illuminate\\View\\View), 200, Array)
#24 F:\\.My Projects\\Databse\\Attendance_Management_System\\vendor\\laravel\\framework\\src\\Illuminate\\Routing\\Router.php(789): Illuminate\\Routing\\Router::toResponse(Object(Illuminate\\Http\\Request), Object(Illuminate\\View\\View))
#25 F:\\.My Projects\\Databse\\Attendance_Management_System\\vendor\\laravel\\framework\\src\\Illuminate\\Routing\\Router.php(720): Illuminate\\Routing\\Router->prepareResponse(Object(Illuminate\\Http\\Request), Object(Illuminate\\View\\View))
#26 F:\\.My Projects\\Databse\\Attendance_Management_System\\vendor\\laravel\\framework\\src\\Illuminate\\Pipeline\\Pipeline.php(128): Illuminate\\Routing\\Router->Illuminate\\Routing\\{closure}(Object(Illuminate\\Http\\Request))
#27 F:\\.My Projects\\Databse\\Attendance_Management_System\\vendor\\laravel\\framework\\src\\Illuminate\\Routing\\Middleware\\SubstituteBindings.php(50): Illuminate\\Pipeline\\Pipeline->Illuminate\\Pipeline\\{closure}(Object(Illuminate\\Http\\Request))
#28 F:\\.My Projects\\Databse\\Attendance_Management_System\\vendor\\laravel\\framework\\src\\Illuminate\\Pipeline\\Pipeline.php(167): Illuminate\\Routing\\Middleware\\SubstituteBindings->handle(Object(Illuminate\\Http\\Request), Object(Closure))
#29 F:\\.My Projects\\Databse\\Attendance_Management_System\\vendor\\laravel\\framework\\src\\Illuminate\\Foundation\\Http\\Middleware\\VerifyCsrfToken.php(78): Illuminate\\Pipeline\\Pipeline->Illuminate\\Pipeline\\{closure}(Object(Illuminate\\Http\\Request))
#30 F:\\.My Projects\\Databse\\Attendance_Management_System\\vendor\\laravel\\framework\\src\\Illuminate\\Pipeline\\Pipeline.php(167): Illuminate\\Foundation\\Http\\Middleware\\VerifyCsrfToken->handle(Object(Illuminate\\Http\\Request), Object(Closure))
#31 F:\\.My Projects\\Databse\\Attendance_Management_System\\vendor\\laravel\\framework\\src\\Illuminate\\View\\Middleware\\ShareErrorsFromSession.php(49): Illuminate\\Pipeline\\Pipeline->Illuminate\\Pipeline\\{closure}(Object(Illuminate\\Http\\Request))
#32 F:\\.My Projects\\Databse\\Attendance_Management_System\\vendor\\laravel\\framework\\src\\Illuminate\\Pipeline\\Pipeline.php(167): Illuminate\\View\\Middleware\\ShareErrorsFromSession->handle(Object(Illuminate\\Http\\Request), Object(Closure))
#33 F:\\.My Projects\\Databse\\Attendance_Management_System\\vendor\\laravel\\framework\\src\\Illuminate\\Session\\Middleware\\StartSession.php(121): Illuminate\\Pipeline\\Pipeline->Illuminate\\Pipeline\\{closure}(Object(Illuminate\\Http\\Request))
#34 F:\\.My Projects\\Databse\\Attendance_Management_System\\vendor\\laravel\\framework\\src\\Illuminate\\Session\\Middleware\\StartSession.php(64): Illuminate\\Session\\Middleware\\StartSession->handleStatefulRequest(Object(Illuminate\\Http\\Request), Object(Illuminate\\Session\\Store), Object(Closure))
#35 F:\\.My Projects\\Databse\\Attendance_Management_System\\vendor\\laravel\\framework\\src\\Illuminate\\Pipeline\\Pipeline.php(167): Illuminate\\Session\\Middleware\\StartSession->handle(Object(Illuminate\\Http\\Request), Object(Closure))
#36 F:\\.My Projects\\Databse\\Attendance_Management_System\\vendor\\laravel\\framework\\src\\Illuminate\\Cookie\\Middleware\\AddQueuedCookiesToResponse.php(37): Illuminate\\Pipeline\\Pipeline->Illuminate\\Pipeline\\{closure}(Object(Illuminate\\Http\\Request))
#37 F:\\.My Projects\\Databse\\Attendance_Management_System\\vendor\\laravel\\framework\\src\\Illuminate\\Pipeline\\Pipeline.php(167): Illuminate\\Cookie\\Middleware\\AddQueuedCookiesToResponse->handle(Object(Illuminate\\Http\\Request), Object(Closure))
#38 F:\\.My Projects\\Databse\\Attendance_Management_System\\vendor\\laravel\\framework\\src\\Illuminate\\Cookie\\Middleware\\EncryptCookies.php(67): Illuminate\\Pipeline\\Pipeline->Illuminate\\Pipeline\\{closure}(Object(Illuminate\\Http\\Request))
#39 F:\\.My Projects\\Databse\\Attendance_Management_System\\vendor\\laravel\\framework\\src\\Illuminate\\Pipeline\\Pipeline.php(167): Illuminate\\Cookie\\Middleware\\EncryptCookies->handle(Object(Illuminate\\Http\\Request), Object(Closure))
#40 F:\\.My Projects\\Databse\\Attendance_Management_System\\vendor\\laravel\\framework\\src\\Illuminate\\Pipeline\\Pipeline.php(103): Illuminate\\Pipeline\\Pipeline->Illuminate\\Pipeline\\{closure}(Object(Illuminate\\Http\\Request))
#41 F:\\.My Projects\\Databse\\Attendance_Management_System\\vendor\\laravel\\framework\\src\\Illuminate\\Routing\\Router.php(719): Illuminate\\Pipeline\\Pipeline->then(Object(Closure))
#42 F:\\.My Projects\\Databse\\Attendance_Management_System\\vendor\\laravel\\framework\\src\\Illuminate\\Routing\\Router.php(698): Illuminate\\Routing\\Router->runRouteWithinStack(Object(Illuminate\\Routing\\Route), Object(Illuminate\\Http\\Request))
#43 F:\\.My Projects\\Databse\\Attendance_Management_System\\vendor\\laravel\\framework\\src\\Illuminate\\Routing\\Router.php(662): Illuminate\\Routing\\Router->runRoute(Object(Illuminate\\Http\\Request), Object(Illuminate\\Routing\\Route))
#44 F:\\.My Projects\\Databse\\Attendance_Management_System\\vendor\\laravel\\framework\\src\\Illuminate\\Routing\\Router.php(651): Illuminate\\Routing\\Router->dispatchToRoute(Object(Illuminate\\Http\\Request))
#45 F:\\.My Projects\\Databse\\Attendance_Management_System\\vendor\\laravel\\framework\\src\\Illuminate\\Foundation\\Http\\Kernel.php(167): Illuminate\\Routing\\Router->dispatch(Object(Illuminate\\Http\\Request))
#46 F:\\.My Projects\\Databse\\Attendance_Management_System\\vendor\\laravel\\framework\\src\\Illuminate\\Pipeline\\Pipeline.php(128): Illuminate\\Foundation\\Http\\Kernel->Illuminate\\Foundation\\Http\\{closure}(Object(Illuminate\\Http\\Request))
#47 F:\\.My Projects\\Databse\\Attendance_Management_System\\vendor\\laravel\\framework\\src\\Illuminate\\Foundation\\Http\\Middleware\\TransformsRequest.php(21): Illuminate\\Pipeline\\Pipeline->Illuminate\\Pipeline\\{closure}(Object(Illuminate\\Http\\Request))
#48 F:\\.My Projects\\Databse\\Attendance_Management_System\\vendor\\laravel\\framework\\src\\Illuminate\\Foundation\\Http\\Middleware\\ConvertEmptyStringsToNull.php(31): Illuminate\\Foundation\\Http\\Middleware\\TransformsRequest->handle(Object(Illuminate\\Http\\Request), Object(Closure))
#49 F:\\.My Projects\\Databse\\Attendance_Management_System\\vendor\\laravel\\framework\\src\\Illuminate\\Pipeline\\Pipeline.php(167): Illuminate\\Foundation\\Http\\Middleware\\ConvertEmptyStringsToNull->handle(Object(Illuminate\\Http\\Request), Object(Closure))
#50 F:\\.My Projects\\Databse\\Attendance_Management_System\\vendor\\laravel\\framework\\src\\Illuminate\\Foundation\\Http\\Middleware\\TransformsRequest.php(21): Illuminate\\Pipeline\\Pipeline->Illuminate\\Pipeline\\{closure}(Object(Illuminate\\Http\\Request))
#51 F:\\.My Projects\\Databse\\Attendance_Management_System\\vendor\\laravel\\framework\\src\\Illuminate\\Foundation\\Http\\Middleware\\TrimStrings.php(40): Illuminate\\Foundation\\Http\\Middleware\\TransformsRequest->handle(Object(Illuminate\\Http\\Request), Object(Closure))
#52 F:\\.My Projects\\Databse\\Attendance_Management_System\\vendor\\laravel\\framework\\src\\Illuminate\\Pipeline\\Pipeline.php(167): Illuminate\\Foundation\\Http\\Middleware\\TrimStrings->handle(Object(Illuminate\\Http\\Request), Object(Closure))
#53 F:\\.My Projects\\Databse\\Attendance_Management_System\\vendor\\laravel\\framework\\src\\Illuminate\\Foundation\\Http\\Middleware\\ValidatePostSize.php(27): Illuminate\\Pipeline\\Pipeline->Illuminate\\Pipeline\\{closure}(Object(Illuminate\\Http\\Request))
#54 F:\\.My Projects\\Databse\\Attendance_Management_System\\vendor\\laravel\\framework\\src\\Illuminate\\Pipeline\\Pipeline.php(167): Illuminate\\Foundation\\Http\\Middleware\\ValidatePostSize->handle(Object(Illuminate\\Http\\Request), Object(Closure))
#55 F:\\.My Projects\\Databse\\Attendance_Management_System\\vendor\\laravel\\framework\\src\\Illuminate\\Foundation\\Http\\Middleware\\PreventRequestsDuringMaintenance.php(86): Illuminate\\Pipeline\\Pipeline->Illuminate\\Pipeline\\{closure}(Object(Illuminate\\Http\\Request))
#56 F:\\.My Projects\\Databse\\Attendance_Management_System\\vendor\\laravel\\framework\\src\\Illuminate\\Pipeline\\Pipeline.php(167): Illuminate\\Foundation\\Http\\Middleware\\PreventRequestsDuringMaintenance->handle(Object(Illuminate\\Http\\Request), Object(Closure))
#57 F:\\.My Projects\\Databse\\Attendance_Management_System\\vendor\\fruitcake\\laravel-cors\\src\\HandleCors.php(38): Illuminate\\Pipeline\\Pipeline->Illuminate\\Pipeline\\{closure}(Object(Illuminate\\Http\\Request))
#58 F:\\.My Projects\\Databse\\Attendance_Management_System\\vendor\\laravel\\framework\\src\\Illuminate\\Pipeline\\Pipeline.php(167): Fruitcake\\Cors\\HandleCors->handle(Object(Illuminate\\Http\\Request), Object(Closure))
#59 F:\\.My Projects\\Databse\\Attendance_Management_System\\vendor\\laravel\\framework\\src\\Illuminate\\Http\\Middleware\\TrustProxies.php(39): Illuminate\\Pipeline\\Pipeline->Illuminate\\Pipeline\\{closure}(Object(Illuminate\\Http\\Request))
#60 F:\\.My Projects\\Databse\\Attendance_Management_System\\vendor\\laravel\\framework\\src\\Illuminate\\Pipeline\\Pipeline.php(167): Illuminate\\Http\\Middleware\\TrustProxies->handle(Object(Illuminate\\Http\\Request), Object(Closure))
#61 F:\\.My Projects\\Databse\\Attendance_Management_System\\vendor\\laravel\\framework\\src\\Illuminate\\Pipeline\\Pipeline.php(103): Illuminate\\Pipeline\\Pipeline->Illuminate\\Pipeline\\{closure}(Object(Illuminate\\Http\\Request))
#62 F:\\.My Projects\\Databse\\Attendance_Management_System\\vendor\\laravel\\framework\\src\\Illuminate\\Foundation\\Http\\Kernel.php(142): Illuminate\\Pipeline\\Pipeline->then(Object(Closure))
#63 F:\\.My Projects\\Databse\\Attendance_Management_System\\vendor\\laravel\\framework\\src\\Illuminate\\Foundation\\Http\\Kernel.php(111): Illuminate\\Foundation\\Http\\Kernel->sendRequestThroughRouter(Object(Illuminate\\Http\\Request))
#64 F:\\.My Projects\\Databse\\Attendance_Management_System\\public\\index.php(54): Illuminate\\Foundation\\Http\\Kernel->handle(Object(Illuminate\\Http\\Request))
#65 F:\\.My Projects\\Databse\\Attendance_Management_System\\server.php(21): require_once('F:\\\\.My Projects...')
#66 {main}

[previous exception] [object] (Illuminate\\Database\\QueryException(code: 2002): SQLSTATE[HY000] [2002] No connection could be made because the target machine actively refused it (SQL: select * from `users` where `id` = 1 limit 1) at F:\\.My Projects\\Databse\\Attendance_Management_System\\vendor\\laravel\\framework\\src\\Illuminate\\Database\\Connection.php:712)
[stacktrace]
#0 F:\\.My Projects\\Databse\\Attendance_Management_System\\vendor\\laravel\\framework\\src\\Illuminate\\Database\\Connection.php(672): Illuminate\\Database\\Connection->runQueryCallback('select * from `...', Array, Object(Closure))
#1 F:\\.My Projects\\Databse\\Attendance_Management_System\\vendor\\laravel\\framework\\src\\Illuminate\\Database\\Connection.php(359): Illuminate\\Database\\Connection->run('select * from `...', Array, Object(Closure))
#2 F:\\.My Projects\\Databse\\Attendance_Management_System\\vendor\\laravel\\framework\\src\\Illuminate\\Database\\Query\\Builder.php(2413): Illuminate\\Database\\Connection->select('select * from `...', Array, true)
#3 F:\\.My Projects\\Databse\\Attendance_Management_System\\vendor\\laravel\\framework\\src\\Illuminate\\Database\\Query\\Builder.php(2402): Illuminate\\Database\\Query\\Builder->runSelect()
#4 F:\\.My Projects\\Databse\\Attendance_Management_System\\vendor\\laravel\\framework\\src\\Illuminate\\Database\\Query\\Builder.php(2936): Illuminate\\Database\\Query\\Builder->Illuminate\\Database\\Query\\{closure}()
#5 F:\\.My Projects\\Databse\\Attendance_Management_System\\vendor\\laravel\\framework\\src\\Illuminate\\Database\\Query\\Builder.php(2401): Illuminate\\Database\\Query\\Builder->onceWithColumns(Array, Object(Closure))
#6 F:\\.My Projects\\Databse\\Attendance_Management_System\\vendor\\laravel\\framework\\src\\Illuminate\\Database\\Eloquent\\Builder.php(625): Illuminate\\Database\\Query\\Builder->get(Array)
#7 F:\\.My Projects\\Databse\\Attendance_Management_System\\vendor\\laravel\\framework\\src\\Illuminate\\Database\\Eloquent\\Builder.php(609): Illuminate\\Database\\Eloquent\\Builder->getModels(Array)
#8 F:\\.My Projects\\Databse\\Attendance_Management_System\\vendor\\laravel\\framework\\src\\Illuminate\\Database\\Concerns\\BuildsQueries.php(294): Illuminate\\Database\\Eloquent\\Builder->get(Array)
#9 F:\\.My Projects\\Databse\\Attendance_Management_System\\vendor\\laravel\\framework\\src\\Illuminate\\Auth\\EloquentUserProvider.php(53): Illuminate\\Database\\Eloquent\\Builder->first()
#10 F:\\.My Projects\\Databse\\Attendance_Management_System\\vendor\\laravel\\framework\\src\\Illuminate\\Auth\\SessionGuard.php(159): Illuminate\\Auth\\EloquentUserProvider->retrieveById(1)
#11 F:\\.My Projects\\Databse\\Attendance_Management_System\\vendor\\laravel\\framework\\src\\Illuminate\\Auth\\GuardHelpers.php(60): Illuminate\\Auth\\SessionGuard->user()
#12 F:\\.My Projects\\Databse\\Attendance_Management_System\\storage\\framework\\views\\1f5f93e2d57159b8be9e60f946248c836725e606.php(6): Illuminate\\Auth\\SessionGuard->check()
#13 F:\\.My Projects\\Databse\\Attendance_Management_System\\vendor\\laravel\\framework\\src\\Illuminate\\Filesystem\\Filesystem.php(107): require('F:\\\\.My Projects...')
#14 F:\\.My Projects\\Databse\\Attendance_Management_System\\vendor\\laravel\\framework\\src\\Illuminate\\Filesystem\\Filesystem.php(108): Illuminate\\Filesystem\\Filesystem::Illuminate\\Filesystem\\{closure}()
#15 F:\\.My Projects\\Databse\\Attendance_Management_System\\vendor\\laravel\\framework\\src\\Illuminate\\View\\Engines\\PhpEngine.php(58): Illuminate\\Filesystem\\Filesystem->getRequire('F:\\\\.My Projects...', Array)
#16 F:\\.My Projects\\Databse\\Attendance_Management_System\\vendor\\laravel\\framework\\src\\Illuminate\\View\\Engines\\CompilerEngine.php(61): Illuminate\\View\\Engines\\PhpEngine->evaluatePath('F:\\\\.My Projects...', Array)
#17 F:\\.My Projects\\Databse\\Attendance_Management_System\\vendor\\facade\\ignition\\src\\Views\\Engines\\CompilerEngine.php(37): Illuminate\\View\\Engines\\CompilerEngine->get('F:\\\\.My Projects...', Array)
#18 F:\\.My Projects\\Databse\\Attendance_Management_System\\vendor\\laravel\\framework\\src\\Illuminate\\View\\View.php(139): Facade\\Ignition\\Views\\Engines\\CompilerEngine->get('F:\\\\.My Projects...', Array)
#19 F:\\.My Projects\\Databse\\Attendance_Management_System\\vendor\\laravel\\framework\\src\\Illuminate\\View\\View.php(122): Illuminate\\View\\View->getContents()
#20 F:\\.My Projects\\Databse\\Attendance_Management_System\\vendor\\laravel\\framework\\src\\Illuminate\\View\\View.php(91): Illuminate\\View\\View->renderContents()
#21 F:\\.My Projects\\Databse\\Attendance_Management_System\\vendor\\laravel\\framework\\src\\Illuminate\\Http\\Response.php(69): Illuminate\\View\\View->render()
#22 F:\\.My Projects\\Databse\\Attendance_Management_System\\vendor\\laravel\\framework\\src\\Illuminate\\Http\\Response.php(35): Illuminate\\Http\\Response->setContent(Object(Illuminate\\View\\View))
#23 F:\\.My Projects\\Databse\\Attendance_Management_System\\vendor\\laravel\\framework\\src\\Illuminate\\Routing\\Router.php(820): Illuminate\\Http\\Response->__construct(Object(Illuminate\\View\\View), 200, Array)
#24 F:\\.My Projects\\Databse\\Attendance_Management_System\\vendor\\laravel\\framework\\src\\Illuminate\\Routing\\Router.php(789): Illuminate\\Routing\\Router::toResponse(Object(Illuminate\\Http\\Request), Object(Illuminate\\View\\View))
#25 F:\\.My Projects\\Databse\\Attendance_Management_System\\vendor\\laravel\\framework\\src\\Illuminate\\Routing\\Router.php(720): Illuminate\\Routing\\Router->prepareResponse(Object(Illuminate\\Http\\Request), Object(Illuminate\\View\\View))
#26 F:\\.My Projects\\Databse\\Attendance_Management_System\\vendor\\laravel\\framework\\src\\Illuminate\\Pipeline\\Pipeline.php(128): Illuminate\\Routing\\Router->Illuminate\\Routing\\{closure}(Object(Illuminate\\Http\\Request))
#27 F:\\.My Projects\\Databse\\Attendance_Management_System\\vendor\\laravel\\framework\\src\\Illuminate\\Routing\\Middleware\\SubstituteBindings.php(50): Illuminate\\Pipeline\\Pipeline->Illuminate\\Pipeline\\{closure}(Object(Illuminate\\Http\\Request))
#28 F:\\.My Projects\\Databse\\Attendance_Management_System\\vendor\\laravel\\framework\\src\\Illuminate\\Pipeline\\Pipeline.php(167): Illuminate\\Routing\\Middleware\\SubstituteBindings->handle(Object(Illuminate\\Http\\Request), Object(Closure))
#29 F:\\.My Projects\\Databse\\Attendance_Management_System\\vendor\\laravel\\framework\\src\\Illuminate\\Foundation\\Http\\Middleware\\VerifyCsrfToken.php(78): Illuminate\\Pipeline\\Pipeline->Illuminate\\Pipeline\\{closure}(Object(Illuminate\\Http\\Request))
#30 F:\\.My Projects\\Databse\\Attendance_Management_System\\vendor\\laravel\\framework\\src\\Illuminate\\Pipeline\\Pipeline.php(167): Illuminate\\Foundation\\Http\\Middleware\\VerifyCsrfToken->handle(Object(Illuminate\\Http\\Request), Object(Closure))
#31 F:\\.My Projects\\Databse\\Attendance_Management_System\\vendor\\laravel\\framework\\src\\Illuminate\\View\\Middleware\\ShareErrorsFromSession.php(49): Illuminate\\Pipeline\\Pipeline->Illuminate\\Pipeline\\{closure}(Object(Illuminate\\Http\\Request))
#32 F:\\.My Projects\\Databse\\Attendance_Management_System\\vendor\\laravel\\framework\\src\\Illuminate\\Pipeline\\Pipeline.php(167): Illuminate\\View\\Middleware\\ShareErrorsFromSession->handle(Object(Illuminate\\Http\\Request), Object(Closure))
#33 F:\\.My Projects\\Databse\\Attendance_Management_System\\vendor\\laravel\\framework\\src\\Illuminate\\Session\\Middleware\\StartSession.php(121): Illuminate\\Pipeline\\Pipeline->Illuminate\\Pipeline\\{closure}(Object(Illuminate\\Http\\Request))
#34 F:\\.My Projects\\Databse\\Attendance_Management_System\\vendor\\laravel\\framework\\src\\Illuminate\\Session\\Middleware\\StartSession.php(64): Illuminate\\Session\\Middleware\\StartSession->handleStatefulRequest(Object(Illuminate\\Http\\Request), Object(Illuminate\\Session\\Store), Object(Closure))
#35 F:\\.My Projects\\Databse\\Attendance_Management_System\\vendor\\laravel\\framework\\src\\Illuminate\\Pipeline\\Pipeline.php(167): Illuminate\\Session\\Middleware\\StartSession->handle(Object(Illuminate\\Http\\Request), Object(Closure))
#36 F:\\.My Projects\\Databse\\Attendance_Management_System\\vendor\\laravel\\framework\\src\\Illuminate\\Cookie\\Middleware\\AddQueuedCookiesToResponse.php(37): Illuminate\\Pipeline\\Pipeline->Illuminate\\Pipeline\\{closure}(Object(Illuminate\\Http\\Request))
#37 F:\\.My Projects\\Databse\\Attendance_Management_System\\vendor\\laravel\\framework\\src\\Illuminate\\Pipeline\\Pipeline.php(167): Illuminate\\Cookie\\Middleware\\AddQueuedCookiesToResponse->handle(Object(Illuminate\\Http\\Request), Object(Closure))
#38 F:\\.My Projects\\Databse\\Attendance_Management_System\\vendor\\laravel\\framework\\src\\Illuminate\\Cookie\\Middleware\\EncryptCookies.php(67): Illuminate\\Pipeline\\Pipeline->Illuminate\\Pipeline\\{closure}(Object(Illuminate\\Http\\Request))
#39 F:\\.My Projects\\Databse\\Attendance_Management_System\\vendor\\laravel\\framework\\src\\Illuminate\\Pipeline\\Pipeline.php(167): Illuminate\\Cookie\\Middleware\\EncryptCookies->handle(Object(Illuminate\\Http\\Request), Object(Closure))
#40 F:\\.My Projects\\Databse\\Attendance_Management_System\\vendor\\laravel\\framework\\src\\Illuminate\\Pipeline\\Pipeline.php(103): Illuminate\\Pipeline\\Pipeline->Illuminate\\Pipeline\\{closure}(Object(Illuminate\\Http\\Request))
#41 F:\\.My Projects\\Databse\\Attendance_Management_System\\vendor\\laravel\\framework\\src\\Illuminate\\Routing\\Router.php(719): Illuminate\\Pipeline\\Pipeline->then(Object(Closure))
#42 F:\\.My Projects\\Databse\\Attendance_Management_System\\vendor\\laravel\\framework\\src\\Illuminate\\Routing\\Router.php(698): Illuminate\\Routing\\Router->runRouteWithinStack(Object(Illuminate\\Routing\\Route), Object(Illuminate\\Http\\Request))
#43 F:\\.My Projects\\Databse\\Attendance_Management_System\\vendor\\laravel\\framework\\src\\Illuminate\\Routing\\Router.php(662): Illuminate\\Routing\\Router->runRoute(Object(Illuminate\\Http\\Request), Object(Illuminate\\Routing\\Route))
#44 F:\\.My Projects\\Databse\\Attendance_Management_System\\vendor\\laravel\\framework\\src\\Illuminate\\Routing\\Router.php(651): Illuminate\\Routing\\Router->dispatchToRoute(Object(Illuminate\\Http\\Request))
#45 F:\\.My Projects\\Databse\\Attendance_Management_System\\vendor\\laravel\\framework\\src\\Illuminate\\Foundation\\Http\\Kernel.php(167): Illuminate\\Routing\\Router->dispatch(Object(Illuminate\\Http\\Request))
#46 F:\\.My Projects\\Databse\\Attendance_Management_System\\vendor\\laravel\\framework\\src\\Illuminate\\Pipeline\\Pipeline.php(128): Illuminate\\Foundation\\Http\\Kernel->Illuminate\\Foundation\\Http\\{closure}(Object(Illuminate\\Http\\Request))
#47 F:\\.My Projects\\Databse\\Attendance_Management_System\\vendor\\laravel\\framework\\src\\Illuminate\\Foundation\\Http\\Middleware\\TransformsRequest.php(21): Illuminate\\Pipeline\\Pipeline->Illuminate\\Pipeline\\{closure}(Object(Illuminate\\Http\\Request))
#48 F:\\.My Projects\\Databse\\Attendance_Management_System\\vendor\\laravel\\framework\\src\\Illuminate\\Foundation\\Http\\Middleware\\ConvertEmptyStringsToNull.php(31): Illuminate\\Foundation\\Http\\Middleware\\TransformsRequest->handle(Object(Illuminate\\Http\\Request), Object(Closure))
#49 F:\\.My Projects\\Databse\\Attendance_Management_System\\vendor\\laravel\\framework\\src\\Illuminate\\Pipeline\\Pipeline.php(167): Illuminate\\Foundation\\Http\\Middleware\\ConvertEmptyStringsToNull->handle(Object(Illuminate\\Http\\Request), Object(Closure))
#50 F:\\.My Projects\\Databse\\Attendance_Management_System\\vendor\\laravel\\framework\\src\\Illuminate\\Foundation\\Http\\Middleware\\TransformsRequest.php(21): Illuminate\\Pipeline\\Pipeline->Illuminate\\Pipeline\\{closure}(Object(Illuminate\\Http\\Request))
#51 F:\\.My Projects\\Databse\\Attendance_Management_System\\vendor\\laravel\\framework\\src\\Illuminate\\Foundation\\Http\\Middleware\\TrimStrings.php(40): Illuminate\\Foundation\\Http\\Middleware\\TransformsRequest->handle(Object(Illuminate\\Http\\Request), Object(Closure))
#52 F:\\.My Projects\\Databse\\Attendance_Management_System\\vendor\\laravel\\framework\\src\\Illuminate\\Pipeline\\Pipeline.php(167): Illuminate\\Foundation\\Http\\Middleware\\TrimStrings->handle(Object(Illuminate\\Http\\Request), Object(Closure))
#53 F:\\.My Projects\\Databse\\Attendance_Management_System\\vendor\\laravel\\framework\\src\\Illuminate\\Foundation\\Http\\Middleware\\ValidatePostSize.php(27): Illuminate\\Pipeline\\Pipeline->Illuminate\\Pipeline\\{closure}(Object(Illuminate\\Http\\Request))
#54 F:\\.My Projects\\Databse\\Attendance_Management_System\\vendor\\laravel\\framework\\src\\Illuminate\\Pipeline\\Pipeline.php(167): Illuminate\\Foundation\\Http\\Middleware\\ValidatePostSize->handle(Object(Illuminate\\Http\\Request), Object(Closure))
#55 F:\\.My Projects\\Databse\\Attendance_Management_System\\vendor\\laravel\\framework\\src\\Illuminate\\Foundation\\Http\\Middleware\\PreventRequestsDuringMaintenance.php(86): Illuminate\\Pipeline\\Pipeline->Illuminate\\Pipeline\\{closure}(Object(Illuminate\\Http\\Request))
#56 F:\\.My Projects\\Databse\\Attendance_Management_System\\vendor\\laravel\\framework\\src\\Illuminate\\Pipeline\\Pipeline.php(167): Illuminate\\Foundation\\Http\\Middleware\\PreventRequestsDuringMaintenance->handle(Object(Illuminate\\Http\\Request), Object(Closure))
#57 F:\\.My Projects\\Databse\\Attendance_Management_System\\vendor\\fruitcake\\laravel-cors\\src\\HandleCors.php(38): Illuminate\\Pipeline\\Pipeline->Illuminate\\Pipeline\\{closure}(Object(Illuminate\\Http\\Request))
#58 F:\\.My Projects\\Databse\\Attendance_Management_System\\vendor\\laravel\\framework\\src\\Illuminate\\Pipeline\\Pipeline.php(167): Fruitcake\\Cors\\HandleCors->handle(Object(Illuminate\\Http\\Request), Object(Closure))
#59 F:\\.My Projects\\Databse\\Attendance_Management_System\\vendor\\laravel\\framework\\src\\Illuminate\\Http\\Middleware\\TrustProxies.php(39): Illuminate\\Pipeline\\Pipeline->Illuminate\\Pipeline\\{closure}(Object(Illuminate\\Http\\Request))
#60 F:\\.My Projects\\Databse\\Attendance_Management_System\\vendor\\laravel\\framework\\src\\Illuminate\\Pipeline\\Pipeline.php(167): Illuminate\\Http\\Middleware\\TrustProxies->handle(Object(Illuminate\\Http\\Request), Object(Closure))
#61 F:\\.My Projects\\Databse\\Attendance_Management_System\\vendor\\laravel\\framework\\src\\Illuminate\\Pipeline\\Pipeline.php(103): Illuminate\\Pipeline\\Pipeline->Illuminate\\Pipeline\\{closure}(Object(Illuminate\\Http\\Request))
#62 F:\\.My Projects\\Databse\\Attendance_Management_System\\vendor\\laravel\\framework\\src\\Illuminate\\Foundation\\Http\\Kernel.php(142): Illuminate\\Pipeline\\Pipeline->then(Object(Closure))
#63 F:\\.My Projects\\Databse\\Attendance_Management_System\\vendor\\laravel\\framework\\src\\Illuminate\\Foundation\\Http\\Kernel.php(111): Illuminate\\Foundation\\Http\\Kernel->sendRequestThroughRouter(Object(Illuminate\\Http\\Request))
#64 F:\\.My Projects\\Databse\\Attendance_Management_System\\public\\index.php(54): Illuminate\\Foundation\\Http\\Kernel->handle(Object(Illuminate\\Http\\Request))
#65 F:\\.My Projects\\Databse\\Attendance_Management_System\\server.php(21): require_once('F:\\\\.My Projects...')
#66 {main}

[previous exception] [object] (PDOException(code: 2002): SQLSTATE[HY000] [2002] No connection could be made because the target machine actively refused it at F:\\.My Projects\\Databse\\Attendance_Management_System\\vendor\\laravel\\framework\\src\\Illuminate\\Database\\Connectors\\Connector.php:70)
[stacktrace]
#0 F:\\.My Projects\\Databse\\Attendance_Management_System\\vendor\\laravel\\framework\\src\\Illuminate\\Database\\Connectors\\Connector.php(70): PDO->__construct('mysql:host=127....', 'root', Object(SensitiveParameterValue), Array)
#1 F:\\.My Projects\\Databse\\Attendance_Management_System\\vendor\\laravel\\framework\\src\\Illuminate\\Database\\Connectors\\Connector.php(45): Illuminate\\Database\\Connectors\\Connector->createPdoConnection('mysql:host=127....', 'root', '', Array)
#2 F:\\.My Projects\\Databse\\Attendance_Management_System\\vendor\\laravel\\framework\\src\\Illuminate\\Database\\Connectors\\MySqlConnector.php(24): Illuminate\\Database\\Connectors\\Connector->createConnection('mysql:host=127....', Array, Array)
#3 F:\\.My Projects\\Databse\\Attendance_Management_System\\vendor\\laravel\\framework\\src\\Illuminate\\Database\\Connectors\\ConnectionFactory.php(184): Illuminate\\Database\\Connectors\\MySqlConnector->connect(Array)
#4 [internal function]: Illuminate\\Database\\Connectors\\ConnectionFactory->Illuminate\\Database\\Connectors\\{closure}()
#5 F:\\.My Projects\\Databse\\Attendance_Management_System\\vendor\\laravel\\framework\\src\\Illuminate\\Database\\Connection.php(1064): call_user_func(Object(Closure))
#6 F:\\.My Projects\\Databse\\Attendance_Management_System\\vendor\\laravel\\framework\\src\\Illuminate\\Database\\Connection.php(1100): Illuminate\\Database\\Connection->getPdo()
#7 F:\\.My Projects\\Databse\\Attendance_Management_System\\vendor\\laravel\\framework\\src\\Illuminate\\Database\\Connection.php(442): Illuminate\\Database\\Connection->getReadPdo()
#8 F:\\.My Projects\\Databse\\Attendance_Management_System\\vendor\\laravel\\framework\\src\\Illuminate\\Database\\Connection.php(368): Illuminate\\Database\\Connection->getPdoForSelect(true)
#9 F:\\.My Projects\\Databse\\Attendance_Management_System\\vendor\\laravel\\framework\\src\\Illuminate\\Database\\Connection.php(705): Illuminate\\Database\\Connection->Illuminate\\Database\\{closure}('select * from `...', Array)
#10 F:\\.My Projects\\Databse\\Attendance_Management_System\\vendor\\laravel\\framework\\src\\Illuminate\\Database\\Connection.php(672): Illuminate\\Database\\Connection->runQueryCallback('select * from `...', Array, Object(Closure))
#11 F:\\.My Projects\\Databse\\Attendance_Management_System\\vendor\\laravel\\framework\\src\\Illuminate\\Database\\Connection.php(359): Illuminate\\Database\\Connection->run('select * from `...', Array, Object(Closure))
#12 F:\\.My Projects\\Databse\\Attendance_Management_System\\vendor\\laravel\\framework\\src\\Illuminate\\Database\\Query\\Builder.php(2413): Illuminate\\Database\\Connection->select('select * from `...', Array, true)
#13 F:\\.My Projects\\Databse\\Attendance_Management_System\\vendor\\laravel\\framework\\src\\Illuminate\\Database\\Query\\Builder.php(2402): Illuminate\\Database\\Query\\Builder->runSelect()
#14 F:\\.My Projects\\Databse\\Attendance_Management_System\\vendor\\laravel\\framework\\src\\Illuminate\\Database\\Query\\Builder.php(2936): Illuminate\\Database\\Query\\Builder->Illuminate\\Database\\Query\\{closure}()
#15 F:\\.My Projects\\Databse\\Attendance_Management_System\\vendor\\laravel\\framework\\src\\Illuminate\\Database\\Query\\Builder.php(2401): Illuminate\\Database\\Query\\Builder->onceWithColumns(Array, Object(Closure))
#16 F:\\.My Projects\\Databse\\Attendance_Management_System\\vendor\\laravel\\framework\\src\\Illuminate\\Database\\Eloquent\\Builder.php(625): Illuminate\\Database\\Query\\Builder->get(Array)
#17 F:\\.My Projects\\Databse\\Attendance_Management_System\\vendor\\laravel\\framework\\src\\Illuminate\\Database\\Eloquent\\Builder.php(609): Illuminate\\Database\\Eloquent\\Builder->getModels(Array)
#18 F:\\.My Projects\\Databse\\Attendance_Management_System\\vendor\\laravel\\framework\\src\\Illuminate\\Database\\Concerns\\BuildsQueries.php(294): Illuminate\\Database\\Eloquent\\Builder->get(Array)
#19 F:\\.My Projects\\Databse\\Attendance_Management_System\\vendor\\laravel\\framework\\src\\Illuminate\\Auth\\EloquentUserProvider.php(53): Illuminate\\Database\\Eloquent\\Builder->first()
#20 F:\\.My Projects\\Databse\\Attendance_Management_System\\vendor\\laravel\\framework\\src\\Illuminate\\Auth\\SessionGuard.php(159): Illuminate\\Auth\\EloquentUserProvider->retrieveById(1)
#21 F:\\.My Projects\\Databse\\Attendance_Management_System\\vendor\\laravel\\framework\\src\\Illuminate\\Auth\\GuardHelpers.php(60): Illuminate\\Auth\\SessionGuard->user()
#22 F:\\.My Projects\\Databse\\Attendance_Management_System\\storage\\framework\\views\\1f5f93e2d57159b8be9e60f946248c836725e606.php(6): Illuminate\\Auth\\SessionGuard->check()
#23 F:\\.My Projects\\Databse\\Attendance_Management_System\\vendor\\laravel\\framework\\src\\Illuminate\\Filesystem\\Filesystem.php(107): require('F:\\\\.My Projects...')
#24 F:\\.My Projects\\Databse\\Attendance_Management_System\\vendor\\laravel\\framework\\src\\Illuminate\\Filesystem\\Filesystem.php(108): Illuminate\\Filesystem\\Filesystem::Illuminate\\Filesystem\\{closure}()
#25 F:\\.My Projects\\Databse\\Attendance_Management_System\\vendor\\laravel\\framework\\src\\Illuminate\\View\\Engines\\PhpEngine.php(58): Illuminate\\Filesystem\\Filesystem->getRequire('F:\\\\.My Projects...', Array)
#26 F:\\.My Projects\\Databse\\Attendance_Management_System\\vendor\\laravel\\framework\\src\\Illuminate\\View\\Engines\\CompilerEngine.php(61): Illuminate\\View\\Engines\\PhpEngine->evaluatePath('F:\\\\.My Projects...', Array)
#27 F:\\.My Projects\\Databse\\Attendance_Management_System\\vendor\\facade\\ignition\\src\\Views\\Engines\\CompilerEngine.php(37): Illuminate\\View\\Engines\\CompilerEngine->get('F:\\\\.My Projects...', Array)
#28 F:\\.My Projects\\Databse\\Attendance_Management_System\\vendor\\laravel\\framework\\src\\Illuminate\\View\\View.php(139): Facade\\Ignition\\Views\\Engines\\CompilerEngine->get('F:\\\\.My Projects...', Array)
#29 F:\\.My Projects\\Databse\\Attendance_Management_System\\vendor\\laravel\\framework\\src\\Illuminate\\View\\View.php(122): Illuminate\\View\\View->getContents()
#30 F:\\.My Projects\\Databse\\Attendance_Management_System\\vendor\\laravel\\framework\\src\\Illuminate\\View\\View.php(91): Illuminate\\View\\View->renderContents()
#31 F:\\.My Projects\\Databse\\Attendance_Management_System\\vendor\\laravel\\framework\\src\\Illuminate\\Http\\Response.php(69): Illuminate\\View\\View->render()
#32 F:\\.My Projects\\Databse\\Attendance_Management_System\\vendor\\laravel\\framework\\src\\Illuminate\\Http\\Response.php(35): Illuminate\\Http\\Response->setContent(Object(Illuminate\\View\\View))
#33 F:\\.My Projects\\Databse\\Attendance_Management_System\\vendor\\laravel\\framework\\src\\Illuminate\\Routing\\Router.php(820): Illuminate\\Http\\Response->__construct(Object(Illuminate\\View\\View), 200, Array)
#34 F:\\.My Projects\\Databse\\Attendance_Management_System\\vendor\\laravel\\framework\\src\\Illuminate\\Routing\\Router.php(789): Illuminate\\Routing\\Router::toResponse(Object(Illuminate\\Http\\Request), Object(Illuminate\\View\\View))
#35 F:\\.My Projects\\Databse\\Attendance_Management_System\\vendor\\laravel\\framework\\src\\Illuminate\\Routing\\Router.php(720): Illuminate\\Routing\\Router->prepareResponse(Object(Illuminate\\Http\\Request), Object(Illuminate\\View\\View))
#36 F:\\.My Projects\\Databse\\Attendance_Management_System\\vendor\\laravel\\framework\\src\\Illuminate\\Pipeline\\Pipeline.php(128): Illuminate\\Routing\\Router->Illuminate\\Routing\\{closure}(Object(Illuminate\\Http\\Request))
#37 F:\\.My Projects\\Databse\\Attendance_Management_System\\vendor\\laravel\\framework\\src\\Illuminate\\Routing\\Middleware\\SubstituteBindings.php(50): Illuminate\\Pipeline\\Pipeline->Illuminate\\Pipeline\\{closure}(Object(Illuminate\\Http\\Request))
#38 F:\\.My Projects\\Databse\\Attendance_Management_System\\vendor\\laravel\\framework\\src\\Illuminate\\Pipeline\\Pipeline.php(167): Illuminate\\Routing\\Middleware\\SubstituteBindings->handle(Object(Illuminate\\Http\\Request), Object(Closure))
#39 F:\\.My Projects\\Databse\\Attendance_Management_System\\vendor\\laravel\\framework\\src\\Illuminate\\Foundation\\Http\\Middleware\\VerifyCsrfToken.php(78): Illuminate\\Pipeline\\Pipeline->Illuminate\\Pipeline\\{closure}(Object(Illuminate\\Http\\Request))
#40 F:\\.My Projects\\Databse\\Attendance_Management_System\\vendor\\laravel\\framework\\src\\Illuminate\\Pipeline\\Pipeline.php(167): Illuminate\\Foundation\\Http\\Middleware\\VerifyCsrfToken->handle(Object(Illuminate\\Http\\Request), Object(Closure))
#41 F:\\.My Projects\\Databse\\Attendance_Management_System\\vendor\\laravel\\framework\\src\\Illuminate\\View\\Middleware\\ShareErrorsFromSession.php(49): Illuminate\\Pipeline\\Pipeline->Illuminate\\Pipeline\\{closure}(Object(Illuminate\\Http\\Request))
#42 F:\\.My Projects\\Databse\\Attendance_Management_System\\vendor\\laravel\\framework\\src\\Illuminate\\Pipeline\\Pipeline.php(167): Illuminate\\View\\Middleware\\ShareErrorsFromSession->handle(Object(Illuminate\\Http\\Request), Object(Closure))
#43 F:\\.My Projects\\Databse\\Attendance_Management_System\\vendor\\laravel\\framework\\src\\Illuminate\\Session\\Middleware\\StartSession.php(121): Illuminate\\Pipeline\\Pipeline->Illuminate\\Pipeline\\{closure}(Object(Illuminate\\Http\\Request))
#44 F:\\.My Projects\\Databse\\Attendance_Management_System\\vendor\\laravel\\framework\\src\\Illuminate\\Session\\Middleware\\StartSession.php(64): Illuminate\\Session\\Middleware\\StartSession->handleStatefulRequest(Object(Illuminate\\Http\\Request), Object(Illuminate\\Session\\Store), Object(Closure))
#45 F:\\.My Projects\\Databse\\Attendance_Management_System\\vendor\\laravel\\framework\\src\\Illuminate\\Pipeline\\Pipeline.php(167): Illuminate\\Session\\Middleware\\StartSession->handle(Object(Illuminate\\Http\\Request), Object(Closure))
#46 F:\\.My Projects\\Databse\\Attendance_Management_System\\vendor\\laravel\\framework\\src\\Illuminate\\Cookie\\Middleware\\AddQueuedCookiesToResponse.php(37): Illuminate\\Pipeline\\Pipeline->Illuminate\\Pipeline\\{closure}(Object(Illuminate\\Http\\Request))
#47 F:\\.My Projects\\Databse\\Attendance_Management_System\\vendor\\laravel\\framework\\src\\Illuminate\\Pipeline\\Pipeline.php(167): Illuminate\\Cookie\\Middleware\\AddQueuedCookiesToResponse->handle(Object(Illuminate\\Http\\Request), Object(Closure))
#48 F:\\.My Projects\\Databse\\Attendance_Management_System\\vendor\\laravel\\framework\\src\\Illuminate\\Cookie\\Middleware\\EncryptCookies.php(67): Illuminate\\Pipeline\\Pipeline->Illuminate\\Pipeline\\{closure}(Object(Illuminate\\Http\\Request))
#49 F:\\.My Projects\\Databse\\Attendance_Management_System\\vendor\\laravel\\framework\\src\\Illuminate\\Pipeline\\Pipeline.php(167): Illuminate\\Cookie\\Middleware\\EncryptCookies->handle(Object(Illuminate\\Http\\Request), Object(Closure))
#50 F:\\.My Projects\\Databse\\Attendance_Management_System\\vendor\\laravel\\framework\\src\\Illuminate\\Pipeline\\Pipeline.php(103): Illuminate\\Pipeline\\Pipeline->Illuminate\\Pipeline\\{closure}(Object(Illuminate\\Http\\Request))
#51 F:\\.My Projects\\Databse\\Attendance_Management_System\\vendor\\laravel\\framework\\src\\Illuminate\\Routing\\Router.php(719): Illuminate\\Pipeline\\Pipeline->then(Object(Closure))
#52 F:\\.My Projects\\Databse\\Attendance_Management_System\\vendor\\laravel\\framework\\src\\Illuminate\\Routing\\Router.php(698): Illuminate\\Routing\\Router->runRouteWithinStack(Object(Illuminate\\Routing\\Route), Object(Illuminate\\Http\\Request))
#53 F:\\.My Projects\\Databse\\Attendance_Management_System\\vendor\\laravel\\framework\\src\\Illuminate\\Routing\\Router.php(662): Illuminate\\Routing\\Router->runRoute(Object(Illuminate\\Http\\Request), Object(Illuminate\\Routing\\Route))
#54 F:\\.My Projects\\Databse\\Attendance_Management_System\\vendor\\laravel\\framework\\src\\Illuminate\\Routing\\Router.php(651): Illuminate\\Routing\\Router->dispatchToRoute(Object(Illuminate\\Http\\Request))
#55 F:\\.My Projects\\Databse\\Attendance_Management_System\\vendor\\laravel\\framework\\src\\Illuminate\\Foundation\\Http\\Kernel.php(167): Illuminate\\Routing\\Router->dispatch(Object(Illuminate\\Http\\Request))
#56 F:\\.My Projects\\Databse\\Attendance_Management_System\\vendor\\laravel\\framework\\src\\Illuminate\\Pipeline\\Pipeline.php(128): Illuminate\\Foundation\\Http\\Kernel->Illuminate\\Foundation\\Http\\{closure}(Object(Illuminate\\Http\\Request))
#57 F:\\.My Projects\\Databse\\Attendance_Management_System\\vendor\\laravel\\framework\\src\\Illuminate\\Foundation\\Http\\Middleware\\TransformsRequest.php(21): Illuminate\\Pipeline\\Pipeline->Illuminate\\Pipeline\\{closure}(Object(Illuminate\\Http\\Request))
#58 F:\\.My Projects\\Databse\\Attendance_Management_System\\vendor\\laravel\\framework\\src\\Illuminate\\Foundation\\Http\\Middleware\\ConvertEmptyStringsToNull.php(31): Illuminate\\Foundation\\Http\\Middleware\\TransformsRequest->handle(Object(Illuminate\\Http\\Request), Object(Closure))
#59 F:\\.My Projects\\Databse\\Attendance_Management_System\\vendor\\laravel\\framework\\src\\Illuminate\\Pipeline\\Pipeline.php(167): Illuminate\\Foundation\\Http\\Middleware\\ConvertEmptyStringsToNull->handle(Object(Illuminate\\Http\\Request), Object(Closure))
#60 F:\\.My Projects\\Databse\\Attendance_Management_System\\vendor\\laravel\\framework\\src\\Illuminate\\Foundation\\Http\\Middleware\\TransformsRequest.php(21): Illuminate\\Pipeline\\Pipeline->Illuminate\\Pipeline\\{closure}(Object(Illuminate\\Http\\Request))
#61 F:\\.My Projects\\Databse\\Attendance_Management_System\\vendor\\laravel\\framework\\src\\Illuminate\\Foundation\\Http\\Middleware\\TrimStrings.php(40): Illuminate\\Foundation\\Http\\Middleware\\TransformsRequest->handle(Object(Illuminate\\Http\\Request), Object(Closure))
#62 F:\\.My Projects\\Databse\\Attendance_Management_System\\vendor\\laravel\\framework\\src\\Illuminate\\Pipeline\\Pipeline.php(167): Illuminate\\Foundation\\Http\\Middleware\\TrimStrings->handle(Object(Illuminate\\Http\\Request), Object(Closure))
#63 F:\\.My Projects\\Databse\\Attendance_Management_System\\vendor\\laravel\\framework\\src\\Illuminate\\Foundation\\Http\\Middleware\\ValidatePostSize.php(27): Illuminate\\Pipeline\\Pipeline->Illuminate\\Pipeline\\{closure}(Object(Illuminate\\Http\\Request))
#64 F:\\.My Projects\\Databse\\Attendance_Management_System\\vendor\\laravel\\framework\\src\\Illuminate\\Pipeline\\Pipeline.php(167): Illuminate\\Foundation\\Http\\Middleware\\ValidatePostSize->handle(Object(Illuminate\\Http\\Request), Object(Closure))
#65 F:\\.My Projects\\Databse\\Attendance_Management_System\\vendor\\laravel\\framework\\src\\Illuminate\\Foundation\\Http\\Middleware\\PreventRequestsDuringMaintenance.php(86): Illuminate\\Pipeline\\Pipeline->Illuminate\\Pipeline\\{closure}(Object(Illuminate\\Http\\Request))
#66 F:\\.My Projects\\Databse\\Attendance_Management_System\\vendor\\laravel\\framework\\src\\Illuminate\\Pipeline\\Pipeline.php(167): Illuminate\\Foundation\\Http\\Middleware\\PreventRequestsDuringMaintenance->handle(Object(Illuminate\\Http\\Request), Object(Closure))
#67 F:\\.My Projects\\Databse\\Attendance_Management_System\\vendor\\fruitcake\\laravel-cors\\src\\HandleCors.php(38): Illuminate\\Pipeline\\Pipeline->Illuminate\\Pipeline\\{closure}(Object(Illuminate\\Http\\Request))
#68 F:\\.My Projects\\Databse\\Attendance_Management_System\\vendor\\laravel\\framework\\src\\Illuminate\\Pipeline\\Pipeline.php(167): Fruitcake\\Cors\\HandleCors->handle(Object(Illuminate\\Http\\Request), Object(Closure))
#69 F:\\.My Projects\\Databse\\Attendance_Management_System\\vendor\\laravel\\framework\\src\\Illuminate\\Http\\Middleware\\TrustProxies.php(39): Illuminate\\Pipeline\\Pipeline->Illuminate\\Pipeline\\{closure}(Object(Illuminate\\Http\\Request))
#70 F:\\.My Projects\\Databse\\Attendance_Management_System\\vendor\\laravel\\framework\\src\\Illuminate\\Pipeline\\Pipeline.php(167): Illuminate\\Http\\Middleware\\TrustProxies->handle(Object(Illuminate\\Http\\Request), Object(Closure))
#71 F:\\.My Projects\\Databse\\Attendance_Management_System\\vendor\\laravel\\framework\\src\\Illuminate\\Pipeline\\Pipeline.php(103): Illuminate\\Pipeline\\Pipeline->Illuminate\\Pipeline\\{closure}(Object(Illuminate\\Http\\Request))
#72 F:\\.My Projects\\Databse\\Attendance_Management_System\\vendor\\laravel\\framework\\src\\Illuminate\\Foundation\\Http\\Kernel.php(142): Illuminate\\Pipeline\\Pipeline->then(Object(Closure))
#73 F:\\.My Projects\\Databse\\Attendance_Management_System\\vendor\\laravel\\framework\\src\\Illuminate\\Foundation\\Http\\Kernel.php(111): Illuminate\\Foundation\\Http\\Kernel->sendRequestThroughRouter(Object(Illuminate\\Http\\Request))
#74 F:\\.My Projects\\Databse\\Attendance_Management_System\\public\\index.php(54): Illuminate\\Foundation\\Http\\Kernel->handle(Object(Illuminate\\Http\\Request))
#75 F:\\.My Projects\\Databse\\Attendance_Management_System\\server.php(21): require_once('F:\\\\.My Projects...')
#76 {main}
"} 
[2025-05-01 13:14:15] local.ERROR: SQLSTATE[HY000] [2002] No connection could be made because the target machine actively refused it (SQL: select * from `users` where `id` = 1 limit 1) (View: F:\.My Projects\Databse\Attendance_Management_System\resources\views\welcome.blade.php) {"view":{"view":"F:\\.My Projects\\Databse\\Attendance_Management_System\\vendor\\laravel\\framework\\src\\Illuminate\\Database\\Connection.php","data":[]},"exception":"[object] (Facade\\Ignition\\Exceptions\\ViewException(code: 0): SQLSTATE[HY000] [2002] No connection could be made because the target machine actively refused it (SQL: select * from `users` where `id` = 1 limit 1) (View: F:\\.My Projects\\Databse\\Attendance_Management_System\\resources\\views\\welcome.blade.php) at F:\\.My Projects\\Databse\\Attendance_Management_System\\vendor\\laravel\\framework\\src\\Illuminate\\Database\\Connection.php:712)
[stacktrace]
#0 F:\\.My Projects\\Databse\\Attendance_Management_System\\vendor\\laravel\\framework\\src\\Illuminate\\Database\\Connection.php(672): Illuminate\\Database\\Connection->runQueryCallback('select * from `...', Array, Object(Closure))
#1 F:\\.My Projects\\Databse\\Attendance_Management_System\\vendor\\laravel\\framework\\src\\Illuminate\\Database\\Connection.php(359): Illuminate\\Database\\Connection->run('select * from `...', Array, Object(Closure))
#2 F:\\.My Projects\\Databse\\Attendance_Management_System\\vendor\\laravel\\framework\\src\\Illuminate\\Database\\Query\\Builder.php(2413): Illuminate\\Database\\Connection->select('select * from `...', Array, true)
#3 F:\\.My Projects\\Databse\\Attendance_Management_System\\vendor\\laravel\\framework\\src\\Illuminate\\Database\\Query\\Builder.php(2402): Illuminate\\Database\\Query\\Builder->runSelect()
#4 F:\\.My Projects\\Databse\\Attendance_Management_System\\vendor\\laravel\\framework\\src\\Illuminate\\Database\\Query\\Builder.php(2936): Illuminate\\Database\\Query\\Builder->Illuminate\\Database\\Query\\{closure}()
#5 F:\\.My Projects\\Databse\\Attendance_Management_System\\vendor\\laravel\\framework\\src\\Illuminate\\Database\\Query\\Builder.php(2401): Illuminate\\Database\\Query\\Builder->onceWithColumns(Array, Object(Closure))
#6 F:\\.My Projects\\Databse\\Attendance_Management_System\\vendor\\laravel\\framework\\src\\Illuminate\\Database\\Eloquent\\Builder.php(625): Illuminate\\Database\\Query\\Builder->get(Array)
#7 F:\\.My Projects\\Databse\\Attendance_Management_System\\vendor\\laravel\\framework\\src\\Illuminate\\Database\\Eloquent\\Builder.php(609): Illuminate\\Database\\Eloquent\\Builder->getModels(Array)
#8 F:\\.My Projects\\Databse\\Attendance_Management_System\\vendor\\laravel\\framework\\src\\Illuminate\\Database\\Concerns\\BuildsQueries.php(294): Illuminate\\Database\\Eloquent\\Builder->get(Array)
#9 F:\\.My Projects\\Databse\\Attendance_Management_System\\vendor\\laravel\\framework\\src\\Illuminate\\Auth\\EloquentUserProvider.php(53): Illuminate\\Database\\Eloquent\\Builder->first()
#10 F:\\.My Projects\\Databse\\Attendance_Management_System\\vendor\\laravel\\framework\\src\\Illuminate\\Auth\\SessionGuard.php(159): Illuminate\\Auth\\EloquentUserProvider->retrieveById(1)
#11 F:\\.My Projects\\Databse\\Attendance_Management_System\\vendor\\laravel\\framework\\src\\Illuminate\\Auth\\GuardHelpers.php(60): Illuminate\\Auth\\SessionGuard->user()
#12 F:\\.My Projects\\Databse\\Attendance_Management_System\\resources\\views/welcome.blade.php(6): Illuminate\\Auth\\SessionGuard->check()
#13 F:\\.My Projects\\Databse\\Attendance_Management_System\\vendor\\laravel\\framework\\src\\Illuminate\\Filesystem\\Filesystem.php(107): require('F:\\\\.My Projects...')
#14 F:\\.My Projects\\Databse\\Attendance_Management_System\\vendor\\laravel\\framework\\src\\Illuminate\\Filesystem\\Filesystem.php(108): Illuminate\\Filesystem\\Filesystem::Illuminate\\Filesystem\\{closure}()
#15 F:\\.My Projects\\Databse\\Attendance_Management_System\\vendor\\laravel\\framework\\src\\Illuminate\\View\\Engines\\PhpEngine.php(58): Illuminate\\Filesystem\\Filesystem->getRequire('F:\\\\.My Projects...', Array)
#16 F:\\.My Projects\\Databse\\Attendance_Management_System\\vendor\\laravel\\framework\\src\\Illuminate\\View\\Engines\\CompilerEngine.php(61): Illuminate\\View\\Engines\\PhpEngine->evaluatePath('F:\\\\.My Projects...', Array)
#17 F:\\.My Projects\\Databse\\Attendance_Management_System\\vendor\\facade\\ignition\\src\\Views\\Engines\\CompilerEngine.php(37): Illuminate\\View\\Engines\\CompilerEngine->get('F:\\\\.My Projects...', Array)
#18 F:\\.My Projects\\Databse\\Attendance_Management_System\\vendor\\laravel\\framework\\src\\Illuminate\\View\\View.php(139): Facade\\Ignition\\Views\\Engines\\CompilerEngine->get('F:\\\\.My Projects...', Array)
#19 F:\\.My Projects\\Databse\\Attendance_Management_System\\vendor\\laravel\\framework\\src\\Illuminate\\View\\View.php(122): Illuminate\\View\\View->getContents()
#20 F:\\.My Projects\\Databse\\Attendance_Management_System\\vendor\\laravel\\framework\\src\\Illuminate\\View\\View.php(91): Illuminate\\View\\View->renderContents()
#21 F:\\.My Projects\\Databse\\Attendance_Management_System\\vendor\\laravel\\framework\\src\\Illuminate\\Http\\Response.php(69): Illuminate\\View\\View->render()
#22 F:\\.My Projects\\Databse\\Attendance_Management_System\\vendor\\laravel\\framework\\src\\Illuminate\\Http\\Response.php(35): Illuminate\\Http\\Response->setContent(Object(Illuminate\\View\\View))
#23 F:\\.My Projects\\Databse\\Attendance_Management_System\\vendor\\laravel\\framework\\src\\Illuminate\\Routing\\Router.php(820): Illuminate\\Http\\Response->__construct(Object(Illuminate\\View\\View), 200, Array)
#24 F:\\.My Projects\\Databse\\Attendance_Management_System\\vendor\\laravel\\framework\\src\\Illuminate\\Routing\\Router.php(789): Illuminate\\Routing\\Router::toResponse(Object(Illuminate\\Http\\Request), Object(Illuminate\\View\\View))
#25 F:\\.My Projects\\Databse\\Attendance_Management_System\\vendor\\laravel\\framework\\src\\Illuminate\\Routing\\Router.php(720): Illuminate\\Routing\\Router->prepareResponse(Object(Illuminate\\Http\\Request), Object(Illuminate\\View\\View))
#26 F:\\.My Projects\\Databse\\Attendance_Management_System\\vendor\\laravel\\framework\\src\\Illuminate\\Pipeline\\Pipeline.php(128): Illuminate\\Routing\\Router->Illuminate\\Routing\\{closure}(Object(Illuminate\\Http\\Request))
#27 F:\\.My Projects\\Databse\\Attendance_Management_System\\vendor\\laravel\\framework\\src\\Illuminate\\Routing\\Middleware\\SubstituteBindings.php(50): Illuminate\\Pipeline\\Pipeline->Illuminate\\Pipeline\\{closure}(Object(Illuminate\\Http\\Request))
#28 F:\\.My Projects\\Databse\\Attendance_Management_System\\vendor\\laravel\\framework\\src\\Illuminate\\Pipeline\\Pipeline.php(167): Illuminate\\Routing\\Middleware\\SubstituteBindings->handle(Object(Illuminate\\Http\\Request), Object(Closure))
#29 F:\\.My Projects\\Databse\\Attendance_Management_System\\vendor\\laravel\\framework\\src\\Illuminate\\Foundation\\Http\\Middleware\\VerifyCsrfToken.php(78): Illuminate\\Pipeline\\Pipeline->Illuminate\\Pipeline\\{closure}(Object(Illuminate\\Http\\Request))
#30 F:\\.My Projects\\Databse\\Attendance_Management_System\\vendor\\laravel\\framework\\src\\Illuminate\\Pipeline\\Pipeline.php(167): Illuminate\\Foundation\\Http\\Middleware\\VerifyCsrfToken->handle(Object(Illuminate\\Http\\Request), Object(Closure))
#31 F:\\.My Projects\\Databse\\Attendance_Management_System\\vendor\\laravel\\framework\\src\\Illuminate\\View\\Middleware\\ShareErrorsFromSession.php(49): Illuminate\\Pipeline\\Pipeline->Illuminate\\Pipeline\\{closure}(Object(Illuminate\\Http\\Request))
#32 F:\\.My Projects\\Databse\\Attendance_Management_System\\vendor\\laravel\\framework\\src\\Illuminate\\Pipeline\\Pipeline.php(167): Illuminate\\View\\Middleware\\ShareErrorsFromSession->handle(Object(Illuminate\\Http\\Request), Object(Closure))
#33 F:\\.My Projects\\Databse\\Attendance_Management_System\\vendor\\laravel\\framework\\src\\Illuminate\\Session\\Middleware\\StartSession.php(121): Illuminate\\Pipeline\\Pipeline->Illuminate\\Pipeline\\{closure}(Object(Illuminate\\Http\\Request))
#34 F:\\.My Projects\\Databse\\Attendance_Management_System\\vendor\\laravel\\framework\\src\\Illuminate\\Session\\Middleware\\StartSession.php(64): Illuminate\\Session\\Middleware\\StartSession->handleStatefulRequest(Object(Illuminate\\Http\\Request), Object(Illuminate\\Session\\Store), Object(Closure))
#35 F:\\.My Projects\\Databse\\Attendance_Management_System\\vendor\\laravel\\framework\\src\\Illuminate\\Pipeline\\Pipeline.php(167): Illuminate\\Session\\Middleware\\StartSession->handle(Object(Illuminate\\Http\\Request), Object(Closure))
#36 F:\\.My Projects\\Databse\\Attendance_Management_System\\vendor\\laravel\\framework\\src\\Illuminate\\Cookie\\Middleware\\AddQueuedCookiesToResponse.php(37): Illuminate\\Pipeline\\Pipeline->Illuminate\\Pipeline\\{closure}(Object(Illuminate\\Http\\Request))
#37 F:\\.My Projects\\Databse\\Attendance_Management_System\\vendor\\laravel\\framework\\src\\Illuminate\\Pipeline\\Pipeline.php(167): Illuminate\\Cookie\\Middleware\\AddQueuedCookiesToResponse->handle(Object(Illuminate\\Http\\Request), Object(Closure))
#38 F:\\.My Projects\\Databse\\Attendance_Management_System\\vendor\\laravel\\framework\\src\\Illuminate\\Cookie\\Middleware\\EncryptCookies.php(67): Illuminate\\Pipeline\\Pipeline->Illuminate\\Pipeline\\{closure}(Object(Illuminate\\Http\\Request))
#39 F:\\.My Projects\\Databse\\Attendance_Management_System\\vendor\\laravel\\framework\\src\\Illuminate\\Pipeline\\Pipeline.php(167): Illuminate\\Cookie\\Middleware\\EncryptCookies->handle(Object(Illuminate\\Http\\Request), Object(Closure))
#40 F:\\.My Projects\\Databse\\Attendance_Management_System\\vendor\\laravel\\framework\\src\\Illuminate\\Pipeline\\Pipeline.php(103): Illuminate\\Pipeline\\Pipeline->Illuminate\\Pipeline\\{closure}(Object(Illuminate\\Http\\Request))
#41 F:\\.My Projects\\Databse\\Attendance_Management_System\\vendor\\laravel\\framework\\src\\Illuminate\\Routing\\Router.php(719): Illuminate\\Pipeline\\Pipeline->then(Object(Closure))
#42 F:\\.My Projects\\Databse\\Attendance_Management_System\\vendor\\laravel\\framework\\src\\Illuminate\\Routing\\Router.php(698): Illuminate\\Routing\\Router->runRouteWithinStack(Object(Illuminate\\Routing\\Route), Object(Illuminate\\Http\\Request))
#43 F:\\.My Projects\\Databse\\Attendance_Management_System\\vendor\\laravel\\framework\\src\\Illuminate\\Routing\\Router.php(662): Illuminate\\Routing\\Router->runRoute(Object(Illuminate\\Http\\Request), Object(Illuminate\\Routing\\Route))
#44 F:\\.My Projects\\Databse\\Attendance_Management_System\\vendor\\laravel\\framework\\src\\Illuminate\\Routing\\Router.php(651): Illuminate\\Routing\\Router->dispatchToRoute(Object(Illuminate\\Http\\Request))
#45 F:\\.My Projects\\Databse\\Attendance_Management_System\\vendor\\laravel\\framework\\src\\Illuminate\\Foundation\\Http\\Kernel.php(167): Illuminate\\Routing\\Router->dispatch(Object(Illuminate\\Http\\Request))
#46 F:\\.My Projects\\Databse\\Attendance_Management_System\\vendor\\laravel\\framework\\src\\Illuminate\\Pipeline\\Pipeline.php(128): Illuminate\\Foundation\\Http\\Kernel->Illuminate\\Foundation\\Http\\{closure}(Object(Illuminate\\Http\\Request))
#47 F:\\.My Projects\\Databse\\Attendance_Management_System\\vendor\\laravel\\framework\\src\\Illuminate\\Foundation\\Http\\Middleware\\TransformsRequest.php(21): Illuminate\\Pipeline\\Pipeline->Illuminate\\Pipeline\\{closure}(Object(Illuminate\\Http\\Request))
#48 F:\\.My Projects\\Databse\\Attendance_Management_System\\vendor\\laravel\\framework\\src\\Illuminate\\Foundation\\Http\\Middleware\\ConvertEmptyStringsToNull.php(31): Illuminate\\Foundation\\Http\\Middleware\\TransformsRequest->handle(Object(Illuminate\\Http\\Request), Object(Closure))
#49 F:\\.My Projects\\Databse\\Attendance_Management_System\\vendor\\laravel\\framework\\src\\Illuminate\\Pipeline\\Pipeline.php(167): Illuminate\\Foundation\\Http\\Middleware\\ConvertEmptyStringsToNull->handle(Object(Illuminate\\Http\\Request), Object(Closure))
#50 F:\\.My Projects\\Databse\\Attendance_Management_System\\vendor\\laravel\\framework\\src\\Illuminate\\Foundation\\Http\\Middleware\\TransformsRequest.php(21): Illuminate\\Pipeline\\Pipeline->Illuminate\\Pipeline\\{closure}(Object(Illuminate\\Http\\Request))
#51 F:\\.My Projects\\Databse\\Attendance_Management_System\\vendor\\laravel\\framework\\src\\Illuminate\\Foundation\\Http\\Middleware\\TrimStrings.php(40): Illuminate\\Foundation\\Http\\Middleware\\TransformsRequest->handle(Object(Illuminate\\Http\\Request), Object(Closure))
#52 F:\\.My Projects\\Databse\\Attendance_Management_System\\vendor\\laravel\\framework\\src\\Illuminate\\Pipeline\\Pipeline.php(167): Illuminate\\Foundation\\Http\\Middleware\\TrimStrings->handle(Object(Illuminate\\Http\\Request), Object(Closure))
#53 F:\\.My Projects\\Databse\\Attendance_Management_System\\vendor\\laravel\\framework\\src\\Illuminate\\Foundation\\Http\\Middleware\\ValidatePostSize.php(27): Illuminate\\Pipeline\\Pipeline->Illuminate\\Pipeline\\{closure}(Object(Illuminate\\Http\\Request))
#54 F:\\.My Projects\\Databse\\Attendance_Management_System\\vendor\\laravel\\framework\\src\\Illuminate\\Pipeline\\Pipeline.php(167): Illuminate\\Foundation\\Http\\Middleware\\ValidatePostSize->handle(Object(Illuminate\\Http\\Request), Object(Closure))
#55 F:\\.My Projects\\Databse\\Attendance_Management_System\\vendor\\laravel\\framework\\src\\Illuminate\\Foundation\\Http\\Middleware\\PreventRequestsDuringMaintenance.php(86): Illuminate\\Pipeline\\Pipeline->Illuminate\\Pipeline\\{closure}(Object(Illuminate\\Http\\Request))
#56 F:\\.My Projects\\Databse\\Attendance_Management_System\\vendor\\laravel\\framework\\src\\Illuminate\\Pipeline\\Pipeline.php(167): Illuminate\\Foundation\\Http\\Middleware\\PreventRequestsDuringMaintenance->handle(Object(Illuminate\\Http\\Request), Object(Closure))
#57 F:\\.My Projects\\Databse\\Attendance_Management_System\\vendor\\fruitcake\\laravel-cors\\src\\HandleCors.php(38): Illuminate\\Pipeline\\Pipeline->Illuminate\\Pipeline\\{closure}(Object(Illuminate\\Http\\Request))
#58 F:\\.My Projects\\Databse\\Attendance_Management_System\\vendor\\laravel\\framework\\src\\Illuminate\\Pipeline\\Pipeline.php(167): Fruitcake\\Cors\\HandleCors->handle(Object(Illuminate\\Http\\Request), Object(Closure))
#59 F:\\.My Projects\\Databse\\Attendance_Management_System\\vendor\\laravel\\framework\\src\\Illuminate\\Http\\Middleware\\TrustProxies.php(39): Illuminate\\Pipeline\\Pipeline->Illuminate\\Pipeline\\{closure}(Object(Illuminate\\Http\\Request))
#60 F:\\.My Projects\\Databse\\Attendance_Management_System\\vendor\\laravel\\framework\\src\\Illuminate\\Pipeline\\Pipeline.php(167): Illuminate\\Http\\Middleware\\TrustProxies->handle(Object(Illuminate\\Http\\Request), Object(Closure))
#61 F:\\.My Projects\\Databse\\Attendance_Management_System\\vendor\\laravel\\framework\\src\\Illuminate\\Pipeline\\Pipeline.php(103): Illuminate\\Pipeline\\Pipeline->Illuminate\\Pipeline\\{closure}(Object(Illuminate\\Http\\Request))
#62 F:\\.My Projects\\Databse\\Attendance_Management_System\\vendor\\laravel\\framework\\src\\Illuminate\\Foundation\\Http\\Kernel.php(142): Illuminate\\Pipeline\\Pipeline->then(Object(Closure))
#63 F:\\.My Projects\\Databse\\Attendance_Management_System\\vendor\\laravel\\framework\\src\\Illuminate\\Foundation\\Http\\Kernel.php(111): Illuminate\\Foundation\\Http\\Kernel->sendRequestThroughRouter(Object(Illuminate\\Http\\Request))
#64 F:\\.My Projects\\Databse\\Attendance_Management_System\\public\\index.php(54): Illuminate\\Foundation\\Http\\Kernel->handle(Object(Illuminate\\Http\\Request))
#65 F:\\.My Projects\\Databse\\Attendance_Management_System\\server.php(21): require_once('F:\\\\.My Projects...')
#66 {main}

[previous exception] [object] (Illuminate\\Database\\QueryException(code: 2002): SQLSTATE[HY000] [2002] No connection could be made because the target machine actively refused it (SQL: select * from `users` where `id` = 1 limit 1) at F:\\.My Projects\\Databse\\Attendance_Management_System\\vendor\\laravel\\framework\\src\\Illuminate\\Database\\Connection.php:712)
[stacktrace]
#0 F:\\.My Projects\\Databse\\Attendance_Management_System\\vendor\\laravel\\framework\\src\\Illuminate\\Database\\Connection.php(672): Illuminate\\Database\\Connection->runQueryCallback('select * from `...', Array, Object(Closure))
#1 F:\\.My Projects\\Databse\\Attendance_Management_System\\vendor\\laravel\\framework\\src\\Illuminate\\Database\\Connection.php(359): Illuminate\\Database\\Connection->run('select * from `...', Array, Object(Closure))
#2 F:\\.My Projects\\Databse\\Attendance_Management_System\\vendor\\laravel\\framework\\src\\Illuminate\\Database\\Query\\Builder.php(2413): Illuminate\\Database\\Connection->select('select * from `...', Array, true)
#3 F:\\.My Projects\\Databse\\Attendance_Management_System\\vendor\\laravel\\framework\\src\\Illuminate\\Database\\Query\\Builder.php(2402): Illuminate\\Database\\Query\\Builder->runSelect()
#4 F:\\.My Projects\\Databse\\Attendance_Management_System\\vendor\\laravel\\framework\\src\\Illuminate\\Database\\Query\\Builder.php(2936): Illuminate\\Database\\Query\\Builder->Illuminate\\Database\\Query\\{closure}()
#5 F:\\.My Projects\\Databse\\Attendance_Management_System\\vendor\\laravel\\framework\\src\\Illuminate\\Database\\Query\\Builder.php(2401): Illuminate\\Database\\Query\\Builder->onceWithColumns(Array, Object(Closure))
#6 F:\\.My Projects\\Databse\\Attendance_Management_System\\vendor\\laravel\\framework\\src\\Illuminate\\Database\\Eloquent\\Builder.php(625): Illuminate\\Database\\Query\\Builder->get(Array)
#7 F:\\.My Projects\\Databse\\Attendance_Management_System\\vendor\\laravel\\framework\\src\\Illuminate\\Database\\Eloquent\\Builder.php(609): Illuminate\\Database\\Eloquent\\Builder->getModels(Array)
#8 F:\\.My Projects\\Databse\\Attendance_Management_System\\vendor\\laravel\\framework\\src\\Illuminate\\Database\\Concerns\\BuildsQueries.php(294): Illuminate\\Database\\Eloquent\\Builder->get(Array)
#9 F:\\.My Projects\\Databse\\Attendance_Management_System\\vendor\\laravel\\framework\\src\\Illuminate\\Auth\\EloquentUserProvider.php(53): Illuminate\\Database\\Eloquent\\Builder->first()
#10 F:\\.My Projects\\Databse\\Attendance_Management_System\\vendor\\laravel\\framework\\src\\Illuminate\\Auth\\SessionGuard.php(159): Illuminate\\Auth\\EloquentUserProvider->retrieveById(1)
#11 F:\\.My Projects\\Databse\\Attendance_Management_System\\vendor\\laravel\\framework\\src\\Illuminate\\Auth\\GuardHelpers.php(60): Illuminate\\Auth\\SessionGuard->user()
#12 F:\\.My Projects\\Databse\\Attendance_Management_System\\storage\\framework\\views\\1f5f93e2d57159b8be9e60f946248c836725e606.php(6): Illuminate\\Auth\\SessionGuard->check()
#13 F:\\.My Projects\\Databse\\Attendance_Management_System\\vendor\\laravel\\framework\\src\\Illuminate\\Filesystem\\Filesystem.php(107): require('F:\\\\.My Projects...')
#14 F:\\.My Projects\\Databse\\Attendance_Management_System\\vendor\\laravel\\framework\\src\\Illuminate\\Filesystem\\Filesystem.php(108): Illuminate\\Filesystem\\Filesystem::Illuminate\\Filesystem\\{closure}()
#15 F:\\.My Projects\\Databse\\Attendance_Management_System\\vendor\\laravel\\framework\\src\\Illuminate\\View\\Engines\\PhpEngine.php(58): Illuminate\\Filesystem\\Filesystem->getRequire('F:\\\\.My Projects...', Array)
#16 F:\\.My Projects\\Databse\\Attendance_Management_System\\vendor\\laravel\\framework\\src\\Illuminate\\View\\Engines\\CompilerEngine.php(61): Illuminate\\View\\Engines\\PhpEngine->evaluatePath('F:\\\\.My Projects...', Array)
#17 F:\\.My Projects\\Databse\\Attendance_Management_System\\vendor\\facade\\ignition\\src\\Views\\Engines\\CompilerEngine.php(37): Illuminate\\View\\Engines\\CompilerEngine->get('F:\\\\.My Projects...', Array)
#18 F:\\.My Projects\\Databse\\Attendance_Management_System\\vendor\\laravel\\framework\\src\\Illuminate\\View\\View.php(139): Facade\\Ignition\\Views\\Engines\\CompilerEngine->get('F:\\\\.My Projects...', Array)
#19 F:\\.My Projects\\Databse\\Attendance_Management_System\\vendor\\laravel\\framework\\src\\Illuminate\\View\\View.php(122): Illuminate\\View\\View->getContents()
#20 F:\\.My Projects\\Databse\\Attendance_Management_System\\vendor\\laravel\\framework\\src\\Illuminate\\View\\View.php(91): Illuminate\\View\\View->renderContents()
#21 F:\\.My Projects\\Databse\\Attendance_Management_System\\vendor\\laravel\\framework\\src\\Illuminate\\Http\\Response.php(69): Illuminate\\View\\View->render()
#22 F:\\.My Projects\\Databse\\Attendance_Management_System\\vendor\\laravel\\framework\\src\\Illuminate\\Http\\Response.php(35): Illuminate\\Http\\Response->setContent(Object(Illuminate\\View\\View))
#23 F:\\.My Projects\\Databse\\Attendance_Management_System\\vendor\\laravel\\framework\\src\\Illuminate\\Routing\\Router.php(820): Illuminate\\Http\\Response->__construct(Object(Illuminate\\View\\View), 200, Array)
#24 F:\\.My Projects\\Databse\\Attendance_Management_System\\vendor\\laravel\\framework\\src\\Illuminate\\Routing\\Router.php(789): Illuminate\\Routing\\Router::toResponse(Object(Illuminate\\Http\\Request), Object(Illuminate\\View\\View))
#25 F:\\.My Projects\\Databse\\Attendance_Management_System\\vendor\\laravel\\framework\\src\\Illuminate\\Routing\\Router.php(720): Illuminate\\Routing\\Router->prepareResponse(Object(Illuminate\\Http\\Request), Object(Illuminate\\View\\View))
#26 F:\\.My Projects\\Databse\\Attendance_Management_System\\vendor\\laravel\\framework\\src\\Illuminate\\Pipeline\\Pipeline.php(128): Illuminate\\Routing\\Router->Illuminate\\Routing\\{closure}(Object(Illuminate\\Http\\Request))
#27 F:\\.My Projects\\Databse\\Attendance_Management_System\\vendor\\laravel\\framework\\src\\Illuminate\\Routing\\Middleware\\SubstituteBindings.php(50): Illuminate\\Pipeline\\Pipeline->Illuminate\\Pipeline\\{closure}(Object(Illuminate\\Http\\Request))
#28 F:\\.My Projects\\Databse\\Attendance_Management_System\\vendor\\laravel\\framework\\src\\Illuminate\\Pipeline\\Pipeline.php(167): Illuminate\\Routing\\Middleware\\SubstituteBindings->handle(Object(Illuminate\\Http\\Request), Object(Closure))
#29 F:\\.My Projects\\Databse\\Attendance_Management_System\\vendor\\laravel\\framework\\src\\Illuminate\\Foundation\\Http\\Middleware\\VerifyCsrfToken.php(78): Illuminate\\Pipeline\\Pipeline->Illuminate\\Pipeline\\{closure}(Object(Illuminate\\Http\\Request))
#30 F:\\.My Projects\\Databse\\Attendance_Management_System\\vendor\\laravel\\framework\\src\\Illuminate\\Pipeline\\Pipeline.php(167): Illuminate\\Foundation\\Http\\Middleware\\VerifyCsrfToken->handle(Object(Illuminate\\Http\\Request), Object(Closure))
#31 F:\\.My Projects\\Databse\\Attendance_Management_System\\vendor\\laravel\\framework\\src\\Illuminate\\View\\Middleware\\ShareErrorsFromSession.php(49): Illuminate\\Pipeline\\Pipeline->Illuminate\\Pipeline\\{closure}(Object(Illuminate\\Http\\Request))
#32 F:\\.My Projects\\Databse\\Attendance_Management_System\\vendor\\laravel\\framework\\src\\Illuminate\\Pipeline\\Pipeline.php(167): Illuminate\\View\\Middleware\\ShareErrorsFromSession->handle(Object(Illuminate\\Http\\Request), Object(Closure))
#33 F:\\.My Projects\\Databse\\Attendance_Management_System\\vendor\\laravel\\framework\\src\\Illuminate\\Session\\Middleware\\StartSession.php(121): Illuminate\\Pipeline\\Pipeline->Illuminate\\Pipeline\\{closure}(Object(Illuminate\\Http\\Request))
#34 F:\\.My Projects\\Databse\\Attendance_Management_System\\vendor\\laravel\\framework\\src\\Illuminate\\Session\\Middleware\\StartSession.php(64): Illuminate\\Session\\Middleware\\StartSession->handleStatefulRequest(Object(Illuminate\\Http\\Request), Object(Illuminate\\Session\\Store), Object(Closure))
#35 F:\\.My Projects\\Databse\\Attendance_Management_System\\vendor\\laravel\\framework\\src\\Illuminate\\Pipeline\\Pipeline.php(167): Illuminate\\Session\\Middleware\\StartSession->handle(Object(Illuminate\\Http\\Request), Object(Closure))
#36 F:\\.My Projects\\Databse\\Attendance_Management_System\\vendor\\laravel\\framework\\src\\Illuminate\\Cookie\\Middleware\\AddQueuedCookiesToResponse.php(37): Illuminate\\Pipeline\\Pipeline->Illuminate\\Pipeline\\{closure}(Object(Illuminate\\Http\\Request))
#37 F:\\.My Projects\\Databse\\Attendance_Management_System\\vendor\\laravel\\framework\\src\\Illuminate\\Pipeline\\Pipeline.php(167): Illuminate\\Cookie\\Middleware\\AddQueuedCookiesToResponse->handle(Object(Illuminate\\Http\\Request), Object(Closure))
#38 F:\\.My Projects\\Databse\\Attendance_Management_System\\vendor\\laravel\\framework\\src\\Illuminate\\Cookie\\Middleware\\EncryptCookies.php(67): Illuminate\\Pipeline\\Pipeline->Illuminate\\Pipeline\\{closure}(Object(Illuminate\\Http\\Request))
#39 F:\\.My Projects\\Databse\\Attendance_Management_System\\vendor\\laravel\\framework\\src\\Illuminate\\Pipeline\\Pipeline.php(167): Illuminate\\Cookie\\Middleware\\EncryptCookies->handle(Object(Illuminate\\Http\\Request), Object(Closure))
#40 F:\\.My Projects\\Databse\\Attendance_Management_System\\vendor\\laravel\\framework\\src\\Illuminate\\Pipeline\\Pipeline.php(103): Illuminate\\Pipeline\\Pipeline->Illuminate\\Pipeline\\{closure}(Object(Illuminate\\Http\\Request))
#41 F:\\.My Projects\\Databse\\Attendance_Management_System\\vendor\\laravel\\framework\\src\\Illuminate\\Routing\\Router.php(719): Illuminate\\Pipeline\\Pipeline->then(Object(Closure))
#42 F:\\.My Projects\\Databse\\Attendance_Management_System\\vendor\\laravel\\framework\\src\\Illuminate\\Routing\\Router.php(698): Illuminate\\Routing\\Router->runRouteWithinStack(Object(Illuminate\\Routing\\Route), Object(Illuminate\\Http\\Request))
#43 F:\\.My Projects\\Databse\\Attendance_Management_System\\vendor\\laravel\\framework\\src\\Illuminate\\Routing\\Router.php(662): Illuminate\\Routing\\Router->runRoute(Object(Illuminate\\Http\\Request), Object(Illuminate\\Routing\\Route))
#44 F:\\.My Projects\\Databse\\Attendance_Management_System\\vendor\\laravel\\framework\\src\\Illuminate\\Routing\\Router.php(651): Illuminate\\Routing\\Router->dispatchToRoute(Object(Illuminate\\Http\\Request))
#45 F:\\.My Projects\\Databse\\Attendance_Management_System\\vendor\\laravel\\framework\\src\\Illuminate\\Foundation\\Http\\Kernel.php(167): Illuminate\\Routing\\Router->dispatch(Object(Illuminate\\Http\\Request))
#46 F:\\.My Projects\\Databse\\Attendance_Management_System\\vendor\\laravel\\framework\\src\\Illuminate\\Pipeline\\Pipeline.php(128): Illuminate\\Foundation\\Http\\Kernel->Illuminate\\Foundation\\Http\\{closure}(Object(Illuminate\\Http\\Request))
#47 F:\\.My Projects\\Databse\\Attendance_Management_System\\vendor\\laravel\\framework\\src\\Illuminate\\Foundation\\Http\\Middleware\\TransformsRequest.php(21): Illuminate\\Pipeline\\Pipeline->Illuminate\\Pipeline\\{closure}(Object(Illuminate\\Http\\Request))
#48 F:\\.My Projects\\Databse\\Attendance_Management_System\\vendor\\laravel\\framework\\src\\Illuminate\\Foundation\\Http\\Middleware\\ConvertEmptyStringsToNull.php(31): Illuminate\\Foundation\\Http\\Middleware\\TransformsRequest->handle(Object(Illuminate\\Http\\Request), Object(Closure))
#49 F:\\.My Projects\\Databse\\Attendance_Management_System\\vendor\\laravel\\framework\\src\\Illuminate\\Pipeline\\Pipeline.php(167): Illuminate\\Foundation\\Http\\Middleware\\ConvertEmptyStringsToNull->handle(Object(Illuminate\\Http\\Request), Object(Closure))
#50 F:\\.My Projects\\Databse\\Attendance_Management_System\\vendor\\laravel\\framework\\src\\Illuminate\\Foundation\\Http\\Middleware\\TransformsRequest.php(21): Illuminate\\Pipeline\\Pipeline->Illuminate\\Pipeline\\{closure}(Object(Illuminate\\Http\\Request))
#51 F:\\.My Projects\\Databse\\Attendance_Management_System\\vendor\\laravel\\framework\\src\\Illuminate\\Foundation\\Http\\Middleware\\TrimStrings.php(40): Illuminate\\Foundation\\Http\\Middleware\\TransformsRequest->handle(Object(Illuminate\\Http\\Request), Object(Closure))
#52 F:\\.My Projects\\Databse\\Attendance_Management_System\\vendor\\laravel\\framework\\src\\Illuminate\\Pipeline\\Pipeline.php(167): Illuminate\\Foundation\\Http\\Middleware\\TrimStrings->handle(Object(Illuminate\\Http\\Request), Object(Closure))
#53 F:\\.My Projects\\Databse\\Attendance_Management_System\\vendor\\laravel\\framework\\src\\Illuminate\\Foundation\\Http\\Middleware\\ValidatePostSize.php(27): Illuminate\\Pipeline\\Pipeline->Illuminate\\Pipeline\\{closure}(Object(Illuminate\\Http\\Request))
#54 F:\\.My Projects\\Databse\\Attendance_Management_System\\vendor\\laravel\\framework\\src\\Illuminate\\Pipeline\\Pipeline.php(167): Illuminate\\Foundation\\Http\\Middleware\\ValidatePostSize->handle(Object(Illuminate\\Http\\Request), Object(Closure))
#55 F:\\.My Projects\\Databse\\Attendance_Management_System\\vendor\\laravel\\framework\\src\\Illuminate\\Foundation\\Http\\Middleware\\PreventRequestsDuringMaintenance.php(86): Illuminate\\Pipeline\\Pipeline->Illuminate\\Pipeline\\{closure}(Object(Illuminate\\Http\\Request))
#56 F:\\.My Projects\\Databse\\Attendance_Management_System\\vendor\\laravel\\framework\\src\\Illuminate\\Pipeline\\Pipeline.php(167): Illuminate\\Foundation\\Http\\Middleware\\PreventRequestsDuringMaintenance->handle(Object(Illuminate\\Http\\Request), Object(Closure))
#57 F:\\.My Projects\\Databse\\Attendance_Management_System\\vendor\\fruitcake\\laravel-cors\\src\\HandleCors.php(38): Illuminate\\Pipeline\\Pipeline->Illuminate\\Pipeline\\{closure}(Object(Illuminate\\Http\\Request))
#58 F:\\.My Projects\\Databse\\Attendance_Management_System\\vendor\\laravel\\framework\\src\\Illuminate\\Pipeline\\Pipeline.php(167): Fruitcake\\Cors\\HandleCors->handle(Object(Illuminate\\Http\\Request), Object(Closure))
#59 F:\\.My Projects\\Databse\\Attendance_Management_System\\vendor\\laravel\\framework\\src\\Illuminate\\Http\\Middleware\\TrustProxies.php(39): Illuminate\\Pipeline\\Pipeline->Illuminate\\Pipeline\\{closure}(Object(Illuminate\\Http\\Request))
#60 F:\\.My Projects\\Databse\\Attendance_Management_System\\vendor\\laravel\\framework\\src\\Illuminate\\Pipeline\\Pipeline.php(167): Illuminate\\Http\\Middleware\\TrustProxies->handle(Object(Illuminate\\Http\\Request), Object(Closure))
#61 F:\\.My Projects\\Databse\\Attendance_Management_System\\vendor\\laravel\\framework\\src\\Illuminate\\Pipeline\\Pipeline.php(103): Illuminate\\Pipeline\\Pipeline->Illuminate\\Pipeline\\{closure}(Object(Illuminate\\Http\\Request))
#62 F:\\.My Projects\\Databse\\Attendance_Management_System\\vendor\\laravel\\framework\\src\\Illuminate\\Foundation\\Http\\Kernel.php(142): Illuminate\\Pipeline\\Pipeline->then(Object(Closure))
#63 F:\\.My Projects\\Databse\\Attendance_Management_System\\vendor\\laravel\\framework\\src\\Illuminate\\Foundation\\Http\\Kernel.php(111): Illuminate\\Foundation\\Http\\Kernel->sendRequestThroughRouter(Object(Illuminate\\Http\\Request))
#64 F:\\.My Projects\\Databse\\Attendance_Management_System\\public\\index.php(54): Illuminate\\Foundation\\Http\\Kernel->handle(Object(Illuminate\\Http\\Request))
#65 F:\\.My Projects\\Databse\\Attendance_Management_System\\server.php(21): require_once('F:\\\\.My Projects...')
#66 {main}

[previous exception] [object] (PDOException(code: 2002): SQLSTATE[HY000] [2002] No connection could be made because the target machine actively refused it at F:\\.My Projects\\Databse\\Attendance_Management_System\\vendor\\laravel\\framework\\src\\Illuminate\\Database\\Connectors\\Connector.php:70)
[stacktrace]
#0 F:\\.My Projects\\Databse\\Attendance_Management_System\\vendor\\laravel\\framework\\src\\Illuminate\\Database\\Connectors\\Connector.php(70): PDO->__construct('mysql:host=127....', 'root', Object(SensitiveParameterValue), Array)
#1 F:\\.My Projects\\Databse\\Attendance_Management_System\\vendor\\laravel\\framework\\src\\Illuminate\\Database\\Connectors\\Connector.php(45): Illuminate\\Database\\Connectors\\Connector->createPdoConnection('mysql:host=127....', 'root', '', Array)
#2 F:\\.My Projects\\Databse\\Attendance_Management_System\\vendor\\laravel\\framework\\src\\Illuminate\\Database\\Connectors\\MySqlConnector.php(24): Illuminate\\Database\\Connectors\\Connector->createConnection('mysql:host=127....', Array, Array)
#3 F:\\.My Projects\\Databse\\Attendance_Management_System\\vendor\\laravel\\framework\\src\\Illuminate\\Database\\Connectors\\ConnectionFactory.php(184): Illuminate\\Database\\Connectors\\MySqlConnector->connect(Array)
#4 [internal function]: Illuminate\\Database\\Connectors\\ConnectionFactory->Illuminate\\Database\\Connectors\\{closure}()
#5 F:\\.My Projects\\Databse\\Attendance_Management_System\\vendor\\laravel\\framework\\src\\Illuminate\\Database\\Connection.php(1064): call_user_func(Object(Closure))
#6 F:\\.My Projects\\Databse\\Attendance_Management_System\\vendor\\laravel\\framework\\src\\Illuminate\\Database\\Connection.php(1100): Illuminate\\Database\\Connection->getPdo()
#7 F:\\.My Projects\\Databse\\Attendance_Management_System\\vendor\\laravel\\framework\\src\\Illuminate\\Database\\Connection.php(442): Illuminate\\Database\\Connection->getReadPdo()
#8 F:\\.My Projects\\Databse\\Attendance_Management_System\\vendor\\laravel\\framework\\src\\Illuminate\\Database\\Connection.php(368): Illuminate\\Database\\Connection->getPdoForSelect(true)
#9 F:\\.My Projects\\Databse\\Attendance_Management_System\\vendor\\laravel\\framework\\src\\Illuminate\\Database\\Connection.php(705): Illuminate\\Database\\Connection->Illuminate\\Database\\{closure}('select * from `...', Array)
#10 F:\\.My Projects\\Databse\\Attendance_Management_System\\vendor\\laravel\\framework\\src\\Illuminate\\Database\\Connection.php(672): Illuminate\\Database\\Connection->runQueryCallback('select * from `...', Array, Object(Closure))
#11 F:\\.My Projects\\Databse\\Attendance_Management_System\\vendor\\laravel\\framework\\src\\Illuminate\\Database\\Connection.php(359): Illuminate\\Database\\Connection->run('select * from `...', Array, Object(Closure))
#12 F:\\.My Projects\\Databse\\Attendance_Management_System\\vendor\\laravel\\framework\\src\\Illuminate\\Database\\Query\\Builder.php(2413): Illuminate\\Database\\Connection->select('select * from `...', Array, true)
#13 F:\\.My Projects\\Databse\\Attendance_Management_System\\vendor\\laravel\\framework\\src\\Illuminate\\Database\\Query\\Builder.php(2402): Illuminate\\Database\\Query\\Builder->runSelect()
#14 F:\\.My Projects\\Databse\\Attendance_Management_System\\vendor\\laravel\\framework\\src\\Illuminate\\Database\\Query\\Builder.php(2936): Illuminate\\Database\\Query\\Builder->Illuminate\\Database\\Query\\{closure}()
#15 F:\\.My Projects\\Databse\\Attendance_Management_System\\vendor\\laravel\\framework\\src\\Illuminate\\Database\\Query\\Builder.php(2401): Illuminate\\Database\\Query\\Builder->onceWithColumns(Array, Object(Closure))
#16 F:\\.My Projects\\Databse\\Attendance_Management_System\\vendor\\laravel\\framework\\src\\Illuminate\\Database\\Eloquent\\Builder.php(625): Illuminate\\Database\\Query\\Builder->get(Array)
#17 F:\\.My Projects\\Databse\\Attendance_Management_System\\vendor\\laravel\\framework\\src\\Illuminate\\Database\\Eloquent\\Builder.php(609): Illuminate\\Database\\Eloquent\\Builder->getModels(Array)
#18 F:\\.My Projects\\Databse\\Attendance_Management_System\\vendor\\laravel\\framework\\src\\Illuminate\\Database\\Concerns\\BuildsQueries.php(294): Illuminate\\Database\\Eloquent\\Builder->get(Array)
#19 F:\\.My Projects\\Databse\\Attendance_Management_System\\vendor\\laravel\\framework\\src\\Illuminate\\Auth\\EloquentUserProvider.php(53): Illuminate\\Database\\Eloquent\\Builder->first()
#20 F:\\.My Projects\\Databse\\Attendance_Management_System\\vendor\\laravel\\framework\\src\\Illuminate\\Auth\\SessionGuard.php(159): Illuminate\\Auth\\EloquentUserProvider->retrieveById(1)
#21 F:\\.My Projects\\Databse\\Attendance_Management_System\\vendor\\laravel\\framework\\src\\Illuminate\\Auth\\GuardHelpers.php(60): Illuminate\\Auth\\SessionGuard->user()
#22 F:\\.My Projects\\Databse\\Attendance_Management_System\\storage\\framework\\views\\1f5f93e2d57159b8be9e60f946248c836725e606.php(6): Illuminate\\Auth\\SessionGuard->check()
#23 F:\\.My Projects\\Databse\\Attendance_Management_System\\vendor\\laravel\\framework\\src\\Illuminate\\Filesystem\\Filesystem.php(107): require('F:\\\\.My Projects...')
#24 F:\\.My Projects\\Databse\\Attendance_Management_System\\vendor\\laravel\\framework\\src\\Illuminate\\Filesystem\\Filesystem.php(108): Illuminate\\Filesystem\\Filesystem::Illuminate\\Filesystem\\{closure}()
#25 F:\\.My Projects\\Databse\\Attendance_Management_System\\vendor\\laravel\\framework\\src\\Illuminate\\View\\Engines\\PhpEngine.php(58): Illuminate\\Filesystem\\Filesystem->getRequire('F:\\\\.My Projects...', Array)
#26 F:\\.My Projects\\Databse\\Attendance_Management_System\\vendor\\laravel\\framework\\src\\Illuminate\\View\\Engines\\CompilerEngine.php(61): Illuminate\\View\\Engines\\PhpEngine->evaluatePath('F:\\\\.My Projects...', Array)
#27 F:\\.My Projects\\Databse\\Attendance_Management_System\\vendor\\facade\\ignition\\src\\Views\\Engines\\CompilerEngine.php(37): Illuminate\\View\\Engines\\CompilerEngine->get('F:\\\\.My Projects...', Array)
#28 F:\\.My Projects\\Databse\\Attendance_Management_System\\vendor\\laravel\\framework\\src\\Illuminate\\View\\View.php(139): Facade\\Ignition\\Views\\Engines\\CompilerEngine->get('F:\\\\.My Projects...', Array)
#29 F:\\.My Projects\\Databse\\Attendance_Management_System\\vendor\\laravel\\framework\\src\\Illuminate\\View\\View.php(122): Illuminate\\View\\View->getContents()
#30 F:\\.My Projects\\Databse\\Attendance_Management_System\\vendor\\laravel\\framework\\src\\Illuminate\\View\\View.php(91): Illuminate\\View\\View->renderContents()
#31 F:\\.My Projects\\Databse\\Attendance_Management_System\\vendor\\laravel\\framework\\src\\Illuminate\\Http\\Response.php(69): Illuminate\\View\\View->render()
#32 F:\\.My Projects\\Databse\\Attendance_Management_System\\vendor\\laravel\\framework\\src\\Illuminate\\Http\\Response.php(35): Illuminate\\Http\\Response->setContent(Object(Illuminate\\View\\View))
#33 F:\\.My Projects\\Databse\\Attendance_Management_System\\vendor\\laravel\\framework\\src\\Illuminate\\Routing\\Router.php(820): Illuminate\\Http\\Response->__construct(Object(Illuminate\\View\\View), 200, Array)
#34 F:\\.My Projects\\Databse\\Attendance_Management_System\\vendor\\laravel\\framework\\src\\Illuminate\\Routing\\Router.php(789): Illuminate\\Routing\\Router::toResponse(Object(Illuminate\\Http\\Request), Object(Illuminate\\View\\View))
#35 F:\\.My Projects\\Databse\\Attendance_Management_System\\vendor\\laravel\\framework\\src\\Illuminate\\Routing\\Router.php(720): Illuminate\\Routing\\Router->prepareResponse(Object(Illuminate\\Http\\Request), Object(Illuminate\\View\\View))
#36 F:\\.My Projects\\Databse\\Attendance_Management_System\\vendor\\laravel\\framework\\src\\Illuminate\\Pipeline\\Pipeline.php(128): Illuminate\\Routing\\Router->Illuminate\\Routing\\{closure}(Object(Illuminate\\Http\\Request))
#37 F:\\.My Projects\\Databse\\Attendance_Management_System\\vendor\\laravel\\framework\\src\\Illuminate\\Routing\\Middleware\\SubstituteBindings.php(50): Illuminate\\Pipeline\\Pipeline->Illuminate\\Pipeline\\{closure}(Object(Illuminate\\Http\\Request))
#38 F:\\.My Projects\\Databse\\Attendance_Management_System\\vendor\\laravel\\framework\\src\\Illuminate\\Pipeline\\Pipeline.php(167): Illuminate\\Routing\\Middleware\\SubstituteBindings->handle(Object(Illuminate\\Http\\Request), Object(Closure))
#39 F:\\.My Projects\\Databse\\Attendance_Management_System\\vendor\\laravel\\framework\\src\\Illuminate\\Foundation\\Http\\Middleware\\VerifyCsrfToken.php(78): Illuminate\\Pipeline\\Pipeline->Illuminate\\Pipeline\\{closure}(Object(Illuminate\\Http\\Request))
#40 F:\\.My Projects\\Databse\\Attendance_Management_System\\vendor\\laravel\\framework\\src\\Illuminate\\Pipeline\\Pipeline.php(167): Illuminate\\Foundation\\Http\\Middleware\\VerifyCsrfToken->handle(Object(Illuminate\\Http\\Request), Object(Closure))
#41 F:\\.My Projects\\Databse\\Attendance_Management_System\\vendor\\laravel\\framework\\src\\Illuminate\\View\\Middleware\\ShareErrorsFromSession.php(49): Illuminate\\Pipeline\\Pipeline->Illuminate\\Pipeline\\{closure}(Object(Illuminate\\Http\\Request))
#42 F:\\.My Projects\\Databse\\Attendance_Management_System\\vendor\\laravel\\framework\\src\\Illuminate\\Pipeline\\Pipeline.php(167): Illuminate\\View\\Middleware\\ShareErrorsFromSession->handle(Object(Illuminate\\Http\\Request), Object(Closure))
#43 F:\\.My Projects\\Databse\\Attendance_Management_System\\vendor\\laravel\\framework\\src\\Illuminate\\Session\\Middleware\\StartSession.php(121): Illuminate\\Pipeline\\Pipeline->Illuminate\\Pipeline\\{closure}(Object(Illuminate\\Http\\Request))
#44 F:\\.My Projects\\Databse\\Attendance_Management_System\\vendor\\laravel\\framework\\src\\Illuminate\\Session\\Middleware\\StartSession.php(64): Illuminate\\Session\\Middleware\\StartSession->handleStatefulRequest(Object(Illuminate\\Http\\Request), Object(Illuminate\\Session\\Store), Object(Closure))
#45 F:\\.My Projects\\Databse\\Attendance_Management_System\\vendor\\laravel\\framework\\src\\Illuminate\\Pipeline\\Pipeline.php(167): Illuminate\\Session\\Middleware\\StartSession->handle(Object(Illuminate\\Http\\Request), Object(Closure))
#46 F:\\.My Projects\\Databse\\Attendance_Management_System\\vendor\\laravel\\framework\\src\\Illuminate\\Cookie\\Middleware\\AddQueuedCookiesToResponse.php(37): Illuminate\\Pipeline\\Pipeline->Illuminate\\Pipeline\\{closure}(Object(Illuminate\\Http\\Request))
#47 F:\\.My Projects\\Databse\\Attendance_Management_System\\vendor\\laravel\\framework\\src\\Illuminate\\Pipeline\\Pipeline.php(167): Illuminate\\Cookie\\Middleware\\AddQueuedCookiesToResponse->handle(Object(Illuminate\\Http\\Request), Object(Closure))
#48 F:\\.My Projects\\Databse\\Attendance_Management_System\\vendor\\laravel\\framework\\src\\Illuminate\\Cookie\\Middleware\\EncryptCookies.php(67): Illuminate\\Pipeline\\Pipeline->Illuminate\\Pipeline\\{closure}(Object(Illuminate\\Http\\Request))
#49 F:\\.My Projects\\Databse\\Attendance_Management_System\\vendor\\laravel\\framework\\src\\Illuminate\\Pipeline\\Pipeline.php(167): Illuminate\\Cookie\\Middleware\\EncryptCookies->handle(Object(Illuminate\\Http\\Request), Object(Closure))
#50 F:\\.My Projects\\Databse\\Attendance_Management_System\\vendor\\laravel\\framework\\src\\Illuminate\\Pipeline\\Pipeline.php(103): Illuminate\\Pipeline\\Pipeline->Illuminate\\Pipeline\\{closure}(Object(Illuminate\\Http\\Request))
#51 F:\\.My Projects\\Databse\\Attendance_Management_System\\vendor\\laravel\\framework\\src\\Illuminate\\Routing\\Router.php(719): Illuminate\\Pipeline\\Pipeline->then(Object(Closure))
#52 F:\\.My Projects\\Databse\\Attendance_Management_System\\vendor\\laravel\\framework\\src\\Illuminate\\Routing\\Router.php(698): Illuminate\\Routing\\Router->runRouteWithinStack(Object(Illuminate\\Routing\\Route), Object(Illuminate\\Http\\Request))
#53 F:\\.My Projects\\Databse\\Attendance_Management_System\\vendor\\laravel\\framework\\src\\Illuminate\\Routing\\Router.php(662): Illuminate\\Routing\\Router->runRoute(Object(Illuminate\\Http\\Request), Object(Illuminate\\Routing\\Route))
#54 F:\\.My Projects\\Databse\\Attendance_Management_System\\vendor\\laravel\\framework\\src\\Illuminate\\Routing\\Router.php(651): Illuminate\\Routing\\Router->dispatchToRoute(Object(Illuminate\\Http\\Request))
#55 F:\\.My Projects\\Databse\\Attendance_Management_System\\vendor\\laravel\\framework\\src\\Illuminate\\Foundation\\Http\\Kernel.php(167): Illuminate\\Routing\\Router->dispatch(Object(Illuminate\\Http\\Request))
#56 F:\\.My Projects\\Databse\\Attendance_Management_System\\vendor\\laravel\\framework\\src\\Illuminate\\Pipeline\\Pipeline.php(128): Illuminate\\Foundation\\Http\\Kernel->Illuminate\\Foundation\\Http\\{closure}(Object(Illuminate\\Http\\Request))
#57 F:\\.My Projects\\Databse\\Attendance_Management_System\\vendor\\laravel\\framework\\src\\Illuminate\\Foundation\\Http\\Middleware\\TransformsRequest.php(21): Illuminate\\Pipeline\\Pipeline->Illuminate\\Pipeline\\{closure}(Object(Illuminate\\Http\\Request))
#58 F:\\.My Projects\\Databse\\Attendance_Management_System\\vendor\\laravel\\framework\\src\\Illuminate\\Foundation\\Http\\Middleware\\ConvertEmptyStringsToNull.php(31): Illuminate\\Foundation\\Http\\Middleware\\TransformsRequest->handle(Object(Illuminate\\Http\\Request), Object(Closure))
#59 F:\\.My Projects\\Databse\\Attendance_Management_System\\vendor\\laravel\\framework\\src\\Illuminate\\Pipeline\\Pipeline.php(167): Illuminate\\Foundation\\Http\\Middleware\\ConvertEmptyStringsToNull->handle(Object(Illuminate\\Http\\Request), Object(Closure))
#60 F:\\.My Projects\\Databse\\Attendance_Management_System\\vendor\\laravel\\framework\\src\\Illuminate\\Foundation\\Http\\Middleware\\TransformsRequest.php(21): Illuminate\\Pipeline\\Pipeline->Illuminate\\Pipeline\\{closure}(Object(Illuminate\\Http\\Request))
#61 F:\\.My Projects\\Databse\\Attendance_Management_System\\vendor\\laravel\\framework\\src\\Illuminate\\Foundation\\Http\\Middleware\\TrimStrings.php(40): Illuminate\\Foundation\\Http\\Middleware\\TransformsRequest->handle(Object(Illuminate\\Http\\Request), Object(Closure))
#62 F:\\.My Projects\\Databse\\Attendance_Management_System\\vendor\\laravel\\framework\\src\\Illuminate\\Pipeline\\Pipeline.php(167): Illuminate\\Foundation\\Http\\Middleware\\TrimStrings->handle(Object(Illuminate\\Http\\Request), Object(Closure))
#63 F:\\.My Projects\\Databse\\Attendance_Management_System\\vendor\\laravel\\framework\\src\\Illuminate\\Foundation\\Http\\Middleware\\ValidatePostSize.php(27): Illuminate\\Pipeline\\Pipeline->Illuminate\\Pipeline\\{closure}(Object(Illuminate\\Http\\Request))
#64 F:\\.My Projects\\Databse\\Attendance_Management_System\\vendor\\laravel\\framework\\src\\Illuminate\\Pipeline\\Pipeline.php(167): Illuminate\\Foundation\\Http\\Middleware\\ValidatePostSize->handle(Object(Illuminate\\Http\\Request), Object(Closure))
#65 F:\\.My Projects\\Databse\\Attendance_Management_System\\vendor\\laravel\\framework\\src\\Illuminate\\Foundation\\Http\\Middleware\\PreventRequestsDuringMaintenance.php(86): Illuminate\\Pipeline\\Pipeline->Illuminate\\Pipeline\\{closure}(Object(Illuminate\\Http\\Request))
#66 F:\\.My Projects\\Databse\\Attendance_Management_System\\vendor\\laravel\\framework\\src\\Illuminate\\Pipeline\\Pipeline.php(167): Illuminate\\Foundation\\Http\\Middleware\\PreventRequestsDuringMaintenance->handle(Object(Illuminate\\Http\\Request), Object(Closure))
#67 F:\\.My Projects\\Databse\\Attendance_Management_System\\vendor\\fruitcake\\laravel-cors\\src\\HandleCors.php(38): Illuminate\\Pipeline\\Pipeline->Illuminate\\Pipeline\\{closure}(Object(Illuminate\\Http\\Request))
#68 F:\\.My Projects\\Databse\\Attendance_Management_System\\vendor\\laravel\\framework\\src\\Illuminate\\Pipeline\\Pipeline.php(167): Fruitcake\\Cors\\HandleCors->handle(Object(Illuminate\\Http\\Request), Object(Closure))
#69 F:\\.My Projects\\Databse\\Attendance_Management_System\\vendor\\laravel\\framework\\src\\Illuminate\\Http\\Middleware\\TrustProxies.php(39): Illuminate\\Pipeline\\Pipeline->Illuminate\\Pipeline\\{closure}(Object(Illuminate\\Http\\Request))
#70 F:\\.My Projects\\Databse\\Attendance_Management_System\\vendor\\laravel\\framework\\src\\Illuminate\\Pipeline\\Pipeline.php(167): Illuminate\\Http\\Middleware\\TrustProxies->handle(Object(Illuminate\\Http\\Request), Object(Closure))
#71 F:\\.My Projects\\Databse\\Attendance_Management_System\\vendor\\laravel\\framework\\src\\Illuminate\\Pipeline\\Pipeline.php(103): Illuminate\\Pipeline\\Pipeline->Illuminate\\Pipeline\\{closure}(Object(Illuminate\\Http\\Request))
#72 F:\\.My Projects\\Databse\\Attendance_Management_System\\vendor\\laravel\\framework\\src\\Illuminate\\Foundation\\Http\\Kernel.php(142): Illuminate\\Pipeline\\Pipeline->then(Object(Closure))
#73 F:\\.My Projects\\Databse\\Attendance_Management_System\\vendor\\laravel\\framework\\src\\Illuminate\\Foundation\\Http\\Kernel.php(111): Illuminate\\Foundation\\Http\\Kernel->sendRequestThroughRouter(Object(Illuminate\\Http\\Request))
#74 F:\\.My Projects\\Databse\\Attendance_Management_System\\public\\index.php(54): Illuminate\\Foundation\\Http\\Kernel->handle(Object(Illuminate\\Http\\Request))
#75 F:\\.My Projects\\Databse\\Attendance_Management_System\\server.php(21): require_once('F:\\\\.My Projects...')
#76 {main}
"} 
[2025-05-01 13:15:26] local.ERROR: SQLSTATE[HY000] [2002] No connection could be made because the target machine actively refused it (SQL: select * from information_schema.tables where table_schema = attendance_db and table_name = migrations and table_type = 'BASE TABLE') {"exception":"[object] (Illuminate\\Database\\QueryException(code: 2002): SQLSTATE[HY000] [2002] No connection could be made because the target machine actively refused it (SQL: select * from information_schema.tables where table_schema = attendance_db and table_name = migrations and table_type = 'BASE TABLE') at F:\\.My Projects\\Databse\\Attendance_Management_System\\vendor\\laravel\\framework\\src\\Illuminate\\Database\\Connection.php:712)
[stacktrace]
#0 F:\\.My Projects\\Databse\\Attendance_Management_System\\vendor\\laravel\\framework\\src\\Illuminate\\Database\\Connection.php(672): Illuminate\\Database\\Connection->runQueryCallback('select * from i...', Array, Object(Closure))
#1 F:\\.My Projects\\Databse\\Attendance_Management_System\\vendor\\laravel\\framework\\src\\Illuminate\\Database\\Connection.php(359): Illuminate\\Database\\Connection->run('select * from i...', Array, Object(Closure))
#2 F:\\.My Projects\\Databse\\Attendance_Management_System\\vendor\\laravel\\framework\\src\\Illuminate\\Database\\Schema\\MySqlBuilder.php(43): Illuminate\\Database\\Connection->select('select * from i...', Array)
#3 F:\\.My Projects\\Databse\\Attendance_Management_System\\vendor\\laravel\\framework\\src\\Illuminate\\Database\\Migrations\\DatabaseMigrationRepository.php(169): Illuminate\\Database\\Schema\\MySqlBuilder->hasTable('migrations')
#4 F:\\.My Projects\\Databse\\Attendance_Management_System\\vendor\\laravel\\framework\\src\\Illuminate\\Database\\Migrations\\Migrator.php(673): Illuminate\\Database\\Migrations\\DatabaseMigrationRepository->repositoryExists()
#5 F:\\.My Projects\\Databse\\Attendance_Management_System\\vendor\\laravel\\framework\\src\\Illuminate\\Database\\Console\\Migrations\\MigrateCommand.php(110): Illuminate\\Database\\Migrations\\Migrator->repositoryExists()
#6 F:\\.My Projects\\Databse\\Attendance_Management_System\\vendor\\laravel\\framework\\src\\Illuminate\\Database\\Console\\Migrations\\MigrateCommand.php(78): Illuminate\\Database\\Console\\Migrations\\MigrateCommand->prepareDatabase()
#7 F:\\.My Projects\\Databse\\Attendance_Management_System\\vendor\\laravel\\framework\\src\\Illuminate\\Database\\Migrations\\Migrator.php(606): Illuminate\\Database\\Console\\Migrations\\MigrateCommand->Illuminate\\Database\\Console\\Migrations\\{closure}()
#8 F:\\.My Projects\\Databse\\Attendance_Management_System\\vendor\\laravel\\framework\\src\\Illuminate\\Database\\Console\\Migrations\\MigrateCommand.php(77): Illuminate\\Database\\Migrations\\Migrator->usingConnection(NULL, Object(Closure))
#9 F:\\.My Projects\\Databse\\Attendance_Management_System\\vendor\\laravel\\framework\\src\\Illuminate\\Container\\BoundMethod.php(36): Illuminate\\Database\\Console\\Migrations\\MigrateCommand->handle()
#10 F:\\.My Projects\\Databse\\Attendance_Management_System\\vendor\\laravel\\framework\\src\\Illuminate\\Container\\Util.php(40): Illuminate\\Container\\BoundMethod::Illuminate\\Container\\{closure}()
#11 F:\\.My Projects\\Databse\\Attendance_Management_System\\vendor\\laravel\\framework\\src\\Illuminate\\Container\\BoundMethod.php(93): Illuminate\\Container\\Util::unwrapIfClosure(Object(Closure))
#12 F:\\.My Projects\\Databse\\Attendance_Management_System\\vendor\\laravel\\framework\\src\\Illuminate\\Container\\BoundMethod.php(35): Illuminate\\Container\\BoundMethod::callBoundMethod(Object(Illuminate\\Foundation\\Application), Array, Object(Closure))
#13 F:\\.My Projects\\Databse\\Attendance_Management_System\\vendor\\laravel\\framework\\src\\Illuminate\\Container\\Container.php(653): Illuminate\\Container\\BoundMethod::call(Object(Illuminate\\Foundation\\Application), Array, Array, NULL)
#14 F:\\.My Projects\\Databse\\Attendance_Management_System\\vendor\\laravel\\framework\\src\\Illuminate\\Console\\Command.php(136): Illuminate\\Container\\Container->call(Array)
#15 F:\\.My Projects\\Databse\\Attendance_Management_System\\vendor\\symfony\\console\\Command\\Command.php(298): Illuminate\\Console\\Command->execute(Object(Symfony\\Component\\Console\\Input\\ArgvInput), Object(Illuminate\\Console\\OutputStyle))
#16 F:\\.My Projects\\Databse\\Attendance_Management_System\\vendor\\laravel\\framework\\src\\Illuminate\\Console\\Command.php(120): Symfony\\Component\\Console\\Command\\Command->run(Object(Symfony\\Component\\Console\\Input\\ArgvInput), Object(Illuminate\\Console\\OutputStyle))
#17 F:\\.My Projects\\Databse\\Attendance_Management_System\\vendor\\symfony\\console\\Application.php(1040): Illuminate\\Console\\Command->run(Object(Symfony\\Component\\Console\\Input\\ArgvInput), Object(Symfony\\Component\\Console\\Output\\ConsoleOutput))
#18 F:\\.My Projects\\Databse\\Attendance_Management_System\\vendor\\symfony\\console\\Application.php(301): Symfony\\Component\\Console\\Application->doRunCommand(Object(Illuminate\\Database\\Console\\Migrations\\MigrateCommand), Object(Symfony\\Component\\Console\\Input\\ArgvInput), Object(Symfony\\Component\\Console\\Output\\ConsoleOutput))
#19 F:\\.My Projects\\Databse\\Attendance_Management_System\\vendor\\symfony\\console\\Application.php(171): Symfony\\Component\\Console\\Application->doRun(Object(Symfony\\Component\\Console\\Input\\ArgvInput), Object(Symfony\\Component\\Console\\Output\\ConsoleOutput))
#20 F:\\.My Projects\\Databse\\Attendance_Management_System\\vendor\\laravel\\framework\\src\\Illuminate\\Console\\Application.php(94): Symfony\\Component\\Console\\Application->run(Object(Symfony\\Component\\Console\\Input\\ArgvInput), Object(Symfony\\Component\\Console\\Output\\ConsoleOutput))
#21 F:\\.My Projects\\Databse\\Attendance_Management_System\\vendor\\laravel\\framework\\src\\Illuminate\\Foundation\\Console\\Kernel.php(129): Illuminate\\Console\\Application->run(Object(Symfony\\Component\\Console\\Input\\ArgvInput), Object(Symfony\\Component\\Console\\Output\\ConsoleOutput))
#22 F:\\.My Projects\\Databse\\Attendance_Management_System\\artisan(35): Illuminate\\Foundation\\Console\\Kernel->handle(Object(Symfony\\Component\\Console\\Input\\ArgvInput), Object(Symfony\\Component\\Console\\Output\\ConsoleOutput))
#23 {main}

[previous exception] [object] (PDOException(code: 2002): SQLSTATE[HY000] [2002] No connection could be made because the target machine actively refused it at F:\\.My Projects\\Databse\\Attendance_Management_System\\vendor\\laravel\\framework\\src\\Illuminate\\Database\\Connectors\\Connector.php:70)
[stacktrace]
#0 F:\\.My Projects\\Databse\\Attendance_Management_System\\vendor\\laravel\\framework\\src\\Illuminate\\Database\\Connectors\\Connector.php(70): PDO->__construct('mysql:host=127....', 'root', Object(SensitiveParameterValue), Array)
#1 F:\\.My Projects\\Databse\\Attendance_Management_System\\vendor\\laravel\\framework\\src\\Illuminate\\Database\\Connectors\\Connector.php(45): Illuminate\\Database\\Connectors\\Connector->createPdoConnection('mysql:host=127....', 'root', '', Array)
#2 F:\\.My Projects\\Databse\\Attendance_Management_System\\vendor\\laravel\\framework\\src\\Illuminate\\Database\\Connectors\\MySqlConnector.php(24): Illuminate\\Database\\Connectors\\Connector->createConnection('mysql:host=127....', Array, Array)
#3 F:\\.My Projects\\Databse\\Attendance_Management_System\\vendor\\laravel\\framework\\src\\Illuminate\\Database\\Connectors\\ConnectionFactory.php(184): Illuminate\\Database\\Connectors\\MySqlConnector->connect(Array)
#4 [internal function]: Illuminate\\Database\\Connectors\\ConnectionFactory->Illuminate\\Database\\Connectors\\{closure}()
#5 F:\\.My Projects\\Databse\\Attendance_Management_System\\vendor\\laravel\\framework\\src\\Illuminate\\Database\\Connection.php(1064): call_user_func(Object(Closure))
#6 F:\\.My Projects\\Databse\\Attendance_Management_System\\vendor\\laravel\\framework\\src\\Illuminate\\Database\\Connection.php(1100): Illuminate\\Database\\Connection->getPdo()
#7 F:\\.My Projects\\Databse\\Attendance_Management_System\\vendor\\laravel\\framework\\src\\Illuminate\\Database\\Connection.php(442): Illuminate\\Database\\Connection->getReadPdo()
#8 F:\\.My Projects\\Databse\\Attendance_Management_System\\vendor\\laravel\\framework\\src\\Illuminate\\Database\\Connection.php(368): Illuminate\\Database\\Connection->getPdoForSelect(true)
#9 F:\\.My Projects\\Databse\\Attendance_Management_System\\vendor\\laravel\\framework\\src\\Illuminate\\Database\\Connection.php(705): Illuminate\\Database\\Connection->Illuminate\\Database\\{closure}('select * from i...', Array)
#10 F:\\.My Projects\\Databse\\Attendance_Management_System\\vendor\\laravel\\framework\\src\\Illuminate\\Database\\Connection.php(672): Illuminate\\Database\\Connection->runQueryCallback('select * from i...', Array, Object(Closure))
#11 F:\\.My Projects\\Databse\\Attendance_Management_System\\vendor\\laravel\\framework\\src\\Illuminate\\Database\\Connection.php(359): Illuminate\\Database\\Connection->run('select * from i...', Array, Object(Closure))
#12 F:\\.My Projects\\Databse\\Attendance_Management_System\\vendor\\laravel\\framework\\src\\Illuminate\\Database\\Schema\\MySqlBuilder.php(43): Illuminate\\Database\\Connection->select('select * from i...', Array)
#13 F:\\.My Projects\\Databse\\Attendance_Management_System\\vendor\\laravel\\framework\\src\\Illuminate\\Database\\Migrations\\DatabaseMigrationRepository.php(169): Illuminate\\Database\\Schema\\MySqlBuilder->hasTable('migrations')
#14 F:\\.My Projects\\Databse\\Attendance_Management_System\\vendor\\laravel\\framework\\src\\Illuminate\\Database\\Migrations\\Migrator.php(673): Illuminate\\Database\\Migrations\\DatabaseMigrationRepository->repositoryExists()
#15 F:\\.My Projects\\Databse\\Attendance_Management_System\\vendor\\laravel\\framework\\src\\Illuminate\\Database\\Console\\Migrations\\MigrateCommand.php(110): Illuminate\\Database\\Migrations\\Migrator->repositoryExists()
#16 F:\\.My Projects\\Databse\\Attendance_Management_System\\vendor\\laravel\\framework\\src\\Illuminate\\Database\\Console\\Migrations\\MigrateCommand.php(78): Illuminate\\Database\\Console\\Migrations\\MigrateCommand->prepareDatabase()
#17 F:\\.My Projects\\Databse\\Attendance_Management_System\\vendor\\laravel\\framework\\src\\Illuminate\\Database\\Migrations\\Migrator.php(606): Illuminate\\Database\\Console\\Migrations\\MigrateCommand->Illuminate\\Database\\Console\\Migrations\\{closure}()
#18 F:\\.My Projects\\Databse\\Attendance_Management_System\\vendor\\laravel\\framework\\src\\Illuminate\\Database\\Console\\Migrations\\MigrateCommand.php(77): Illuminate\\Database\\Migrations\\Migrator->usingConnection(NULL, Object(Closure))
#19 F:\\.My Projects\\Databse\\Attendance_Management_System\\vendor\\laravel\\framework\\src\\Illuminate\\Container\\BoundMethod.php(36): Illuminate\\Database\\Console\\Migrations\\MigrateCommand->handle()
#20 F:\\.My Projects\\Databse\\Attendance_Management_System\\vendor\\laravel\\framework\\src\\Illuminate\\Container\\Util.php(40): Illuminate\\Container\\BoundMethod::Illuminate\\Container\\{closure}()
#21 F:\\.My Projects\\Databse\\Attendance_Management_System\\vendor\\laravel\\framework\\src\\Illuminate\\Container\\BoundMethod.php(93): Illuminate\\Container\\Util::unwrapIfClosure(Object(Closure))
#22 F:\\.My Projects\\Databse\\Attendance_Management_System\\vendor\\laravel\\framework\\src\\Illuminate\\Container\\BoundMethod.php(35): Illuminate\\Container\\BoundMethod::callBoundMethod(Object(Illuminate\\Foundation\\Application), Array, Object(Closure))
#23 F:\\.My Projects\\Databse\\Attendance_Management_System\\vendor\\laravel\\framework\\src\\Illuminate\\Container\\Container.php(653): Illuminate\\Container\\BoundMethod::call(Object(Illuminate\\Foundation\\Application), Array, Array, NULL)
#24 F:\\.My Projects\\Databse\\Attendance_Management_System\\vendor\\laravel\\framework\\src\\Illuminate\\Console\\Command.php(136): Illuminate\\Container\\Container->call(Array)
#25 F:\\.My Projects\\Databse\\Attendance_Management_System\\vendor\\symfony\\console\\Command\\Command.php(298): Illuminate\\Console\\Command->execute(Object(Symfony\\Component\\Console\\Input\\ArgvInput), Object(Illuminate\\Console\\OutputStyle))
#26 F:\\.My Projects\\Databse\\Attendance_Management_System\\vendor\\laravel\\framework\\src\\Illuminate\\Console\\Command.php(120): Symfony\\Component\\Console\\Command\\Command->run(Object(Symfony\\Component\\Console\\Input\\ArgvInput), Object(Illuminate\\Console\\OutputStyle))
#27 F:\\.My Projects\\Databse\\Attendance_Management_System\\vendor\\symfony\\console\\Application.php(1040): Illuminate\\Console\\Command->run(Object(Symfony\\Component\\Console\\Input\\ArgvInput), Object(Symfony\\Component\\Console\\Output\\ConsoleOutput))
#28 F:\\.My Projects\\Databse\\Attendance_Management_System\\vendor\\symfony\\console\\Application.php(301): Symfony\\Component\\Console\\Application->doRunCommand(Object(Illuminate\\Database\\Console\\Migrations\\MigrateCommand), Object(Symfony\\Component\\Console\\Input\\ArgvInput), Object(Symfony\\Component\\Console\\Output\\ConsoleOutput))
#29 F:\\.My Projects\\Databse\\Attendance_Management_System\\vendor\\symfony\\console\\Application.php(171): Symfony\\Component\\Console\\Application->doRun(Object(Symfony\\Component\\Console\\Input\\ArgvInput), Object(Symfony\\Component\\Console\\Output\\ConsoleOutput))
#30 F:\\.My Projects\\Databse\\Attendance_Management_System\\vendor\\laravel\\framework\\src\\Illuminate\\Console\\Application.php(94): Symfony\\Component\\Console\\Application->run(Object(Symfony\\Component\\Console\\Input\\ArgvInput), Object(Symfony\\Component\\Console\\Output\\ConsoleOutput))
#31 F:\\.My Projects\\Databse\\Attendance_Management_System\\vendor\\laravel\\framework\\src\\Illuminate\\Foundation\\Console\\Kernel.php(129): Illuminate\\Console\\Application->run(Object(Symfony\\Component\\Console\\Input\\ArgvInput), Object(Symfony\\Component\\Console\\Output\\ConsoleOutput))
#32 F:\\.My Projects\\Databse\\Attendance_Management_System\\artisan(35): Illuminate\\Foundation\\Console\\Kernel->handle(Object(Symfony\\Component\\Console\\Input\\ArgvInput), Object(Symfony\\Component\\Console\\Output\\ConsoleOutput))
#33 {main}
"} 
[2025-05-01 13:15:37] local.ERROR: SQLSTATE[HY000] [2002] No connection could be made because the target machine actively refused it (SQL: select * from `users` where `id` = 1 limit 1) (View: F:\.My Projects\Databse\Attendance_Management_System\resources\views\welcome.blade.php) {"view":{"view":"F:\\.My Projects\\Databse\\Attendance_Management_System\\vendor\\laravel\\framework\\src\\Illuminate\\Database\\Connection.php","data":[]},"exception":"[object] (Facade\\Ignition\\Exceptions\\ViewException(code: 0): SQLSTATE[HY000] [2002] No connection could be made because the target machine actively refused it (SQL: select * from `users` where `id` = 1 limit 1) (View: F:\\.My Projects\\Databse\\Attendance_Management_System\\resources\\views\\welcome.blade.php) at F:\\.My Projects\\Databse\\Attendance_Management_System\\vendor\\laravel\\framework\\src\\Illuminate\\Database\\Connection.php:712)
[stacktrace]
#0 F:\\.My Projects\\Databse\\Attendance_Management_System\\vendor\\laravel\\framework\\src\\Illuminate\\Database\\Connection.php(672): Illuminate\\Database\\Connection->runQueryCallback('select * from `...', Array, Object(Closure))
#1 F:\\.My Projects\\Databse\\Attendance_Management_System\\vendor\\laravel\\framework\\src\\Illuminate\\Database\\Connection.php(359): Illuminate\\Database\\Connection->run('select * from `...', Array, Object(Closure))
#2 F:\\.My Projects\\Databse\\Attendance_Management_System\\vendor\\laravel\\framework\\src\\Illuminate\\Database\\Query\\Builder.php(2413): Illuminate\\Database\\Connection->select('select * from `...', Array, true)
#3 F:\\.My Projects\\Databse\\Attendance_Management_System\\vendor\\laravel\\framework\\src\\Illuminate\\Database\\Query\\Builder.php(2402): Illuminate\\Database\\Query\\Builder->runSelect()
#4 F:\\.My Projects\\Databse\\Attendance_Management_System\\vendor\\laravel\\framework\\src\\Illuminate\\Database\\Query\\Builder.php(2936): Illuminate\\Database\\Query\\Builder->Illuminate\\Database\\Query\\{closure}()
#5 F:\\.My Projects\\Databse\\Attendance_Management_System\\vendor\\laravel\\framework\\src\\Illuminate\\Database\\Query\\Builder.php(2401): Illuminate\\Database\\Query\\Builder->onceWithColumns(Array, Object(Closure))
#6 F:\\.My Projects\\Databse\\Attendance_Management_System\\vendor\\laravel\\framework\\src\\Illuminate\\Database\\Eloquent\\Builder.php(625): Illuminate\\Database\\Query\\Builder->get(Array)
#7 F:\\.My Projects\\Databse\\Attendance_Management_System\\vendor\\laravel\\framework\\src\\Illuminate\\Database\\Eloquent\\Builder.php(609): Illuminate\\Database\\Eloquent\\Builder->getModels(Array)
#8 F:\\.My Projects\\Databse\\Attendance_Management_System\\vendor\\laravel\\framework\\src\\Illuminate\\Database\\Concerns\\BuildsQueries.php(294): Illuminate\\Database\\Eloquent\\Builder->get(Array)
#9 F:\\.My Projects\\Databse\\Attendance_Management_System\\vendor\\laravel\\framework\\src\\Illuminate\\Auth\\EloquentUserProvider.php(53): Illuminate\\Database\\Eloquent\\Builder->first()
#10 F:\\.My Projects\\Databse\\Attendance_Management_System\\vendor\\laravel\\framework\\src\\Illuminate\\Auth\\SessionGuard.php(159): Illuminate\\Auth\\EloquentUserProvider->retrieveById(1)
#11 F:\\.My Projects\\Databse\\Attendance_Management_System\\vendor\\laravel\\framework\\src\\Illuminate\\Auth\\GuardHelpers.php(60): Illuminate\\Auth\\SessionGuard->user()
#12 F:\\.My Projects\\Databse\\Attendance_Management_System\\resources\\views/welcome.blade.php(6): Illuminate\\Auth\\SessionGuard->check()
#13 F:\\.My Projects\\Databse\\Attendance_Management_System\\vendor\\laravel\\framework\\src\\Illuminate\\Filesystem\\Filesystem.php(107): require('F:\\\\.My Projects...')
#14 F:\\.My Projects\\Databse\\Attendance_Management_System\\vendor\\laravel\\framework\\src\\Illuminate\\Filesystem\\Filesystem.php(108): Illuminate\\Filesystem\\Filesystem::Illuminate\\Filesystem\\{closure}()
#15 F:\\.My Projects\\Databse\\Attendance_Management_System\\vendor\\laravel\\framework\\src\\Illuminate\\View\\Engines\\PhpEngine.php(58): Illuminate\\Filesystem\\Filesystem->getRequire('F:\\\\.My Projects...', Array)
#16 F:\\.My Projects\\Databse\\Attendance_Management_System\\vendor\\laravel\\framework\\src\\Illuminate\\View\\Engines\\CompilerEngine.php(61): Illuminate\\View\\Engines\\PhpEngine->evaluatePath('F:\\\\.My Projects...', Array)
#17 F:\\.My Projects\\Databse\\Attendance_Management_System\\vendor\\facade\\ignition\\src\\Views\\Engines\\CompilerEngine.php(37): Illuminate\\View\\Engines\\CompilerEngine->get('F:\\\\.My Projects...', Array)
#18 F:\\.My Projects\\Databse\\Attendance_Management_System\\vendor\\laravel\\framework\\src\\Illuminate\\View\\View.php(139): Facade\\Ignition\\Views\\Engines\\CompilerEngine->get('F:\\\\.My Projects...', Array)
#19 F:\\.My Projects\\Databse\\Attendance_Management_System\\vendor\\laravel\\framework\\src\\Illuminate\\View\\View.php(122): Illuminate\\View\\View->getContents()
#20 F:\\.My Projects\\Databse\\Attendance_Management_System\\vendor\\laravel\\framework\\src\\Illuminate\\View\\View.php(91): Illuminate\\View\\View->renderContents()
#21 F:\\.My Projects\\Databse\\Attendance_Management_System\\vendor\\laravel\\framework\\src\\Illuminate\\Http\\Response.php(69): Illuminate\\View\\View->render()
#22 F:\\.My Projects\\Databse\\Attendance_Management_System\\vendor\\laravel\\framework\\src\\Illuminate\\Http\\Response.php(35): Illuminate\\Http\\Response->setContent(Object(Illuminate\\View\\View))
#23 F:\\.My Projects\\Databse\\Attendance_Management_System\\vendor\\laravel\\framework\\src\\Illuminate\\Routing\\Router.php(820): Illuminate\\Http\\Response->__construct(Object(Illuminate\\View\\View), 200, Array)
#24 F:\\.My Projects\\Databse\\Attendance_Management_System\\vendor\\laravel\\framework\\src\\Illuminate\\Routing\\Router.php(789): Illuminate\\Routing\\Router::toResponse(Object(Illuminate\\Http\\Request), Object(Illuminate\\View\\View))
#25 F:\\.My Projects\\Databse\\Attendance_Management_System\\vendor\\laravel\\framework\\src\\Illuminate\\Routing\\Router.php(720): Illuminate\\Routing\\Router->prepareResponse(Object(Illuminate\\Http\\Request), Object(Illuminate\\View\\View))
#26 F:\\.My Projects\\Databse\\Attendance_Management_System\\vendor\\laravel\\framework\\src\\Illuminate\\Pipeline\\Pipeline.php(128): Illuminate\\Routing\\Router->Illuminate\\Routing\\{closure}(Object(Illuminate\\Http\\Request))
#27 F:\\.My Projects\\Databse\\Attendance_Management_System\\vendor\\laravel\\framework\\src\\Illuminate\\Routing\\Middleware\\SubstituteBindings.php(50): Illuminate\\Pipeline\\Pipeline->Illuminate\\Pipeline\\{closure}(Object(Illuminate\\Http\\Request))
#28 F:\\.My Projects\\Databse\\Attendance_Management_System\\vendor\\laravel\\framework\\src\\Illuminate\\Pipeline\\Pipeline.php(167): Illuminate\\Routing\\Middleware\\SubstituteBindings->handle(Object(Illuminate\\Http\\Request), Object(Closure))
#29 F:\\.My Projects\\Databse\\Attendance_Management_System\\vendor\\laravel\\framework\\src\\Illuminate\\Foundation\\Http\\Middleware\\VerifyCsrfToken.php(78): Illuminate\\Pipeline\\Pipeline->Illuminate\\Pipeline\\{closure}(Object(Illuminate\\Http\\Request))
#30 F:\\.My Projects\\Databse\\Attendance_Management_System\\vendor\\laravel\\framework\\src\\Illuminate\\Pipeline\\Pipeline.php(167): Illuminate\\Foundation\\Http\\Middleware\\VerifyCsrfToken->handle(Object(Illuminate\\Http\\Request), Object(Closure))
#31 F:\\.My Projects\\Databse\\Attendance_Management_System\\vendor\\laravel\\framework\\src\\Illuminate\\View\\Middleware\\ShareErrorsFromSession.php(49): Illuminate\\Pipeline\\Pipeline->Illuminate\\Pipeline\\{closure}(Object(Illuminate\\Http\\Request))
#32 F:\\.My Projects\\Databse\\Attendance_Management_System\\vendor\\laravel\\framework\\src\\Illuminate\\Pipeline\\Pipeline.php(167): Illuminate\\View\\Middleware\\ShareErrorsFromSession->handle(Object(Illuminate\\Http\\Request), Object(Closure))
#33 F:\\.My Projects\\Databse\\Attendance_Management_System\\vendor\\laravel\\framework\\src\\Illuminate\\Session\\Middleware\\StartSession.php(121): Illuminate\\Pipeline\\Pipeline->Illuminate\\Pipeline\\{closure}(Object(Illuminate\\Http\\Request))
#34 F:\\.My Projects\\Databse\\Attendance_Management_System\\vendor\\laravel\\framework\\src\\Illuminate\\Session\\Middleware\\StartSession.php(64): Illuminate\\Session\\Middleware\\StartSession->handleStatefulRequest(Object(Illuminate\\Http\\Request), Object(Illuminate\\Session\\Store), Object(Closure))
#35 F:\\.My Projects\\Databse\\Attendance_Management_System\\vendor\\laravel\\framework\\src\\Illuminate\\Pipeline\\Pipeline.php(167): Illuminate\\Session\\Middleware\\StartSession->handle(Object(Illuminate\\Http\\Request), Object(Closure))
#36 F:\\.My Projects\\Databse\\Attendance_Management_System\\vendor\\laravel\\framework\\src\\Illuminate\\Cookie\\Middleware\\AddQueuedCookiesToResponse.php(37): Illuminate\\Pipeline\\Pipeline->Illuminate\\Pipeline\\{closure}(Object(Illuminate\\Http\\Request))
#37 F:\\.My Projects\\Databse\\Attendance_Management_System\\vendor\\laravel\\framework\\src\\Illuminate\\Pipeline\\Pipeline.php(167): Illuminate\\Cookie\\Middleware\\AddQueuedCookiesToResponse->handle(Object(Illuminate\\Http\\Request), Object(Closure))
#38 F:\\.My Projects\\Databse\\Attendance_Management_System\\vendor\\laravel\\framework\\src\\Illuminate\\Cookie\\Middleware\\EncryptCookies.php(67): Illuminate\\Pipeline\\Pipeline->Illuminate\\Pipeline\\{closure}(Object(Illuminate\\Http\\Request))
#39 F:\\.My Projects\\Databse\\Attendance_Management_System\\vendor\\laravel\\framework\\src\\Illuminate\\Pipeline\\Pipeline.php(167): Illuminate\\Cookie\\Middleware\\EncryptCookies->handle(Object(Illuminate\\Http\\Request), Object(Closure))
#40 F:\\.My Projects\\Databse\\Attendance_Management_System\\vendor\\laravel\\framework\\src\\Illuminate\\Pipeline\\Pipeline.php(103): Illuminate\\Pipeline\\Pipeline->Illuminate\\Pipeline\\{closure}(Object(Illuminate\\Http\\Request))
#41 F:\\.My Projects\\Databse\\Attendance_Management_System\\vendor\\laravel\\framework\\src\\Illuminate\\Routing\\Router.php(719): Illuminate\\Pipeline\\Pipeline->then(Object(Closure))
#42 F:\\.My Projects\\Databse\\Attendance_Management_System\\vendor\\laravel\\framework\\src\\Illuminate\\Routing\\Router.php(698): Illuminate\\Routing\\Router->runRouteWithinStack(Object(Illuminate\\Routing\\Route), Object(Illuminate\\Http\\Request))
#43 F:\\.My Projects\\Databse\\Attendance_Management_System\\vendor\\laravel\\framework\\src\\Illuminate\\Routing\\Router.php(662): Illuminate\\Routing\\Router->runRoute(Object(Illuminate\\Http\\Request), Object(Illuminate\\Routing\\Route))
#44 F:\\.My Projects\\Databse\\Attendance_Management_System\\vendor\\laravel\\framework\\src\\Illuminate\\Routing\\Router.php(651): Illuminate\\Routing\\Router->dispatchToRoute(Object(Illuminate\\Http\\Request))
#45 F:\\.My Projects\\Databse\\Attendance_Management_System\\vendor\\laravel\\framework\\src\\Illuminate\\Foundation\\Http\\Kernel.php(167): Illuminate\\Routing\\Router->dispatch(Object(Illuminate\\Http\\Request))
#46 F:\\.My Projects\\Databse\\Attendance_Management_System\\vendor\\laravel\\framework\\src\\Illuminate\\Pipeline\\Pipeline.php(128): Illuminate\\Foundation\\Http\\Kernel->Illuminate\\Foundation\\Http\\{closure}(Object(Illuminate\\Http\\Request))
#47 F:\\.My Projects\\Databse\\Attendance_Management_System\\vendor\\laravel\\framework\\src\\Illuminate\\Foundation\\Http\\Middleware\\TransformsRequest.php(21): Illuminate\\Pipeline\\Pipeline->Illuminate\\Pipeline\\{closure}(Object(Illuminate\\Http\\Request))
#48 F:\\.My Projects\\Databse\\Attendance_Management_System\\vendor\\laravel\\framework\\src\\Illuminate\\Foundation\\Http\\Middleware\\ConvertEmptyStringsToNull.php(31): Illuminate\\Foundation\\Http\\Middleware\\TransformsRequest->handle(Object(Illuminate\\Http\\Request), Object(Closure))
#49 F:\\.My Projects\\Databse\\Attendance_Management_System\\vendor\\laravel\\framework\\src\\Illuminate\\Pipeline\\Pipeline.php(167): Illuminate\\Foundation\\Http\\Middleware\\ConvertEmptyStringsToNull->handle(Object(Illuminate\\Http\\Request), Object(Closure))
#50 F:\\.My Projects\\Databse\\Attendance_Management_System\\vendor\\laravel\\framework\\src\\Illuminate\\Foundation\\Http\\Middleware\\TransformsRequest.php(21): Illuminate\\Pipeline\\Pipeline->Illuminate\\Pipeline\\{closure}(Object(Illuminate\\Http\\Request))
#51 F:\\.My Projects\\Databse\\Attendance_Management_System\\vendor\\laravel\\framework\\src\\Illuminate\\Foundation\\Http\\Middleware\\TrimStrings.php(40): Illuminate\\Foundation\\Http\\Middleware\\TransformsRequest->handle(Object(Illuminate\\Http\\Request), Object(Closure))
#52 F:\\.My Projects\\Databse\\Attendance_Management_System\\vendor\\laravel\\framework\\src\\Illuminate\\Pipeline\\Pipeline.php(167): Illuminate\\Foundation\\Http\\Middleware\\TrimStrings->handle(Object(Illuminate\\Http\\Request), Object(Closure))
#53 F:\\.My Projects\\Databse\\Attendance_Management_System\\vendor\\laravel\\framework\\src\\Illuminate\\Foundation\\Http\\Middleware\\ValidatePostSize.php(27): Illuminate\\Pipeline\\Pipeline->Illuminate\\Pipeline\\{closure}(Object(Illuminate\\Http\\Request))
#54 F:\\.My Projects\\Databse\\Attendance_Management_System\\vendor\\laravel\\framework\\src\\Illuminate\\Pipeline\\Pipeline.php(167): Illuminate\\Foundation\\Http\\Middleware\\ValidatePostSize->handle(Object(Illuminate\\Http\\Request), Object(Closure))
#55 F:\\.My Projects\\Databse\\Attendance_Management_System\\vendor\\laravel\\framework\\src\\Illuminate\\Foundation\\Http\\Middleware\\PreventRequestsDuringMaintenance.php(86): Illuminate\\Pipeline\\Pipeline->Illuminate\\Pipeline\\{closure}(Object(Illuminate\\Http\\Request))
#56 F:\\.My Projects\\Databse\\Attendance_Management_System\\vendor\\laravel\\framework\\src\\Illuminate\\Pipeline\\Pipeline.php(167): Illuminate\\Foundation\\Http\\Middleware\\PreventRequestsDuringMaintenance->handle(Object(Illuminate\\Http\\Request), Object(Closure))
#57 F:\\.My Projects\\Databse\\Attendance_Management_System\\vendor\\fruitcake\\laravel-cors\\src\\HandleCors.php(38): Illuminate\\Pipeline\\Pipeline->Illuminate\\Pipeline\\{closure}(Object(Illuminate\\Http\\Request))
#58 F:\\.My Projects\\Databse\\Attendance_Management_System\\vendor\\laravel\\framework\\src\\Illuminate\\Pipeline\\Pipeline.php(167): Fruitcake\\Cors\\HandleCors->handle(Object(Illuminate\\Http\\Request), Object(Closure))
#59 F:\\.My Projects\\Databse\\Attendance_Management_System\\vendor\\laravel\\framework\\src\\Illuminate\\Http\\Middleware\\TrustProxies.php(39): Illuminate\\Pipeline\\Pipeline->Illuminate\\Pipeline\\{closure}(Object(Illuminate\\Http\\Request))
#60 F:\\.My Projects\\Databse\\Attendance_Management_System\\vendor\\laravel\\framework\\src\\Illuminate\\Pipeline\\Pipeline.php(167): Illuminate\\Http\\Middleware\\TrustProxies->handle(Object(Illuminate\\Http\\Request), Object(Closure))
#61 F:\\.My Projects\\Databse\\Attendance_Management_System\\vendor\\laravel\\framework\\src\\Illuminate\\Pipeline\\Pipeline.php(103): Illuminate\\Pipeline\\Pipeline->Illuminate\\Pipeline\\{closure}(Object(Illuminate\\Http\\Request))
#62 F:\\.My Projects\\Databse\\Attendance_Management_System\\vendor\\laravel\\framework\\src\\Illuminate\\Foundation\\Http\\Kernel.php(142): Illuminate\\Pipeline\\Pipeline->then(Object(Closure))
#63 F:\\.My Projects\\Databse\\Attendance_Management_System\\vendor\\laravel\\framework\\src\\Illuminate\\Foundation\\Http\\Kernel.php(111): Illuminate\\Foundation\\Http\\Kernel->sendRequestThroughRouter(Object(Illuminate\\Http\\Request))
#64 F:\\.My Projects\\Databse\\Attendance_Management_System\\public\\index.php(54): Illuminate\\Foundation\\Http\\Kernel->handle(Object(Illuminate\\Http\\Request))
#65 F:\\.My Projects\\Databse\\Attendance_Management_System\\server.php(21): require_once('F:\\\\.My Projects...')
#66 {main}

[previous exception] [object] (Illuminate\\Database\\QueryException(code: 2002): SQLSTATE[HY000] [2002] No connection could be made because the target machine actively refused it (SQL: select * from `users` where `id` = 1 limit 1) at F:\\.My Projects\\Databse\\Attendance_Management_System\\vendor\\laravel\\framework\\src\\Illuminate\\Database\\Connection.php:712)
[stacktrace]
#0 F:\\.My Projects\\Databse\\Attendance_Management_System\\vendor\\laravel\\framework\\src\\Illuminate\\Database\\Connection.php(672): Illuminate\\Database\\Connection->runQueryCallback('select * from `...', Array, Object(Closure))
#1 F:\\.My Projects\\Databse\\Attendance_Management_System\\vendor\\laravel\\framework\\src\\Illuminate\\Database\\Connection.php(359): Illuminate\\Database\\Connection->run('select * from `...', Array, Object(Closure))
#2 F:\\.My Projects\\Databse\\Attendance_Management_System\\vendor\\laravel\\framework\\src\\Illuminate\\Database\\Query\\Builder.php(2413): Illuminate\\Database\\Connection->select('select * from `...', Array, true)
#3 F:\\.My Projects\\Databse\\Attendance_Management_System\\vendor\\laravel\\framework\\src\\Illuminate\\Database\\Query\\Builder.php(2402): Illuminate\\Database\\Query\\Builder->runSelect()
#4 F:\\.My Projects\\Databse\\Attendance_Management_System\\vendor\\laravel\\framework\\src\\Illuminate\\Database\\Query\\Builder.php(2936): Illuminate\\Database\\Query\\Builder->Illuminate\\Database\\Query\\{closure}()
#5 F:\\.My Projects\\Databse\\Attendance_Management_System\\vendor\\laravel\\framework\\src\\Illuminate\\Database\\Query\\Builder.php(2401): Illuminate\\Database\\Query\\Builder->onceWithColumns(Array, Object(Closure))
#6 F:\\.My Projects\\Databse\\Attendance_Management_System\\vendor\\laravel\\framework\\src\\Illuminate\\Database\\Eloquent\\Builder.php(625): Illuminate\\Database\\Query\\Builder->get(Array)
#7 F:\\.My Projects\\Databse\\Attendance_Management_System\\vendor\\laravel\\framework\\src\\Illuminate\\Database\\Eloquent\\Builder.php(609): Illuminate\\Database\\Eloquent\\Builder->getModels(Array)
#8 F:\\.My Projects\\Databse\\Attendance_Management_System\\vendor\\laravel\\framework\\src\\Illuminate\\Database\\Concerns\\BuildsQueries.php(294): Illuminate\\Database\\Eloquent\\Builder->get(Array)
#9 F:\\.My Projects\\Databse\\Attendance_Management_System\\vendor\\laravel\\framework\\src\\Illuminate\\Auth\\EloquentUserProvider.php(53): Illuminate\\Database\\Eloquent\\Builder->first()
#10 F:\\.My Projects\\Databse\\Attendance_Management_System\\vendor\\laravel\\framework\\src\\Illuminate\\Auth\\SessionGuard.php(159): Illuminate\\Auth\\EloquentUserProvider->retrieveById(1)
#11 F:\\.My Projects\\Databse\\Attendance_Management_System\\vendor\\laravel\\framework\\src\\Illuminate\\Auth\\GuardHelpers.php(60): Illuminate\\Auth\\SessionGuard->user()
#12 F:\\.My Projects\\Databse\\Attendance_Management_System\\storage\\framework\\views\\1f5f93e2d57159b8be9e60f946248c836725e606.php(6): Illuminate\\Auth\\SessionGuard->check()
#13 F:\\.My Projects\\Databse\\Attendance_Management_System\\vendor\\laravel\\framework\\src\\Illuminate\\Filesystem\\Filesystem.php(107): require('F:\\\\.My Projects...')
#14 F:\\.My Projects\\Databse\\Attendance_Management_System\\vendor\\laravel\\framework\\src\\Illuminate\\Filesystem\\Filesystem.php(108): Illuminate\\Filesystem\\Filesystem::Illuminate\\Filesystem\\{closure}()
#15 F:\\.My Projects\\Databse\\Attendance_Management_System\\vendor\\laravel\\framework\\src\\Illuminate\\View\\Engines\\PhpEngine.php(58): Illuminate\\Filesystem\\Filesystem->getRequire('F:\\\\.My Projects...', Array)
#16 F:\\.My Projects\\Databse\\Attendance_Management_System\\vendor\\laravel\\framework\\src\\Illuminate\\View\\Engines\\CompilerEngine.php(61): Illuminate\\View\\Engines\\PhpEngine->evaluatePath('F:\\\\.My Projects...', Array)
#17 F:\\.My Projects\\Databse\\Attendance_Management_System\\vendor\\facade\\ignition\\src\\Views\\Engines\\CompilerEngine.php(37): Illuminate\\View\\Engines\\CompilerEngine->get('F:\\\\.My Projects...', Array)
#18 F:\\.My Projects\\Databse\\Attendance_Management_System\\vendor\\laravel\\framework\\src\\Illuminate\\View\\View.php(139): Facade\\Ignition\\Views\\Engines\\CompilerEngine->get('F:\\\\.My Projects...', Array)
#19 F:\\.My Projects\\Databse\\Attendance_Management_System\\vendor\\laravel\\framework\\src\\Illuminate\\View\\View.php(122): Illuminate\\View\\View->getContents()
#20 F:\\.My Projects\\Databse\\Attendance_Management_System\\vendor\\laravel\\framework\\src\\Illuminate\\View\\View.php(91): Illuminate\\View\\View->renderContents()
#21 F:\\.My Projects\\Databse\\Attendance_Management_System\\vendor\\laravel\\framework\\src\\Illuminate\\Http\\Response.php(69): Illuminate\\View\\View->render()
#22 F:\\.My Projects\\Databse\\Attendance_Management_System\\vendor\\laravel\\framework\\src\\Illuminate\\Http\\Response.php(35): Illuminate\\Http\\Response->setContent(Object(Illuminate\\View\\View))
#23 F:\\.My Projects\\Databse\\Attendance_Management_System\\vendor\\laravel\\framework\\src\\Illuminate\\Routing\\Router.php(820): Illuminate\\Http\\Response->__construct(Object(Illuminate\\View\\View), 200, Array)
#24 F:\\.My Projects\\Databse\\Attendance_Management_System\\vendor\\laravel\\framework\\src\\Illuminate\\Routing\\Router.php(789): Illuminate\\Routing\\Router::toResponse(Object(Illuminate\\Http\\Request), Object(Illuminate\\View\\View))
#25 F:\\.My Projects\\Databse\\Attendance_Management_System\\vendor\\laravel\\framework\\src\\Illuminate\\Routing\\Router.php(720): Illuminate\\Routing\\Router->prepareResponse(Object(Illuminate\\Http\\Request), Object(Illuminate\\View\\View))
#26 F:\\.My Projects\\Databse\\Attendance_Management_System\\vendor\\laravel\\framework\\src\\Illuminate\\Pipeline\\Pipeline.php(128): Illuminate\\Routing\\Router->Illuminate\\Routing\\{closure}(Object(Illuminate\\Http\\Request))
#27 F:\\.My Projects\\Databse\\Attendance_Management_System\\vendor\\laravel\\framework\\src\\Illuminate\\Routing\\Middleware\\SubstituteBindings.php(50): Illuminate\\Pipeline\\Pipeline->Illuminate\\Pipeline\\{closure}(Object(Illuminate\\Http\\Request))
#28 F:\\.My Projects\\Databse\\Attendance_Management_System\\vendor\\laravel\\framework\\src\\Illuminate\\Pipeline\\Pipeline.php(167): Illuminate\\Routing\\Middleware\\SubstituteBindings->handle(Object(Illuminate\\Http\\Request), Object(Closure))
#29 F:\\.My Projects\\Databse\\Attendance_Management_System\\vendor\\laravel\\framework\\src\\Illuminate\\Foundation\\Http\\Middleware\\VerifyCsrfToken.php(78): Illuminate\\Pipeline\\Pipeline->Illuminate\\Pipeline\\{closure}(Object(Illuminate\\Http\\Request))
#30 F:\\.My Projects\\Databse\\Attendance_Management_System\\vendor\\laravel\\framework\\src\\Illuminate\\Pipeline\\Pipeline.php(167): Illuminate\\Foundation\\Http\\Middleware\\VerifyCsrfToken->handle(Object(Illuminate\\Http\\Request), Object(Closure))
#31 F:\\.My Projects\\Databse\\Attendance_Management_System\\vendor\\laravel\\framework\\src\\Illuminate\\View\\Middleware\\ShareErrorsFromSession.php(49): Illuminate\\Pipeline\\Pipeline->Illuminate\\Pipeline\\{closure}(Object(Illuminate\\Http\\Request))
#32 F:\\.My Projects\\Databse\\Attendance_Management_System\\vendor\\laravel\\framework\\src\\Illuminate\\Pipeline\\Pipeline.php(167): Illuminate\\View\\Middleware\\ShareErrorsFromSession->handle(Object(Illuminate\\Http\\Request), Object(Closure))
#33 F:\\.My Projects\\Databse\\Attendance_Management_System\\vendor\\laravel\\framework\\src\\Illuminate\\Session\\Middleware\\StartSession.php(121): Illuminate\\Pipeline\\Pipeline->Illuminate\\Pipeline\\{closure}(Object(Illuminate\\Http\\Request))
#34 F:\\.My Projects\\Databse\\Attendance_Management_System\\vendor\\laravel\\framework\\src\\Illuminate\\Session\\Middleware\\StartSession.php(64): Illuminate\\Session\\Middleware\\StartSession->handleStatefulRequest(Object(Illuminate\\Http\\Request), Object(Illuminate\\Session\\Store), Object(Closure))
#35 F:\\.My Projects\\Databse\\Attendance_Management_System\\vendor\\laravel\\framework\\src\\Illuminate\\Pipeline\\Pipeline.php(167): Illuminate\\Session\\Middleware\\StartSession->handle(Object(Illuminate\\Http\\Request), Object(Closure))
#36 F:\\.My Projects\\Databse\\Attendance_Management_System\\vendor\\laravel\\framework\\src\\Illuminate\\Cookie\\Middleware\\AddQueuedCookiesToResponse.php(37): Illuminate\\Pipeline\\Pipeline->Illuminate\\Pipeline\\{closure}(Object(Illuminate\\Http\\Request))
#37 F:\\.My Projects\\Databse\\Attendance_Management_System\\vendor\\laravel\\framework\\src\\Illuminate\\Pipeline\\Pipeline.php(167): Illuminate\\Cookie\\Middleware\\AddQueuedCookiesToResponse->handle(Object(Illuminate\\Http\\Request), Object(Closure))
#38 F:\\.My Projects\\Databse\\Attendance_Management_System\\vendor\\laravel\\framework\\src\\Illuminate\\Cookie\\Middleware\\EncryptCookies.php(67): Illuminate\\Pipeline\\Pipeline->Illuminate\\Pipeline\\{closure}(Object(Illuminate\\Http\\Request))
#39 F:\\.My Projects\\Databse\\Attendance_Management_System\\vendor\\laravel\\framework\\src\\Illuminate\\Pipeline\\Pipeline.php(167): Illuminate\\Cookie\\Middleware\\EncryptCookies->handle(Object(Illuminate\\Http\\Request), Object(Closure))
#40 F:\\.My Projects\\Databse\\Attendance_Management_System\\vendor\\laravel\\framework\\src\\Illuminate\\Pipeline\\Pipeline.php(103): Illuminate\\Pipeline\\Pipeline->Illuminate\\Pipeline\\{closure}(Object(Illuminate\\Http\\Request))
#41 F:\\.My Projects\\Databse\\Attendance_Management_System\\vendor\\laravel\\framework\\src\\Illuminate\\Routing\\Router.php(719): Illuminate\\Pipeline\\Pipeline->then(Object(Closure))
#42 F:\\.My Projects\\Databse\\Attendance_Management_System\\vendor\\laravel\\framework\\src\\Illuminate\\Routing\\Router.php(698): Illuminate\\Routing\\Router->runRouteWithinStack(Object(Illuminate\\Routing\\Route), Object(Illuminate\\Http\\Request))
#43 F:\\.My Projects\\Databse\\Attendance_Management_System\\vendor\\laravel\\framework\\src\\Illuminate\\Routing\\Router.php(662): Illuminate\\Routing\\Router->runRoute(Object(Illuminate\\Http\\Request), Object(Illuminate\\Routing\\Route))
#44 F:\\.My Projects\\Databse\\Attendance_Management_System\\vendor\\laravel\\framework\\src\\Illuminate\\Routing\\Router.php(651): Illuminate\\Routing\\Router->dispatchToRoute(Object(Illuminate\\Http\\Request))
#45 F:\\.My Projects\\Databse\\Attendance_Management_System\\vendor\\laravel\\framework\\src\\Illuminate\\Foundation\\Http\\Kernel.php(167): Illuminate\\Routing\\Router->dispatch(Object(Illuminate\\Http\\Request))
#46 F:\\.My Projects\\Databse\\Attendance_Management_System\\vendor\\laravel\\framework\\src\\Illuminate\\Pipeline\\Pipeline.php(128): Illuminate\\Foundation\\Http\\Kernel->Illuminate\\Foundation\\Http\\{closure}(Object(Illuminate\\Http\\Request))
#47 F:\\.My Projects\\Databse\\Attendance_Management_System\\vendor\\laravel\\framework\\src\\Illuminate\\Foundation\\Http\\Middleware\\TransformsRequest.php(21): Illuminate\\Pipeline\\Pipeline->Illuminate\\Pipeline\\{closure}(Object(Illuminate\\Http\\Request))
#48 F:\\.My Projects\\Databse\\Attendance_Management_System\\vendor\\laravel\\framework\\src\\Illuminate\\Foundation\\Http\\Middleware\\ConvertEmptyStringsToNull.php(31): Illuminate\\Foundation\\Http\\Middleware\\TransformsRequest->handle(Object(Illuminate\\Http\\Request), Object(Closure))
#49 F:\\.My Projects\\Databse\\Attendance_Management_System\\vendor\\laravel\\framework\\src\\Illuminate\\Pipeline\\Pipeline.php(167): Illuminate\\Foundation\\Http\\Middleware\\ConvertEmptyStringsToNull->handle(Object(Illuminate\\Http\\Request), Object(Closure))
#50 F:\\.My Projects\\Databse\\Attendance_Management_System\\vendor\\laravel\\framework\\src\\Illuminate\\Foundation\\Http\\Middleware\\TransformsRequest.php(21): Illuminate\\Pipeline\\Pipeline->Illuminate\\Pipeline\\{closure}(Object(Illuminate\\Http\\Request))
#51 F:\\.My Projects\\Databse\\Attendance_Management_System\\vendor\\laravel\\framework\\src\\Illuminate\\Foundation\\Http\\Middleware\\TrimStrings.php(40): Illuminate\\Foundation\\Http\\Middleware\\TransformsRequest->handle(Object(Illuminate\\Http\\Request), Object(Closure))
#52 F:\\.My Projects\\Databse\\Attendance_Management_System\\vendor\\laravel\\framework\\src\\Illuminate\\Pipeline\\Pipeline.php(167): Illuminate\\Foundation\\Http\\Middleware\\TrimStrings->handle(Object(Illuminate\\Http\\Request), Object(Closure))
#53 F:\\.My Projects\\Databse\\Attendance_Management_System\\vendor\\laravel\\framework\\src\\Illuminate\\Foundation\\Http\\Middleware\\ValidatePostSize.php(27): Illuminate\\Pipeline\\Pipeline->Illuminate\\Pipeline\\{closure}(Object(Illuminate\\Http\\Request))
#54 F:\\.My Projects\\Databse\\Attendance_Management_System\\vendor\\laravel\\framework\\src\\Illuminate\\Pipeline\\Pipeline.php(167): Illuminate\\Foundation\\Http\\Middleware\\ValidatePostSize->handle(Object(Illuminate\\Http\\Request), Object(Closure))
#55 F:\\.My Projects\\Databse\\Attendance_Management_System\\vendor\\laravel\\framework\\src\\Illuminate\\Foundation\\Http\\Middleware\\PreventRequestsDuringMaintenance.php(86): Illuminate\\Pipeline\\Pipeline->Illuminate\\Pipeline\\{closure}(Object(Illuminate\\Http\\Request))
#56 F:\\.My Projects\\Databse\\Attendance_Management_System\\vendor\\laravel\\framework\\src\\Illuminate\\Pipeline\\Pipeline.php(167): Illuminate\\Foundation\\Http\\Middleware\\PreventRequestsDuringMaintenance->handle(Object(Illuminate\\Http\\Request), Object(Closure))
#57 F:\\.My Projects\\Databse\\Attendance_Management_System\\vendor\\fruitcake\\laravel-cors\\src\\HandleCors.php(38): Illuminate\\Pipeline\\Pipeline->Illuminate\\Pipeline\\{closure}(Object(Illuminate\\Http\\Request))
#58 F:\\.My Projects\\Databse\\Attendance_Management_System\\vendor\\laravel\\framework\\src\\Illuminate\\Pipeline\\Pipeline.php(167): Fruitcake\\Cors\\HandleCors->handle(Object(Illuminate\\Http\\Request), Object(Closure))
#59 F:\\.My Projects\\Databse\\Attendance_Management_System\\vendor\\laravel\\framework\\src\\Illuminate\\Http\\Middleware\\TrustProxies.php(39): Illuminate\\Pipeline\\Pipeline->Illuminate\\Pipeline\\{closure}(Object(Illuminate\\Http\\Request))
#60 F:\\.My Projects\\Databse\\Attendance_Management_System\\vendor\\laravel\\framework\\src\\Illuminate\\Pipeline\\Pipeline.php(167): Illuminate\\Http\\Middleware\\TrustProxies->handle(Object(Illuminate\\Http\\Request), Object(Closure))
#61 F:\\.My Projects\\Databse\\Attendance_Management_System\\vendor\\laravel\\framework\\src\\Illuminate\\Pipeline\\Pipeline.php(103): Illuminate\\Pipeline\\Pipeline->Illuminate\\Pipeline\\{closure}(Object(Illuminate\\Http\\Request))
#62 F:\\.My Projects\\Databse\\Attendance_Management_System\\vendor\\laravel\\framework\\src\\Illuminate\\Foundation\\Http\\Kernel.php(142): Illuminate\\Pipeline\\Pipeline->then(Object(Closure))
#63 F:\\.My Projects\\Databse\\Attendance_Management_System\\vendor\\laravel\\framework\\src\\Illuminate\\Foundation\\Http\\Kernel.php(111): Illuminate\\Foundation\\Http\\Kernel->sendRequestThroughRouter(Object(Illuminate\\Http\\Request))
#64 F:\\.My Projects\\Databse\\Attendance_Management_System\\public\\index.php(54): Illuminate\\Foundation\\Http\\Kernel->handle(Object(Illuminate\\Http\\Request))
#65 F:\\.My Projects\\Databse\\Attendance_Management_System\\server.php(21): require_once('F:\\\\.My Projects...')
#66 {main}

[previous exception] [object] (PDOException(code: 2002): SQLSTATE[HY000] [2002] No connection could be made because the target machine actively refused it at F:\\.My Projects\\Databse\\Attendance_Management_System\\vendor\\laravel\\framework\\src\\Illuminate\\Database\\Connectors\\Connector.php:70)
[stacktrace]
#0 F:\\.My Projects\\Databse\\Attendance_Management_System\\vendor\\laravel\\framework\\src\\Illuminate\\Database\\Connectors\\Connector.php(70): PDO->__construct('mysql:host=127....', 'root', Object(SensitiveParameterValue), Array)
#1 F:\\.My Projects\\Databse\\Attendance_Management_System\\vendor\\laravel\\framework\\src\\Illuminate\\Database\\Connectors\\Connector.php(45): Illuminate\\Database\\Connectors\\Connector->createPdoConnection('mysql:host=127....', 'root', '', Array)
#2 F:\\.My Projects\\Databse\\Attendance_Management_System\\vendor\\laravel\\framework\\src\\Illuminate\\Database\\Connectors\\MySqlConnector.php(24): Illuminate\\Database\\Connectors\\Connector->createConnection('mysql:host=127....', Array, Array)
#3 F:\\.My Projects\\Databse\\Attendance_Management_System\\vendor\\laravel\\framework\\src\\Illuminate\\Database\\Connectors\\ConnectionFactory.php(184): Illuminate\\Database\\Connectors\\MySqlConnector->connect(Array)
#4 [internal function]: Illuminate\\Database\\Connectors\\ConnectionFactory->Illuminate\\Database\\Connectors\\{closure}()
#5 F:\\.My Projects\\Databse\\Attendance_Management_System\\vendor\\laravel\\framework\\src\\Illuminate\\Database\\Connection.php(1064): call_user_func(Object(Closure))
#6 F:\\.My Projects\\Databse\\Attendance_Management_System\\vendor\\laravel\\framework\\src\\Illuminate\\Database\\Connection.php(1100): Illuminate\\Database\\Connection->getPdo()
#7 F:\\.My Projects\\Databse\\Attendance_Management_System\\vendor\\laravel\\framework\\src\\Illuminate\\Database\\Connection.php(442): Illuminate\\Database\\Connection->getReadPdo()
#8 F:\\.My Projects\\Databse\\Attendance_Management_System\\vendor\\laravel\\framework\\src\\Illuminate\\Database\\Connection.php(368): Illuminate\\Database\\Connection->getPdoForSelect(true)
#9 F:\\.My Projects\\Databse\\Attendance_Management_System\\vendor\\laravel\\framework\\src\\Illuminate\\Database\\Connection.php(705): Illuminate\\Database\\Connection->Illuminate\\Database\\{closure}('select * from `...', Array)
#10 F:\\.My Projects\\Databse\\Attendance_Management_System\\vendor\\laravel\\framework\\src\\Illuminate\\Database\\Connection.php(672): Illuminate\\Database\\Connection->runQueryCallback('select * from `...', Array, Object(Closure))
#11 F:\\.My Projects\\Databse\\Attendance_Management_System\\vendor\\laravel\\framework\\src\\Illuminate\\Database\\Connection.php(359): Illuminate\\Database\\Connection->run('select * from `...', Array, Object(Closure))
#12 F:\\.My Projects\\Databse\\Attendance_Management_System\\vendor\\laravel\\framework\\src\\Illuminate\\Database\\Query\\Builder.php(2413): Illuminate\\Database\\Connection->select('select * from `...', Array, true)
#13 F:\\.My Projects\\Databse\\Attendance_Management_System\\vendor\\laravel\\framework\\src\\Illuminate\\Database\\Query\\Builder.php(2402): Illuminate\\Database\\Query\\Builder->runSelect()
#14 F:\\.My Projects\\Databse\\Attendance_Management_System\\vendor\\laravel\\framework\\src\\Illuminate\\Database\\Query\\Builder.php(2936): Illuminate\\Database\\Query\\Builder->Illuminate\\Database\\Query\\{closure}()
#15 F:\\.My Projects\\Databse\\Attendance_Management_System\\vendor\\laravel\\framework\\src\\Illuminate\\Database\\Query\\Builder.php(2401): Illuminate\\Database\\Query\\Builder->onceWithColumns(Array, Object(Closure))
#16 F:\\.My Projects\\Databse\\Attendance_Management_System\\vendor\\laravel\\framework\\src\\Illuminate\\Database\\Eloquent\\Builder.php(625): Illuminate\\Database\\Query\\Builder->get(Array)
#17 F:\\.My Projects\\Databse\\Attendance_Management_System\\vendor\\laravel\\framework\\src\\Illuminate\\Database\\Eloquent\\Builder.php(609): Illuminate\\Database\\Eloquent\\Builder->getModels(Array)
#18 F:\\.My Projects\\Databse\\Attendance_Management_System\\vendor\\laravel\\framework\\src\\Illuminate\\Database\\Concerns\\BuildsQueries.php(294): Illuminate\\Database\\Eloquent\\Builder->get(Array)
#19 F:\\.My Projects\\Databse\\Attendance_Management_System\\vendor\\laravel\\framework\\src\\Illuminate\\Auth\\EloquentUserProvider.php(53): Illuminate\\Database\\Eloquent\\Builder->first()
#20 F:\\.My Projects\\Databse\\Attendance_Management_System\\vendor\\laravel\\framework\\src\\Illuminate\\Auth\\SessionGuard.php(159): Illuminate\\Auth\\EloquentUserProvider->retrieveById(1)
#21 F:\\.My Projects\\Databse\\Attendance_Management_System\\vendor\\laravel\\framework\\src\\Illuminate\\Auth\\GuardHelpers.php(60): Illuminate\\Auth\\SessionGuard->user()
#22 F:\\.My Projects\\Databse\\Attendance_Management_System\\storage\\framework\\views\\1f5f93e2d57159b8be9e60f946248c836725e606.php(6): Illuminate\\Auth\\SessionGuard->check()
#23 F:\\.My Projects\\Databse\\Attendance_Management_System\\vendor\\laravel\\framework\\src\\Illuminate\\Filesystem\\Filesystem.php(107): require('F:\\\\.My Projects...')
#24 F:\\.My Projects\\Databse\\Attendance_Management_System\\vendor\\laravel\\framework\\src\\Illuminate\\Filesystem\\Filesystem.php(108): Illuminate\\Filesystem\\Filesystem::Illuminate\\Filesystem\\{closure}()
#25 F:\\.My Projects\\Databse\\Attendance_Management_System\\vendor\\laravel\\framework\\src\\Illuminate\\View\\Engines\\PhpEngine.php(58): Illuminate\\Filesystem\\Filesystem->getRequire('F:\\\\.My Projects...', Array)
#26 F:\\.My Projects\\Databse\\Attendance_Management_System\\vendor\\laravel\\framework\\src\\Illuminate\\View\\Engines\\CompilerEngine.php(61): Illuminate\\View\\Engines\\PhpEngine->evaluatePath('F:\\\\.My Projects...', Array)
#27 F:\\.My Projects\\Databse\\Attendance_Management_System\\vendor\\facade\\ignition\\src\\Views\\Engines\\CompilerEngine.php(37): Illuminate\\View\\Engines\\CompilerEngine->get('F:\\\\.My Projects...', Array)
#28 F:\\.My Projects\\Databse\\Attendance_Management_System\\vendor\\laravel\\framework\\src\\Illuminate\\View\\View.php(139): Facade\\Ignition\\Views\\Engines\\CompilerEngine->get('F:\\\\.My Projects...', Array)
#29 F:\\.My Projects\\Databse\\Attendance_Management_System\\vendor\\laravel\\framework\\src\\Illuminate\\View\\View.php(122): Illuminate\\View\\View->getContents()
#30 F:\\.My Projects\\Databse\\Attendance_Management_System\\vendor\\laravel\\framework\\src\\Illuminate\\View\\View.php(91): Illuminate\\View\\View->renderContents()
#31 F:\\.My Projects\\Databse\\Attendance_Management_System\\vendor\\laravel\\framework\\src\\Illuminate\\Http\\Response.php(69): Illuminate\\View\\View->render()
#32 F:\\.My Projects\\Databse\\Attendance_Management_System\\vendor\\laravel\\framework\\src\\Illuminate\\Http\\Response.php(35): Illuminate\\Http\\Response->setContent(Object(Illuminate\\View\\View))
#33 F:\\.My Projects\\Databse\\Attendance_Management_System\\vendor\\laravel\\framework\\src\\Illuminate\\Routing\\Router.php(820): Illuminate\\Http\\Response->__construct(Object(Illuminate\\View\\View), 200, Array)
#34 F:\\.My Projects\\Databse\\Attendance_Management_System\\vendor\\laravel\\framework\\src\\Illuminate\\Routing\\Router.php(789): Illuminate\\Routing\\Router::toResponse(Object(Illuminate\\Http\\Request), Object(Illuminate\\View\\View))
#35 F:\\.My Projects\\Databse\\Attendance_Management_System\\vendor\\laravel\\framework\\src\\Illuminate\\Routing\\Router.php(720): Illuminate\\Routing\\Router->prepareResponse(Object(Illuminate\\Http\\Request), Object(Illuminate\\View\\View))
#36 F:\\.My Projects\\Databse\\Attendance_Management_System\\vendor\\laravel\\framework\\src\\Illuminate\\Pipeline\\Pipeline.php(128): Illuminate\\Routing\\Router->Illuminate\\Routing\\{closure}(Object(Illuminate\\Http\\Request))
#37 F:\\.My Projects\\Databse\\Attendance_Management_System\\vendor\\laravel\\framework\\src\\Illuminate\\Routing\\Middleware\\SubstituteBindings.php(50): Illuminate\\Pipeline\\Pipeline->Illuminate\\Pipeline\\{closure}(Object(Illuminate\\Http\\Request))
#38 F:\\.My Projects\\Databse\\Attendance_Management_System\\vendor\\laravel\\framework\\src\\Illuminate\\Pipeline\\Pipeline.php(167): Illuminate\\Routing\\Middleware\\SubstituteBindings->handle(Object(Illuminate\\Http\\Request), Object(Closure))
#39 F:\\.My Projects\\Databse\\Attendance_Management_System\\vendor\\laravel\\framework\\src\\Illuminate\\Foundation\\Http\\Middleware\\VerifyCsrfToken.php(78): Illuminate\\Pipeline\\Pipeline->Illuminate\\Pipeline\\{closure}(Object(Illuminate\\Http\\Request))
#40 F:\\.My Projects\\Databse\\Attendance_Management_System\\vendor\\laravel\\framework\\src\\Illuminate\\Pipeline\\Pipeline.php(167): Illuminate\\Foundation\\Http\\Middleware\\VerifyCsrfToken->handle(Object(Illuminate\\Http\\Request), Object(Closure))
#41 F:\\.My Projects\\Databse\\Attendance_Management_System\\vendor\\laravel\\framework\\src\\Illuminate\\View\\Middleware\\ShareErrorsFromSession.php(49): Illuminate\\Pipeline\\Pipeline->Illuminate\\Pipeline\\{closure}(Object(Illuminate\\Http\\Request))
#42 F:\\.My Projects\\Databse\\Attendance_Management_System\\vendor\\laravel\\framework\\src\\Illuminate\\Pipeline\\Pipeline.php(167): Illuminate\\View\\Middleware\\ShareErrorsFromSession->handle(Object(Illuminate\\Http\\Request), Object(Closure))
#43 F:\\.My Projects\\Databse\\Attendance_Management_System\\vendor\\laravel\\framework\\src\\Illuminate\\Session\\Middleware\\StartSession.php(121): Illuminate\\Pipeline\\Pipeline->Illuminate\\Pipeline\\{closure}(Object(Illuminate\\Http\\Request))
#44 F:\\.My Projects\\Databse\\Attendance_Management_System\\vendor\\laravel\\framework\\src\\Illuminate\\Session\\Middleware\\StartSession.php(64): Illuminate\\Session\\Middleware\\StartSession->handleStatefulRequest(Object(Illuminate\\Http\\Request), Object(Illuminate\\Session\\Store), Object(Closure))
#45 F:\\.My Projects\\Databse\\Attendance_Management_System\\vendor\\laravel\\framework\\src\\Illuminate\\Pipeline\\Pipeline.php(167): Illuminate\\Session\\Middleware\\StartSession->handle(Object(Illuminate\\Http\\Request), Object(Closure))
#46 F:\\.My Projects\\Databse\\Attendance_Management_System\\vendor\\laravel\\framework\\src\\Illuminate\\Cookie\\Middleware\\AddQueuedCookiesToResponse.php(37): Illuminate\\Pipeline\\Pipeline->Illuminate\\Pipeline\\{closure}(Object(Illuminate\\Http\\Request))
#47 F:\\.My Projects\\Databse\\Attendance_Management_System\\vendor\\laravel\\framework\\src\\Illuminate\\Pipeline\\Pipeline.php(167): Illuminate\\Cookie\\Middleware\\AddQueuedCookiesToResponse->handle(Object(Illuminate\\Http\\Request), Object(Closure))
#48 F:\\.My Projects\\Databse\\Attendance_Management_System\\vendor\\laravel\\framework\\src\\Illuminate\\Cookie\\Middleware\\EncryptCookies.php(67): Illuminate\\Pipeline\\Pipeline->Illuminate\\Pipeline\\{closure}(Object(Illuminate\\Http\\Request))
#49 F:\\.My Projects\\Databse\\Attendance_Management_System\\vendor\\laravel\\framework\\src\\Illuminate\\Pipeline\\Pipeline.php(167): Illuminate\\Cookie\\Middleware\\EncryptCookies->handle(Object(Illuminate\\Http\\Request), Object(Closure))
#50 F:\\.My Projects\\Databse\\Attendance_Management_System\\vendor\\laravel\\framework\\src\\Illuminate\\Pipeline\\Pipeline.php(103): Illuminate\\Pipeline\\Pipeline->Illuminate\\Pipeline\\{closure}(Object(Illuminate\\Http\\Request))
#51 F:\\.My Projects\\Databse\\Attendance_Management_System\\vendor\\laravel\\framework\\src\\Illuminate\\Routing\\Router.php(719): Illuminate\\Pipeline\\Pipeline->then(Object(Closure))
#52 F:\\.My Projects\\Databse\\Attendance_Management_System\\vendor\\laravel\\framework\\src\\Illuminate\\Routing\\Router.php(698): Illuminate\\Routing\\Router->runRouteWithinStack(Object(Illuminate\\Routing\\Route), Object(Illuminate\\Http\\Request))
#53 F:\\.My Projects\\Databse\\Attendance_Management_System\\vendor\\laravel\\framework\\src\\Illuminate\\Routing\\Router.php(662): Illuminate\\Routing\\Router->runRoute(Object(Illuminate\\Http\\Request), Object(Illuminate\\Routing\\Route))
#54 F:\\.My Projects\\Databse\\Attendance_Management_System\\vendor\\laravel\\framework\\src\\Illuminate\\Routing\\Router.php(651): Illuminate\\Routing\\Router->dispatchToRoute(Object(Illuminate\\Http\\Request))
#55 F:\\.My Projects\\Databse\\Attendance_Management_System\\vendor\\laravel\\framework\\src\\Illuminate\\Foundation\\Http\\Kernel.php(167): Illuminate\\Routing\\Router->dispatch(Object(Illuminate\\Http\\Request))
#56 F:\\.My Projects\\Databse\\Attendance_Management_System\\vendor\\laravel\\framework\\src\\Illuminate\\Pipeline\\Pipeline.php(128): Illuminate\\Foundation\\Http\\Kernel->Illuminate\\Foundation\\Http\\{closure}(Object(Illuminate\\Http\\Request))
#57 F:\\.My Projects\\Databse\\Attendance_Management_System\\vendor\\laravel\\framework\\src\\Illuminate\\Foundation\\Http\\Middleware\\TransformsRequest.php(21): Illuminate\\Pipeline\\Pipeline->Illuminate\\Pipeline\\{closure}(Object(Illuminate\\Http\\Request))
#58 F:\\.My Projects\\Databse\\Attendance_Management_System\\vendor\\laravel\\framework\\src\\Illuminate\\Foundation\\Http\\Middleware\\ConvertEmptyStringsToNull.php(31): Illuminate\\Foundation\\Http\\Middleware\\TransformsRequest->handle(Object(Illuminate\\Http\\Request), Object(Closure))
#59 F:\\.My Projects\\Databse\\Attendance_Management_System\\vendor\\laravel\\framework\\src\\Illuminate\\Pipeline\\Pipeline.php(167): Illuminate\\Foundation\\Http\\Middleware\\ConvertEmptyStringsToNull->handle(Object(Illuminate\\Http\\Request), Object(Closure))
#60 F:\\.My Projects\\Databse\\Attendance_Management_System\\vendor\\laravel\\framework\\src\\Illuminate\\Foundation\\Http\\Middleware\\TransformsRequest.php(21): Illuminate\\Pipeline\\Pipeline->Illuminate\\Pipeline\\{closure}(Object(Illuminate\\Http\\Request))
#61 F:\\.My Projects\\Databse\\Attendance_Management_System\\vendor\\laravel\\framework\\src\\Illuminate\\Foundation\\Http\\Middleware\\TrimStrings.php(40): Illuminate\\Foundation\\Http\\Middleware\\TransformsRequest->handle(Object(Illuminate\\Http\\Request), Object(Closure))
#62 F:\\.My Projects\\Databse\\Attendance_Management_System\\vendor\\laravel\\framework\\src\\Illuminate\\Pipeline\\Pipeline.php(167): Illuminate\\Foundation\\Http\\Middleware\\TrimStrings->handle(Object(Illuminate\\Http\\Request), Object(Closure))
#63 F:\\.My Projects\\Databse\\Attendance_Management_System\\vendor\\laravel\\framework\\src\\Illuminate\\Foundation\\Http\\Middleware\\ValidatePostSize.php(27): Illuminate\\Pipeline\\Pipeline->Illuminate\\Pipeline\\{closure}(Object(Illuminate\\Http\\Request))
#64 F:\\.My Projects\\Databse\\Attendance_Management_System\\vendor\\laravel\\framework\\src\\Illuminate\\Pipeline\\Pipeline.php(167): Illuminate\\Foundation\\Http\\Middleware\\ValidatePostSize->handle(Object(Illuminate\\Http\\Request), Object(Closure))
#65 F:\\.My Projects\\Databse\\Attendance_Management_System\\vendor\\laravel\\framework\\src\\Illuminate\\Foundation\\Http\\Middleware\\PreventRequestsDuringMaintenance.php(86): Illuminate\\Pipeline\\Pipeline->Illuminate\\Pipeline\\{closure}(Object(Illuminate\\Http\\Request))
#66 F:\\.My Projects\\Databse\\Attendance_Management_System\\vendor\\laravel\\framework\\src\\Illuminate\\Pipeline\\Pipeline.php(167): Illuminate\\Foundation\\Http\\Middleware\\PreventRequestsDuringMaintenance->handle(Object(Illuminate\\Http\\Request), Object(Closure))
#67 F:\\.My Projects\\Databse\\Attendance_Management_System\\vendor\\fruitcake\\laravel-cors\\src\\HandleCors.php(38): Illuminate\\Pipeline\\Pipeline->Illuminate\\Pipeline\\{closure}(Object(Illuminate\\Http\\Request))
#68 F:\\.My Projects\\Databse\\Attendance_Management_System\\vendor\\laravel\\framework\\src\\Illuminate\\Pipeline\\Pipeline.php(167): Fruitcake\\Cors\\HandleCors->handle(Object(Illuminate\\Http\\Request), Object(Closure))
#69 F:\\.My Projects\\Databse\\Attendance_Management_System\\vendor\\laravel\\framework\\src\\Illuminate\\Http\\Middleware\\TrustProxies.php(39): Illuminate\\Pipeline\\Pipeline->Illuminate\\Pipeline\\{closure}(Object(Illuminate\\Http\\Request))
#70 F:\\.My Projects\\Databse\\Attendance_Management_System\\vendor\\laravel\\framework\\src\\Illuminate\\Pipeline\\Pipeline.php(167): Illuminate\\Http\\Middleware\\TrustProxies->handle(Object(Illuminate\\Http\\Request), Object(Closure))
#71 F:\\.My Projects\\Databse\\Attendance_Management_System\\vendor\\laravel\\framework\\src\\Illuminate\\Pipeline\\Pipeline.php(103): Illuminate\\Pipeline\\Pipeline->Illuminate\\Pipeline\\{closure}(Object(Illuminate\\Http\\Request))
#72 F:\\.My Projects\\Databse\\Attendance_Management_System\\vendor\\laravel\\framework\\src\\Illuminate\\Foundation\\Http\\Kernel.php(142): Illuminate\\Pipeline\\Pipeline->then(Object(Closure))
#73 F:\\.My Projects\\Databse\\Attendance_Management_System\\vendor\\laravel\\framework\\src\\Illuminate\\Foundation\\Http\\Kernel.php(111): Illuminate\\Foundation\\Http\\Kernel->sendRequestThroughRouter(Object(Illuminate\\Http\\Request))
#74 F:\\.My Projects\\Databse\\Attendance_Management_System\\public\\index.php(54): Illuminate\\Foundation\\Http\\Kernel->handle(Object(Illuminate\\Http\\Request))
#75 F:\\.My Projects\\Databse\\Attendance_Management_System\\server.php(21): require_once('F:\\\\.My Projects...')
#76 {main}
"} 
[2025-05-01 13:17:07] local.ERROR: View [layouts.app] not found. (View: F:\.My Projects\Databse\Attendance_Management_System\resources\views\welcome.blade.php) {"view":{"view":"F:\\.My Projects\\Databse\\Attendance_Management_System\\vendor\\laravel\\framework\\src\\Illuminate\\View\\FileViewFinder.php","data":[]},"userId":1,"exception":"[object] (Facade\\Ignition\\Exceptions\\ViewException(code: 0): View [layouts.app] not found. (View: F:\\.My Projects\\Databse\\Attendance_Management_System\\resources\\views\\welcome.blade.php) at F:\\.My Projects\\Databse\\Attendance_Management_System\\vendor\\laravel\\framework\\src\\Illuminate\\View\\FileViewFinder.php:137)
[stacktrace]
#0 F:\\.My Projects\\Databse\\Attendance_Management_System\\vendor\\laravel\\framework\\src\\Illuminate\\View\\FileViewFinder.php(79): Illuminate\\View\\FileViewFinder->findInPaths('layouts.app', Array)
#1 F:\\.My Projects\\Databse\\Attendance_Management_System\\vendor\\laravel\\framework\\src\\Illuminate\\View\\Factory.php(137): Illuminate\\View\\FileViewFinder->find('layouts.app')
#2 F:\\.My Projects\\Databse\\Attendance_Management_System\\resources\\views/welcome.blade.php(79): Illuminate\\View\\Factory->make('layouts.app', Array)
#3 F:\\.My Projects\\Databse\\Attendance_Management_System\\vendor\\laravel\\framework\\src\\Illuminate\\Filesystem\\Filesystem.php(107): require('F:\\\\.My Projects...')
#4 F:\\.My Projects\\Databse\\Attendance_Management_System\\vendor\\laravel\\framework\\src\\Illuminate\\Filesystem\\Filesystem.php(108): Illuminate\\Filesystem\\Filesystem::Illuminate\\Filesystem\\{closure}()
#5 F:\\.My Projects\\Databse\\Attendance_Management_System\\vendor\\laravel\\framework\\src\\Illuminate\\View\\Engines\\PhpEngine.php(58): Illuminate\\Filesystem\\Filesystem->getRequire('F:\\\\.My Projects...', Array)
#6 F:\\.My Projects\\Databse\\Attendance_Management_System\\vendor\\laravel\\framework\\src\\Illuminate\\View\\Engines\\CompilerEngine.php(61): Illuminate\\View\\Engines\\PhpEngine->evaluatePath('F:\\\\.My Projects...', Array)
#7 F:\\.My Projects\\Databse\\Attendance_Management_System\\vendor\\facade\\ignition\\src\\Views\\Engines\\CompilerEngine.php(37): Illuminate\\View\\Engines\\CompilerEngine->get('F:\\\\.My Projects...', Array)
#8 F:\\.My Projects\\Databse\\Attendance_Management_System\\vendor\\laravel\\framework\\src\\Illuminate\\View\\View.php(139): Facade\\Ignition\\Views\\Engines\\CompilerEngine->get('F:\\\\.My Projects...', Array)
#9 F:\\.My Projects\\Databse\\Attendance_Management_System\\vendor\\laravel\\framework\\src\\Illuminate\\View\\View.php(122): Illuminate\\View\\View->getContents()
#10 F:\\.My Projects\\Databse\\Attendance_Management_System\\vendor\\laravel\\framework\\src\\Illuminate\\View\\View.php(91): Illuminate\\View\\View->renderContents()
#11 F:\\.My Projects\\Databse\\Attendance_Management_System\\vendor\\laravel\\framework\\src\\Illuminate\\Http\\Response.php(69): Illuminate\\View\\View->render()
#12 F:\\.My Projects\\Databse\\Attendance_Management_System\\vendor\\laravel\\framework\\src\\Illuminate\\Http\\Response.php(35): Illuminate\\Http\\Response->setContent(Object(Illuminate\\View\\View))
#13 F:\\.My Projects\\Databse\\Attendance_Management_System\\vendor\\laravel\\framework\\src\\Illuminate\\Routing\\Router.php(820): Illuminate\\Http\\Response->__construct(Object(Illuminate\\View\\View), 200, Array)
#14 F:\\.My Projects\\Databse\\Attendance_Management_System\\vendor\\laravel\\framework\\src\\Illuminate\\Routing\\Router.php(789): Illuminate\\Routing\\Router::toResponse(Object(Illuminate\\Http\\Request), Object(Illuminate\\View\\View))
#15 F:\\.My Projects\\Databse\\Attendance_Management_System\\vendor\\laravel\\framework\\src\\Illuminate\\Routing\\Router.php(720): Illuminate\\Routing\\Router->prepareResponse(Object(Illuminate\\Http\\Request), Object(Illuminate\\View\\View))
#16 F:\\.My Projects\\Databse\\Attendance_Management_System\\vendor\\laravel\\framework\\src\\Illuminate\\Pipeline\\Pipeline.php(128): Illuminate\\Routing\\Router->Illuminate\\Routing\\{closure}(Object(Illuminate\\Http\\Request))
#17 F:\\.My Projects\\Databse\\Attendance_Management_System\\vendor\\laravel\\framework\\src\\Illuminate\\Routing\\Middleware\\SubstituteBindings.php(50): Illuminate\\Pipeline\\Pipeline->Illuminate\\Pipeline\\{closure}(Object(Illuminate\\Http\\Request))
#18 F:\\.My Projects\\Databse\\Attendance_Management_System\\vendor\\laravel\\framework\\src\\Illuminate\\Pipeline\\Pipeline.php(167): Illuminate\\Routing\\Middleware\\SubstituteBindings->handle(Object(Illuminate\\Http\\Request), Object(Closure))
#19 F:\\.My Projects\\Databse\\Attendance_Management_System\\vendor\\laravel\\framework\\src\\Illuminate\\Foundation\\Http\\Middleware\\VerifyCsrfToken.php(78): Illuminate\\Pipeline\\Pipeline->Illuminate\\Pipeline\\{closure}(Object(Illuminate\\Http\\Request))
#20 F:\\.My Projects\\Databse\\Attendance_Management_System\\vendor\\laravel\\framework\\src\\Illuminate\\Pipeline\\Pipeline.php(167): Illuminate\\Foundation\\Http\\Middleware\\VerifyCsrfToken->handle(Object(Illuminate\\Http\\Request), Object(Closure))
#21 F:\\.My Projects\\Databse\\Attendance_Management_System\\vendor\\laravel\\framework\\src\\Illuminate\\View\\Middleware\\ShareErrorsFromSession.php(49): Illuminate\\Pipeline\\Pipeline->Illuminate\\Pipeline\\{closure}(Object(Illuminate\\Http\\Request))
#22 F:\\.My Projects\\Databse\\Attendance_Management_System\\vendor\\laravel\\framework\\src\\Illuminate\\Pipeline\\Pipeline.php(167): Illuminate\\View\\Middleware\\ShareErrorsFromSession->handle(Object(Illuminate\\Http\\Request), Object(Closure))
#23 F:\\.My Projects\\Databse\\Attendance_Management_System\\vendor\\laravel\\framework\\src\\Illuminate\\Session\\Middleware\\StartSession.php(121): Illuminate\\Pipeline\\Pipeline->Illuminate\\Pipeline\\{closure}(Object(Illuminate\\Http\\Request))
#24 F:\\.My Projects\\Databse\\Attendance_Management_System\\vendor\\laravel\\framework\\src\\Illuminate\\Session\\Middleware\\StartSession.php(64): Illuminate\\Session\\Middleware\\StartSession->handleStatefulRequest(Object(Illuminate\\Http\\Request), Object(Illuminate\\Session\\Store), Object(Closure))
#25 F:\\.My Projects\\Databse\\Attendance_Management_System\\vendor\\laravel\\framework\\src\\Illuminate\\Pipeline\\Pipeline.php(167): Illuminate\\Session\\Middleware\\StartSession->handle(Object(Illuminate\\Http\\Request), Object(Closure))
#26 F:\\.My Projects\\Databse\\Attendance_Management_System\\vendor\\laravel\\framework\\src\\Illuminate\\Cookie\\Middleware\\AddQueuedCookiesToResponse.php(37): Illuminate\\Pipeline\\Pipeline->Illuminate\\Pipeline\\{closure}(Object(Illuminate\\Http\\Request))
#27 F:\\.My Projects\\Databse\\Attendance_Management_System\\vendor\\laravel\\framework\\src\\Illuminate\\Pipeline\\Pipeline.php(167): Illuminate\\Cookie\\Middleware\\AddQueuedCookiesToResponse->handle(Object(Illuminate\\Http\\Request), Object(Closure))
#28 F:\\.My Projects\\Databse\\Attendance_Management_System\\vendor\\laravel\\framework\\src\\Illuminate\\Cookie\\Middleware\\EncryptCookies.php(67): Illuminate\\Pipeline\\Pipeline->Illuminate\\Pipeline\\{closure}(Object(Illuminate\\Http\\Request))
#29 F:\\.My Projects\\Databse\\Attendance_Management_System\\vendor\\laravel\\framework\\src\\Illuminate\\Pipeline\\Pipeline.php(167): Illuminate\\Cookie\\Middleware\\EncryptCookies->handle(Object(Illuminate\\Http\\Request), Object(Closure))
#30 F:\\.My Projects\\Databse\\Attendance_Management_System\\vendor\\laravel\\framework\\src\\Illuminate\\Pipeline\\Pipeline.php(103): Illuminate\\Pipeline\\Pipeline->Illuminate\\Pipeline\\{closure}(Object(Illuminate\\Http\\Request))
#31 F:\\.My Projects\\Databse\\Attendance_Management_System\\vendor\\laravel\\framework\\src\\Illuminate\\Routing\\Router.php(719): Illuminate\\Pipeline\\Pipeline->then(Object(Closure))
#32 F:\\.My Projects\\Databse\\Attendance_Management_System\\vendor\\laravel\\framework\\src\\Illuminate\\Routing\\Router.php(698): Illuminate\\Routing\\Router->runRouteWithinStack(Object(Illuminate\\Routing\\Route), Object(Illuminate\\Http\\Request))
#33 F:\\.My Projects\\Databse\\Attendance_Management_System\\vendor\\laravel\\framework\\src\\Illuminate\\Routing\\Router.php(662): Illuminate\\Routing\\Router->runRoute(Object(Illuminate\\Http\\Request), Object(Illuminate\\Routing\\Route))
#34 F:\\.My Projects\\Databse\\Attendance_Management_System\\vendor\\laravel\\framework\\src\\Illuminate\\Routing\\Router.php(651): Illuminate\\Routing\\Router->dispatchToRoute(Object(Illuminate\\Http\\Request))
#35 F:\\.My Projects\\Databse\\Attendance_Management_System\\vendor\\laravel\\framework\\src\\Illuminate\\Foundation\\Http\\Kernel.php(167): Illuminate\\Routing\\Router->dispatch(Object(Illuminate\\Http\\Request))
#36 F:\\.My Projects\\Databse\\Attendance_Management_System\\vendor\\laravel\\framework\\src\\Illuminate\\Pipeline\\Pipeline.php(128): Illuminate\\Foundation\\Http\\Kernel->Illuminate\\Foundation\\Http\\{closure}(Object(Illuminate\\Http\\Request))
#37 F:\\.My Projects\\Databse\\Attendance_Management_System\\vendor\\laravel\\framework\\src\\Illuminate\\Foundation\\Http\\Middleware\\TransformsRequest.php(21): Illuminate\\Pipeline\\Pipeline->Illuminate\\Pipeline\\{closure}(Object(Illuminate\\Http\\Request))
#38 F:\\.My Projects\\Databse\\Attendance_Management_System\\vendor\\laravel\\framework\\src\\Illuminate\\Foundation\\Http\\Middleware\\ConvertEmptyStringsToNull.php(31): Illuminate\\Foundation\\Http\\Middleware\\TransformsRequest->handle(Object(Illuminate\\Http\\Request), Object(Closure))
#39 F:\\.My Projects\\Databse\\Attendance_Management_System\\vendor\\laravel\\framework\\src\\Illuminate\\Pipeline\\Pipeline.php(167): Illuminate\\Foundation\\Http\\Middleware\\ConvertEmptyStringsToNull->handle(Object(Illuminate\\Http\\Request), Object(Closure))
#40 F:\\.My Projects\\Databse\\Attendance_Management_System\\vendor\\laravel\\framework\\src\\Illuminate\\Foundation\\Http\\Middleware\\TransformsRequest.php(21): Illuminate\\Pipeline\\Pipeline->Illuminate\\Pipeline\\{closure}(Object(Illuminate\\Http\\Request))
#41 F:\\.My Projects\\Databse\\Attendance_Management_System\\vendor\\laravel\\framework\\src\\Illuminate\\Foundation\\Http\\Middleware\\TrimStrings.php(40): Illuminate\\Foundation\\Http\\Middleware\\TransformsRequest->handle(Object(Illuminate\\Http\\Request), Object(Closure))
#42 F:\\.My Projects\\Databse\\Attendance_Management_System\\vendor\\laravel\\framework\\src\\Illuminate\\Pipeline\\Pipeline.php(167): Illuminate\\Foundation\\Http\\Middleware\\TrimStrings->handle(Object(Illuminate\\Http\\Request), Object(Closure))
#43 F:\\.My Projects\\Databse\\Attendance_Management_System\\vendor\\laravel\\framework\\src\\Illuminate\\Foundation\\Http\\Middleware\\ValidatePostSize.php(27): Illuminate\\Pipeline\\Pipeline->Illuminate\\Pipeline\\{closure}(Object(Illuminate\\Http\\Request))
#44 F:\\.My Projects\\Databse\\Attendance_Management_System\\vendor\\laravel\\framework\\src\\Illuminate\\Pipeline\\Pipeline.php(167): Illuminate\\Foundation\\Http\\Middleware\\ValidatePostSize->handle(Object(Illuminate\\Http\\Request), Object(Closure))
#45 F:\\.My Projects\\Databse\\Attendance_Management_System\\vendor\\laravel\\framework\\src\\Illuminate\\Foundation\\Http\\Middleware\\PreventRequestsDuringMaintenance.php(86): Illuminate\\Pipeline\\Pipeline->Illuminate\\Pipeline\\{closure}(Object(Illuminate\\Http\\Request))
#46 F:\\.My Projects\\Databse\\Attendance_Management_System\\vendor\\laravel\\framework\\src\\Illuminate\\Pipeline\\Pipeline.php(167): Illuminate\\Foundation\\Http\\Middleware\\PreventRequestsDuringMaintenance->handle(Object(Illuminate\\Http\\Request), Object(Closure))
#47 F:\\.My Projects\\Databse\\Attendance_Management_System\\vendor\\fruitcake\\laravel-cors\\src\\HandleCors.php(38): Illuminate\\Pipeline\\Pipeline->Illuminate\\Pipeline\\{closure}(Object(Illuminate\\Http\\Request))
#48 F:\\.My Projects\\Databse\\Attendance_Management_System\\vendor\\laravel\\framework\\src\\Illuminate\\Pipeline\\Pipeline.php(167): Fruitcake\\Cors\\HandleCors->handle(Object(Illuminate\\Http\\Request), Object(Closure))
#49 F:\\.My Projects\\Databse\\Attendance_Management_System\\vendor\\laravel\\framework\\src\\Illuminate\\Http\\Middleware\\TrustProxies.php(39): Illuminate\\Pipeline\\Pipeline->Illuminate\\Pipeline\\{closure}(Object(Illuminate\\Http\\Request))
#50 F:\\.My Projects\\Databse\\Attendance_Management_System\\vendor\\laravel\\framework\\src\\Illuminate\\Pipeline\\Pipeline.php(167): Illuminate\\Http\\Middleware\\TrustProxies->handle(Object(Illuminate\\Http\\Request), Object(Closure))
#51 F:\\.My Projects\\Databse\\Attendance_Management_System\\vendor\\laravel\\framework\\src\\Illuminate\\Pipeline\\Pipeline.php(103): Illuminate\\Pipeline\\Pipeline->Illuminate\\Pipeline\\{closure}(Object(Illuminate\\Http\\Request))
#52 F:\\.My Projects\\Databse\\Attendance_Management_System\\vendor\\laravel\\framework\\src\\Illuminate\\Foundation\\Http\\Kernel.php(142): Illuminate\\Pipeline\\Pipeline->then(Object(Closure))
#53 F:\\.My Projects\\Databse\\Attendance_Management_System\\vendor\\laravel\\framework\\src\\Illuminate\\Foundation\\Http\\Kernel.php(111): Illuminate\\Foundation\\Http\\Kernel->sendRequestThroughRouter(Object(Illuminate\\Http\\Request))
#54 F:\\.My Projects\\Databse\\Attendance_Management_System\\public\\index.php(54): Illuminate\\Foundation\\Http\\Kernel->handle(Object(Illuminate\\Http\\Request))
#55 F:\\.My Projects\\Databse\\Attendance_Management_System\\server.php(21): require_once('F:\\\\.My Projects...')
#56 {main}

[previous exception] [object] (InvalidArgumentException(code: 0): View [layouts.app] not found. at F:\\.My Projects\\Databse\\Attendance_Management_System\\vendor\\laravel\\framework\\src\\Illuminate\\View\\FileViewFinder.php:137)
[stacktrace]
#0 F:\\.My Projects\\Databse\\Attendance_Management_System\\vendor\\laravel\\framework\\src\\Illuminate\\View\\FileViewFinder.php(79): Illuminate\\View\\FileViewFinder->findInPaths('layouts.app', Array)
#1 F:\\.My Projects\\Databse\\Attendance_Management_System\\vendor\\laravel\\framework\\src\\Illuminate\\View\\Factory.php(137): Illuminate\\View\\FileViewFinder->find('layouts.app')
#2 F:\\.My Projects\\Databse\\Attendance_Management_System\\storage\\framework\\views\\1f5f93e2d57159b8be9e60f946248c836725e606.php(79): Illuminate\\View\\Factory->make('layouts.app', Array)
#3 F:\\.My Projects\\Databse\\Attendance_Management_System\\vendor\\laravel\\framework\\src\\Illuminate\\Filesystem\\Filesystem.php(107): require('F:\\\\.My Projects...')
#4 F:\\.My Projects\\Databse\\Attendance_Management_System\\vendor\\laravel\\framework\\src\\Illuminate\\Filesystem\\Filesystem.php(108): Illuminate\\Filesystem\\Filesystem::Illuminate\\Filesystem\\{closure}()
#5 F:\\.My Projects\\Databse\\Attendance_Management_System\\vendor\\laravel\\framework\\src\\Illuminate\\View\\Engines\\PhpEngine.php(58): Illuminate\\Filesystem\\Filesystem->getRequire('F:\\\\.My Projects...', Array)
#6 F:\\.My Projects\\Databse\\Attendance_Management_System\\vendor\\laravel\\framework\\src\\Illuminate\\View\\Engines\\CompilerEngine.php(61): Illuminate\\View\\Engines\\PhpEngine->evaluatePath('F:\\\\.My Projects...', Array)
#7 F:\\.My Projects\\Databse\\Attendance_Management_System\\vendor\\facade\\ignition\\src\\Views\\Engines\\CompilerEngine.php(37): Illuminate\\View\\Engines\\CompilerEngine->get('F:\\\\.My Projects...', Array)
#8 F:\\.My Projects\\Databse\\Attendance_Management_System\\vendor\\laravel\\framework\\src\\Illuminate\\View\\View.php(139): Facade\\Ignition\\Views\\Engines\\CompilerEngine->get('F:\\\\.My Projects...', Array)
#9 F:\\.My Projects\\Databse\\Attendance_Management_System\\vendor\\laravel\\framework\\src\\Illuminate\\View\\View.php(122): Illuminate\\View\\View->getContents()
#10 F:\\.My Projects\\Databse\\Attendance_Management_System\\vendor\\laravel\\framework\\src\\Illuminate\\View\\View.php(91): Illuminate\\View\\View->renderContents()
#11 F:\\.My Projects\\Databse\\Attendance_Management_System\\vendor\\laravel\\framework\\src\\Illuminate\\Http\\Response.php(69): Illuminate\\View\\View->render()
#12 F:\\.My Projects\\Databse\\Attendance_Management_System\\vendor\\laravel\\framework\\src\\Illuminate\\Http\\Response.php(35): Illuminate\\Http\\Response->setContent(Object(Illuminate\\View\\View))
#13 F:\\.My Projects\\Databse\\Attendance_Management_System\\vendor\\laravel\\framework\\src\\Illuminate\\Routing\\Router.php(820): Illuminate\\Http\\Response->__construct(Object(Illuminate\\View\\View), 200, Array)
#14 F:\\.My Projects\\Databse\\Attendance_Management_System\\vendor\\laravel\\framework\\src\\Illuminate\\Routing\\Router.php(789): Illuminate\\Routing\\Router::toResponse(Object(Illuminate\\Http\\Request), Object(Illuminate\\View\\View))
#15 F:\\.My Projects\\Databse\\Attendance_Management_System\\vendor\\laravel\\framework\\src\\Illuminate\\Routing\\Router.php(720): Illuminate\\Routing\\Router->prepareResponse(Object(Illuminate\\Http\\Request), Object(Illuminate\\View\\View))
#16 F:\\.My Projects\\Databse\\Attendance_Management_System\\vendor\\laravel\\framework\\src\\Illuminate\\Pipeline\\Pipeline.php(128): Illuminate\\Routing\\Router->Illuminate\\Routing\\{closure}(Object(Illuminate\\Http\\Request))
#17 F:\\.My Projects\\Databse\\Attendance_Management_System\\vendor\\laravel\\framework\\src\\Illuminate\\Routing\\Middleware\\SubstituteBindings.php(50): Illuminate\\Pipeline\\Pipeline->Illuminate\\Pipeline\\{closure}(Object(Illuminate\\Http\\Request))
#18 F:\\.My Projects\\Databse\\Attendance_Management_System\\vendor\\laravel\\framework\\src\\Illuminate\\Pipeline\\Pipeline.php(167): Illuminate\\Routing\\Middleware\\SubstituteBindings->handle(Object(Illuminate\\Http\\Request), Object(Closure))
#19 F:\\.My Projects\\Databse\\Attendance_Management_System\\vendor\\laravel\\framework\\src\\Illuminate\\Foundation\\Http\\Middleware\\VerifyCsrfToken.php(78): Illuminate\\Pipeline\\Pipeline->Illuminate\\Pipeline\\{closure}(Object(Illuminate\\Http\\Request))
#20 F:\\.My Projects\\Databse\\Attendance_Management_System\\vendor\\laravel\\framework\\src\\Illuminate\\Pipeline\\Pipeline.php(167): Illuminate\\Foundation\\Http\\Middleware\\VerifyCsrfToken->handle(Object(Illuminate\\Http\\Request), Object(Closure))
#21 F:\\.My Projects\\Databse\\Attendance_Management_System\\vendor\\laravel\\framework\\src\\Illuminate\\View\\Middleware\\ShareErrorsFromSession.php(49): Illuminate\\Pipeline\\Pipeline->Illuminate\\Pipeline\\{closure}(Object(Illuminate\\Http\\Request))
#22 F:\\.My Projects\\Databse\\Attendance_Management_System\\vendor\\laravel\\framework\\src\\Illuminate\\Pipeline\\Pipeline.php(167): Illuminate\\View\\Middleware\\ShareErrorsFromSession->handle(Object(Illuminate\\Http\\Request), Object(Closure))
#23 F:\\.My Projects\\Databse\\Attendance_Management_System\\vendor\\laravel\\framework\\src\\Illuminate\\Session\\Middleware\\StartSession.php(121): Illuminate\\Pipeline\\Pipeline->Illuminate\\Pipeline\\{closure}(Object(Illuminate\\Http\\Request))
#24 F:\\.My Projects\\Databse\\Attendance_Management_System\\vendor\\laravel\\framework\\src\\Illuminate\\Session\\Middleware\\StartSession.php(64): Illuminate\\Session\\Middleware\\StartSession->handleStatefulRequest(Object(Illuminate\\Http\\Request), Object(Illuminate\\Session\\Store), Object(Closure))
#25 F:\\.My Projects\\Databse\\Attendance_Management_System\\vendor\\laravel\\framework\\src\\Illuminate\\Pipeline\\Pipeline.php(167): Illuminate\\Session\\Middleware\\StartSession->handle(Object(Illuminate\\Http\\Request), Object(Closure))
#26 F:\\.My Projects\\Databse\\Attendance_Management_System\\vendor\\laravel\\framework\\src\\Illuminate\\Cookie\\Middleware\\AddQueuedCookiesToResponse.php(37): Illuminate\\Pipeline\\Pipeline->Illuminate\\Pipeline\\{closure}(Object(Illuminate\\Http\\Request))
#27 F:\\.My Projects\\Databse\\Attendance_Management_System\\vendor\\laravel\\framework\\src\\Illuminate\\Pipeline\\Pipeline.php(167): Illuminate\\Cookie\\Middleware\\AddQueuedCookiesToResponse->handle(Object(Illuminate\\Http\\Request), Object(Closure))
#28 F:\\.My Projects\\Databse\\Attendance_Management_System\\vendor\\laravel\\framework\\src\\Illuminate\\Cookie\\Middleware\\EncryptCookies.php(67): Illuminate\\Pipeline\\Pipeline->Illuminate\\Pipeline\\{closure}(Object(Illuminate\\Http\\Request))
#29 F:\\.My Projects\\Databse\\Attendance_Management_System\\vendor\\laravel\\framework\\src\\Illuminate\\Pipeline\\Pipeline.php(167): Illuminate\\Cookie\\Middleware\\EncryptCookies->handle(Object(Illuminate\\Http\\Request), Object(Closure))
#30 F:\\.My Projects\\Databse\\Attendance_Management_System\\vendor\\laravel\\framework\\src\\Illuminate\\Pipeline\\Pipeline.php(103): Illuminate\\Pipeline\\Pipeline->Illuminate\\Pipeline\\{closure}(Object(Illuminate\\Http\\Request))
#31 F:\\.My Projects\\Databse\\Attendance_Management_System\\vendor\\laravel\\framework\\src\\Illuminate\\Routing\\Router.php(719): Illuminate\\Pipeline\\Pipeline->then(Object(Closure))
#32 F:\\.My Projects\\Databse\\Attendance_Management_System\\vendor\\laravel\\framework\\src\\Illuminate\\Routing\\Router.php(698): Illuminate\\Routing\\Router->runRouteWithinStack(Object(Illuminate\\Routing\\Route), Object(Illuminate\\Http\\Request))
#33 F:\\.My Projects\\Databse\\Attendance_Management_System\\vendor\\laravel\\framework\\src\\Illuminate\\Routing\\Router.php(662): Illuminate\\Routing\\Router->runRoute(Object(Illuminate\\Http\\Request), Object(Illuminate\\Routing\\Route))
#34 F:\\.My Projects\\Databse\\Attendance_Management_System\\vendor\\laravel\\framework\\src\\Illuminate\\Routing\\Router.php(651): Illuminate\\Routing\\Router->dispatchToRoute(Object(Illuminate\\Http\\Request))
#35 F:\\.My Projects\\Databse\\Attendance_Management_System\\vendor\\laravel\\framework\\src\\Illuminate\\Foundation\\Http\\Kernel.php(167): Illuminate\\Routing\\Router->dispatch(Object(Illuminate\\Http\\Request))
#36 F:\\.My Projects\\Databse\\Attendance_Management_System\\vendor\\laravel\\framework\\src\\Illuminate\\Pipeline\\Pipeline.php(128): Illuminate\\Foundation\\Http\\Kernel->Illuminate\\Foundation\\Http\\{closure}(Object(Illuminate\\Http\\Request))
#37 F:\\.My Projects\\Databse\\Attendance_Management_System\\vendor\\laravel\\framework\\src\\Illuminate\\Foundation\\Http\\Middleware\\TransformsRequest.php(21): Illuminate\\Pipeline\\Pipeline->Illuminate\\Pipeline\\{closure}(Object(Illuminate\\Http\\Request))
#38 F:\\.My Projects\\Databse\\Attendance_Management_System\\vendor\\laravel\\framework\\src\\Illuminate\\Foundation\\Http\\Middleware\\ConvertEmptyStringsToNull.php(31): Illuminate\\Foundation\\Http\\Middleware\\TransformsRequest->handle(Object(Illuminate\\Http\\Request), Object(Closure))
#39 F:\\.My Projects\\Databse\\Attendance_Management_System\\vendor\\laravel\\framework\\src\\Illuminate\\Pipeline\\Pipeline.php(167): Illuminate\\Foundation\\Http\\Middleware\\ConvertEmptyStringsToNull->handle(Object(Illuminate\\Http\\Request), Object(Closure))
#40 F:\\.My Projects\\Databse\\Attendance_Management_System\\vendor\\laravel\\framework\\src\\Illuminate\\Foundation\\Http\\Middleware\\TransformsRequest.php(21): Illuminate\\Pipeline\\Pipeline->Illuminate\\Pipeline\\{closure}(Object(Illuminate\\Http\\Request))
#41 F:\\.My Projects\\Databse\\Attendance_Management_System\\vendor\\laravel\\framework\\src\\Illuminate\\Foundation\\Http\\Middleware\\TrimStrings.php(40): Illuminate\\Foundation\\Http\\Middleware\\TransformsRequest->handle(Object(Illuminate\\Http\\Request), Object(Closure))
#42 F:\\.My Projects\\Databse\\Attendance_Management_System\\vendor\\laravel\\framework\\src\\Illuminate\\Pipeline\\Pipeline.php(167): Illuminate\\Foundation\\Http\\Middleware\\TrimStrings->handle(Object(Illuminate\\Http\\Request), Object(Closure))
#43 F:\\.My Projects\\Databse\\Attendance_Management_System\\vendor\\laravel\\framework\\src\\Illuminate\\Foundation\\Http\\Middleware\\ValidatePostSize.php(27): Illuminate\\Pipeline\\Pipeline->Illuminate\\Pipeline\\{closure}(Object(Illuminate\\Http\\Request))
#44 F:\\.My Projects\\Databse\\Attendance_Management_System\\vendor\\laravel\\framework\\src\\Illuminate\\Pipeline\\Pipeline.php(167): Illuminate\\Foundation\\Http\\Middleware\\ValidatePostSize->handle(Object(Illuminate\\Http\\Request), Object(Closure))
#45 F:\\.My Projects\\Databse\\Attendance_Management_System\\vendor\\laravel\\framework\\src\\Illuminate\\Foundation\\Http\\Middleware\\PreventRequestsDuringMaintenance.php(86): Illuminate\\Pipeline\\Pipeline->Illuminate\\Pipeline\\{closure}(Object(Illuminate\\Http\\Request))
#46 F:\\.My Projects\\Databse\\Attendance_Management_System\\vendor\\laravel\\framework\\src\\Illuminate\\Pipeline\\Pipeline.php(167): Illuminate\\Foundation\\Http\\Middleware\\PreventRequestsDuringMaintenance->handle(Object(Illuminate\\Http\\Request), Object(Closure))
#47 F:\\.My Projects\\Databse\\Attendance_Management_System\\vendor\\fruitcake\\laravel-cors\\src\\HandleCors.php(38): Illuminate\\Pipeline\\Pipeline->Illuminate\\Pipeline\\{closure}(Object(Illuminate\\Http\\Request))
#48 F:\\.My Projects\\Databse\\Attendance_Management_System\\vendor\\laravel\\framework\\src\\Illuminate\\Pipeline\\Pipeline.php(167): Fruitcake\\Cors\\HandleCors->handle(Object(Illuminate\\Http\\Request), Object(Closure))
#49 F:\\.My Projects\\Databse\\Attendance_Management_System\\vendor\\laravel\\framework\\src\\Illuminate\\Http\\Middleware\\TrustProxies.php(39): Illuminate\\Pipeline\\Pipeline->Illuminate\\Pipeline\\{closure}(Object(Illuminate\\Http\\Request))
#50 F:\\.My Projects\\Databse\\Attendance_Management_System\\vendor\\laravel\\framework\\src\\Illuminate\\Pipeline\\Pipeline.php(167): Illuminate\\Http\\Middleware\\TrustProxies->handle(Object(Illuminate\\Http\\Request), Object(Closure))
#51 F:\\.My Projects\\Databse\\Attendance_Management_System\\vendor\\laravel\\framework\\src\\Illuminate\\Pipeline\\Pipeline.php(103): Illuminate\\Pipeline\\Pipeline->Illuminate\\Pipeline\\{closure}(Object(Illuminate\\Http\\Request))
#52 F:\\.My Projects\\Databse\\Attendance_Management_System\\vendor\\laravel\\framework\\src\\Illuminate\\Foundation\\Http\\Kernel.php(142): Illuminate\\Pipeline\\Pipeline->then(Object(Closure))
#53 F:\\.My Projects\\Databse\\Attendance_Management_System\\vendor\\laravel\\framework\\src\\Illuminate\\Foundation\\Http\\Kernel.php(111): Illuminate\\Foundation\\Http\\Kernel->sendRequestThroughRouter(Object(Illuminate\\Http\\Request))
#54 F:\\.My Projects\\Databse\\Attendance_Management_System\\public\\index.php(54): Illuminate\\Foundation\\Http\\Kernel->handle(Object(Illuminate\\Http\\Request))
#55 F:\\.My Projects\\Databse\\Attendance_Management_System\\server.php(21): require_once('F:\\\\.My Projects...')
#56 {main}
"} 
[2025-05-01 13:17:24] local.ERROR: Cannot end a section without first starting one. (View: F:\.My Projects\Databse\Attendance_Management_System\resources\views\welcome.blade.php) {"view":{"view":"F:\\.My Projects\\Databse\\Attendance_Management_System\\vendor\\laravel\\framework\\src\\Illuminate\\View\\Concerns\\ManagesLayouts.php","data":[]},"userId":1,"exception":"[object] (Facade\\Ignition\\Exceptions\\ViewException(code: 0): Cannot end a section without first starting one. (View: F:\\.My Projects\\Databse\\Attendance_Management_System\\resources\\views\\welcome.blade.php) at F:\\.My Projects\\Databse\\Attendance_Management_System\\vendor\\laravel\\framework\\src\\Illuminate\\View\\Concerns\\ManagesLayouts.php:94)
[stacktrace]
#0 F:\\.My Projects\\Databse\\Attendance_Management_System\\resources\\views/welcome.blade.php(71): Illuminate\\View\\Factory->stopSection()
#1 F:\\.My Projects\\Databse\\Attendance_Management_System\\vendor\\laravel\\framework\\src\\Illuminate\\Filesystem\\Filesystem.php(107): require('F:\\\\.My Projects...')
#2 F:\\.My Projects\\Databse\\Attendance_Management_System\\vendor\\laravel\\framework\\src\\Illuminate\\Filesystem\\Filesystem.php(108): Illuminate\\Filesystem\\Filesystem::Illuminate\\Filesystem\\{closure}()
#3 F:\\.My Projects\\Databse\\Attendance_Management_System\\vendor\\laravel\\framework\\src\\Illuminate\\View\\Engines\\PhpEngine.php(58): Illuminate\\Filesystem\\Filesystem->getRequire('F:\\\\.My Projects...', Array)
#4 F:\\.My Projects\\Databse\\Attendance_Management_System\\vendor\\laravel\\framework\\src\\Illuminate\\View\\Engines\\CompilerEngine.php(61): Illuminate\\View\\Engines\\PhpEngine->evaluatePath('F:\\\\.My Projects...', Array)
#5 F:\\.My Projects\\Databse\\Attendance_Management_System\\vendor\\facade\\ignition\\src\\Views\\Engines\\CompilerEngine.php(37): Illuminate\\View\\Engines\\CompilerEngine->get('F:\\\\.My Projects...', Array)
#6 F:\\.My Projects\\Databse\\Attendance_Management_System\\vendor\\laravel\\framework\\src\\Illuminate\\View\\View.php(139): Facade\\Ignition\\Views\\Engines\\CompilerEngine->get('F:\\\\.My Projects...', Array)
#7 F:\\.My Projects\\Databse\\Attendance_Management_System\\vendor\\laravel\\framework\\src\\Illuminate\\View\\View.php(122): Illuminate\\View\\View->getContents()
#8 F:\\.My Projects\\Databse\\Attendance_Management_System\\vendor\\laravel\\framework\\src\\Illuminate\\View\\View.php(91): Illuminate\\View\\View->renderContents()
#9 F:\\.My Projects\\Databse\\Attendance_Management_System\\vendor\\laravel\\framework\\src\\Illuminate\\Http\\Response.php(69): Illuminate\\View\\View->render()
#10 F:\\.My Projects\\Databse\\Attendance_Management_System\\vendor\\laravel\\framework\\src\\Illuminate\\Http\\Response.php(35): Illuminate\\Http\\Response->setContent(Object(Illuminate\\View\\View))
#11 F:\\.My Projects\\Databse\\Attendance_Management_System\\vendor\\laravel\\framework\\src\\Illuminate\\Routing\\Router.php(820): Illuminate\\Http\\Response->__construct(Object(Illuminate\\View\\View), 200, Array)
#12 F:\\.My Projects\\Databse\\Attendance_Management_System\\vendor\\laravel\\framework\\src\\Illuminate\\Routing\\Router.php(789): Illuminate\\Routing\\Router::toResponse(Object(Illuminate\\Http\\Request), Object(Illuminate\\View\\View))
#13 F:\\.My Projects\\Databse\\Attendance_Management_System\\vendor\\laravel\\framework\\src\\Illuminate\\Routing\\Router.php(720): Illuminate\\Routing\\Router->prepareResponse(Object(Illuminate\\Http\\Request), Object(Illuminate\\View\\View))
#14 F:\\.My Projects\\Databse\\Attendance_Management_System\\vendor\\laravel\\framework\\src\\Illuminate\\Pipeline\\Pipeline.php(128): Illuminate\\Routing\\Router->Illuminate\\Routing\\{closure}(Object(Illuminate\\Http\\Request))
#15 F:\\.My Projects\\Databse\\Attendance_Management_System\\vendor\\laravel\\framework\\src\\Illuminate\\Routing\\Middleware\\SubstituteBindings.php(50): Illuminate\\Pipeline\\Pipeline->Illuminate\\Pipeline\\{closure}(Object(Illuminate\\Http\\Request))
#16 F:\\.My Projects\\Databse\\Attendance_Management_System\\vendor\\laravel\\framework\\src\\Illuminate\\Pipeline\\Pipeline.php(167): Illuminate\\Routing\\Middleware\\SubstituteBindings->handle(Object(Illuminate\\Http\\Request), Object(Closure))
#17 F:\\.My Projects\\Databse\\Attendance_Management_System\\vendor\\laravel\\framework\\src\\Illuminate\\Foundation\\Http\\Middleware\\VerifyCsrfToken.php(78): Illuminate\\Pipeline\\Pipeline->Illuminate\\Pipeline\\{closure}(Object(Illuminate\\Http\\Request))
#18 F:\\.My Projects\\Databse\\Attendance_Management_System\\vendor\\laravel\\framework\\src\\Illuminate\\Pipeline\\Pipeline.php(167): Illuminate\\Foundation\\Http\\Middleware\\VerifyCsrfToken->handle(Object(Illuminate\\Http\\Request), Object(Closure))
#19 F:\\.My Projects\\Databse\\Attendance_Management_System\\vendor\\laravel\\framework\\src\\Illuminate\\View\\Middleware\\ShareErrorsFromSession.php(49): Illuminate\\Pipeline\\Pipeline->Illuminate\\Pipeline\\{closure}(Object(Illuminate\\Http\\Request))
#20 F:\\.My Projects\\Databse\\Attendance_Management_System\\vendor\\laravel\\framework\\src\\Illuminate\\Pipeline\\Pipeline.php(167): Illuminate\\View\\Middleware\\ShareErrorsFromSession->handle(Object(Illuminate\\Http\\Request), Object(Closure))
#21 F:\\.My Projects\\Databse\\Attendance_Management_System\\vendor\\laravel\\framework\\src\\Illuminate\\Session\\Middleware\\StartSession.php(121): Illuminate\\Pipeline\\Pipeline->Illuminate\\Pipeline\\{closure}(Object(Illuminate\\Http\\Request))
#22 F:\\.My Projects\\Databse\\Attendance_Management_System\\vendor\\laravel\\framework\\src\\Illuminate\\Session\\Middleware\\StartSession.php(64): Illuminate\\Session\\Middleware\\StartSession->handleStatefulRequest(Object(Illuminate\\Http\\Request), Object(Illuminate\\Session\\Store), Object(Closure))
#23 F:\\.My Projects\\Databse\\Attendance_Management_System\\vendor\\laravel\\framework\\src\\Illuminate\\Pipeline\\Pipeline.php(167): Illuminate\\Session\\Middleware\\StartSession->handle(Object(Illuminate\\Http\\Request), Object(Closure))
#24 F:\\.My Projects\\Databse\\Attendance_Management_System\\vendor\\laravel\\framework\\src\\Illuminate\\Cookie\\Middleware\\AddQueuedCookiesToResponse.php(37): Illuminate\\Pipeline\\Pipeline->Illuminate\\Pipeline\\{closure}(Object(Illuminate\\Http\\Request))
#25 F:\\.My Projects\\Databse\\Attendance_Management_System\\vendor\\laravel\\framework\\src\\Illuminate\\Pipeline\\Pipeline.php(167): Illuminate\\Cookie\\Middleware\\AddQueuedCookiesToResponse->handle(Object(Illuminate\\Http\\Request), Object(Closure))
#26 F:\\.My Projects\\Databse\\Attendance_Management_System\\vendor\\laravel\\framework\\src\\Illuminate\\Cookie\\Middleware\\EncryptCookies.php(67): Illuminate\\Pipeline\\Pipeline->Illuminate\\Pipeline\\{closure}(Object(Illuminate\\Http\\Request))
#27 F:\\.My Projects\\Databse\\Attendance_Management_System\\vendor\\laravel\\framework\\src\\Illuminate\\Pipeline\\Pipeline.php(167): Illuminate\\Cookie\\Middleware\\EncryptCookies->handle(Object(Illuminate\\Http\\Request), Object(Closure))
#28 F:\\.My Projects\\Databse\\Attendance_Management_System\\vendor\\laravel\\framework\\src\\Illuminate\\Pipeline\\Pipeline.php(103): Illuminate\\Pipeline\\Pipeline->Illuminate\\Pipeline\\{closure}(Object(Illuminate\\Http\\Request))
#29 F:\\.My Projects\\Databse\\Attendance_Management_System\\vendor\\laravel\\framework\\src\\Illuminate\\Routing\\Router.php(719): Illuminate\\Pipeline\\Pipeline->then(Object(Closure))
#30 F:\\.My Projects\\Databse\\Attendance_Management_System\\vendor\\laravel\\framework\\src\\Illuminate\\Routing\\Router.php(698): Illuminate\\Routing\\Router->runRouteWithinStack(Object(Illuminate\\Routing\\Route), Object(Illuminate\\Http\\Request))
#31 F:\\.My Projects\\Databse\\Attendance_Management_System\\vendor\\laravel\\framework\\src\\Illuminate\\Routing\\Router.php(662): Illuminate\\Routing\\Router->runRoute(Object(Illuminate\\Http\\Request), Object(Illuminate\\Routing\\Route))
#32 F:\\.My Projects\\Databse\\Attendance_Management_System\\vendor\\laravel\\framework\\src\\Illuminate\\Routing\\Router.php(651): Illuminate\\Routing\\Router->dispatchToRoute(Object(Illuminate\\Http\\Request))
#33 F:\\.My Projects\\Databse\\Attendance_Management_System\\vendor\\laravel\\framework\\src\\Illuminate\\Foundation\\Http\\Kernel.php(167): Illuminate\\Routing\\Router->dispatch(Object(Illuminate\\Http\\Request))
#34 F:\\.My Projects\\Databse\\Attendance_Management_System\\vendor\\laravel\\framework\\src\\Illuminate\\Pipeline\\Pipeline.php(128): Illuminate\\Foundation\\Http\\Kernel->Illuminate\\Foundation\\Http\\{closure}(Object(Illuminate\\Http\\Request))
#35 F:\\.My Projects\\Databse\\Attendance_Management_System\\vendor\\laravel\\framework\\src\\Illuminate\\Foundation\\Http\\Middleware\\TransformsRequest.php(21): Illuminate\\Pipeline\\Pipeline->Illuminate\\Pipeline\\{closure}(Object(Illuminate\\Http\\Request))
#36 F:\\.My Projects\\Databse\\Attendance_Management_System\\vendor\\laravel\\framework\\src\\Illuminate\\Foundation\\Http\\Middleware\\ConvertEmptyStringsToNull.php(31): Illuminate\\Foundation\\Http\\Middleware\\TransformsRequest->handle(Object(Illuminate\\Http\\Request), Object(Closure))
#37 F:\\.My Projects\\Databse\\Attendance_Management_System\\vendor\\laravel\\framework\\src\\Illuminate\\Pipeline\\Pipeline.php(167): Illuminate\\Foundation\\Http\\Middleware\\ConvertEmptyStringsToNull->handle(Object(Illuminate\\Http\\Request), Object(Closure))
#38 F:\\.My Projects\\Databse\\Attendance_Management_System\\vendor\\laravel\\framework\\src\\Illuminate\\Foundation\\Http\\Middleware\\TransformsRequest.php(21): Illuminate\\Pipeline\\Pipeline->Illuminate\\Pipeline\\{closure}(Object(Illuminate\\Http\\Request))
#39 F:\\.My Projects\\Databse\\Attendance_Management_System\\vendor\\laravel\\framework\\src\\Illuminate\\Foundation\\Http\\Middleware\\TrimStrings.php(40): Illuminate\\Foundation\\Http\\Middleware\\TransformsRequest->handle(Object(Illuminate\\Http\\Request), Object(Closure))
#40 F:\\.My Projects\\Databse\\Attendance_Management_System\\vendor\\laravel\\framework\\src\\Illuminate\\Pipeline\\Pipeline.php(167): Illuminate\\Foundation\\Http\\Middleware\\TrimStrings->handle(Object(Illuminate\\Http\\Request), Object(Closure))
#41 F:\\.My Projects\\Databse\\Attendance_Management_System\\vendor\\laravel\\framework\\src\\Illuminate\\Foundation\\Http\\Middleware\\ValidatePostSize.php(27): Illuminate\\Pipeline\\Pipeline->Illuminate\\Pipeline\\{closure}(Object(Illuminate\\Http\\Request))
#42 F:\\.My Projects\\Databse\\Attendance_Management_System\\vendor\\laravel\\framework\\src\\Illuminate\\Pipeline\\Pipeline.php(167): Illuminate\\Foundation\\Http\\Middleware\\ValidatePostSize->handle(Object(Illuminate\\Http\\Request), Object(Closure))
#43 F:\\.My Projects\\Databse\\Attendance_Management_System\\vendor\\laravel\\framework\\src\\Illuminate\\Foundation\\Http\\Middleware\\PreventRequestsDuringMaintenance.php(86): Illuminate\\Pipeline\\Pipeline->Illuminate\\Pipeline\\{closure}(Object(Illuminate\\Http\\Request))
#44 F:\\.My Projects\\Databse\\Attendance_Management_System\\vendor\\laravel\\framework\\src\\Illuminate\\Pipeline\\Pipeline.php(167): Illuminate\\Foundation\\Http\\Middleware\\PreventRequestsDuringMaintenance->handle(Object(Illuminate\\Http\\Request), Object(Closure))
#45 F:\\.My Projects\\Databse\\Attendance_Management_System\\vendor\\fruitcake\\laravel-cors\\src\\HandleCors.php(38): Illuminate\\Pipeline\\Pipeline->Illuminate\\Pipeline\\{closure}(Object(Illuminate\\Http\\Request))
#46 F:\\.My Projects\\Databse\\Attendance_Management_System\\vendor\\laravel\\framework\\src\\Illuminate\\Pipeline\\Pipeline.php(167): Fruitcake\\Cors\\HandleCors->handle(Object(Illuminate\\Http\\Request), Object(Closure))
#47 F:\\.My Projects\\Databse\\Attendance_Management_System\\vendor\\laravel\\framework\\src\\Illuminate\\Http\\Middleware\\TrustProxies.php(39): Illuminate\\Pipeline\\Pipeline->Illuminate\\Pipeline\\{closure}(Object(Illuminate\\Http\\Request))
#48 F:\\.My Projects\\Databse\\Attendance_Management_System\\vendor\\laravel\\framework\\src\\Illuminate\\Pipeline\\Pipeline.php(167): Illuminate\\Http\\Middleware\\TrustProxies->handle(Object(Illuminate\\Http\\Request), Object(Closure))
#49 F:\\.My Projects\\Databse\\Attendance_Management_System\\vendor\\laravel\\framework\\src\\Illuminate\\Pipeline\\Pipeline.php(103): Illuminate\\Pipeline\\Pipeline->Illuminate\\Pipeline\\{closure}(Object(Illuminate\\Http\\Request))
#50 F:\\.My Projects\\Databse\\Attendance_Management_System\\vendor\\laravel\\framework\\src\\Illuminate\\Foundation\\Http\\Kernel.php(142): Illuminate\\Pipeline\\Pipeline->then(Object(Closure))
#51 F:\\.My Projects\\Databse\\Attendance_Management_System\\vendor\\laravel\\framework\\src\\Illuminate\\Foundation\\Http\\Kernel.php(111): Illuminate\\Foundation\\Http\\Kernel->sendRequestThroughRouter(Object(Illuminate\\Http\\Request))
#52 F:\\.My Projects\\Databse\\Attendance_Management_System\\public\\index.php(54): Illuminate\\Foundation\\Http\\Kernel->handle(Object(Illuminate\\Http\\Request))
#53 F:\\.My Projects\\Databse\\Attendance_Management_System\\server.php(21): require_once('F:\\\\.My Projects...')
#54 {main}

[previous exception] [object] (InvalidArgumentException(code: 0): Cannot end a section without first starting one. at F:\\.My Projects\\Databse\\Attendance_Management_System\\vendor\\laravel\\framework\\src\\Illuminate\\View\\Concerns\\ManagesLayouts.php:94)
[stacktrace]
#0 F:\\.My Projects\\Databse\\Attendance_Management_System\\storage\\framework\\views\\1f5f93e2d57159b8be9e60f946248c836725e606.php(71): Illuminate\\View\\Factory->stopSection()
#1 F:\\.My Projects\\Databse\\Attendance_Management_System\\vendor\\laravel\\framework\\src\\Illuminate\\Filesystem\\Filesystem.php(107): require('F:\\\\.My Projects...')
#2 F:\\.My Projects\\Databse\\Attendance_Management_System\\vendor\\laravel\\framework\\src\\Illuminate\\Filesystem\\Filesystem.php(108): Illuminate\\Filesystem\\Filesystem::Illuminate\\Filesystem\\{closure}()
#3 F:\\.My Projects\\Databse\\Attendance_Management_System\\vendor\\laravel\\framework\\src\\Illuminate\\View\\Engines\\PhpEngine.php(58): Illuminate\\Filesystem\\Filesystem->getRequire('F:\\\\.My Projects...', Array)
#4 F:\\.My Projects\\Databse\\Attendance_Management_System\\vendor\\laravel\\framework\\src\\Illuminate\\View\\Engines\\CompilerEngine.php(61): Illuminate\\View\\Engines\\PhpEngine->evaluatePath('F:\\\\.My Projects...', Array)
#5 F:\\.My Projects\\Databse\\Attendance_Management_System\\vendor\\facade\\ignition\\src\\Views\\Engines\\CompilerEngine.php(37): Illuminate\\View\\Engines\\CompilerEngine->get('F:\\\\.My Projects...', Array)
#6 F:\\.My Projects\\Databse\\Attendance_Management_System\\vendor\\laravel\\framework\\src\\Illuminate\\View\\View.php(139): Facade\\Ignition\\Views\\Engines\\CompilerEngine->get('F:\\\\.My Projects...', Array)
#7 F:\\.My Projects\\Databse\\Attendance_Management_System\\vendor\\laravel\\framework\\src\\Illuminate\\View\\View.php(122): Illuminate\\View\\View->getContents()
#8 F:\\.My Projects\\Databse\\Attendance_Management_System\\vendor\\laravel\\framework\\src\\Illuminate\\View\\View.php(91): Illuminate\\View\\View->renderContents()
#9 F:\\.My Projects\\Databse\\Attendance_Management_System\\vendor\\laravel\\framework\\src\\Illuminate\\Http\\Response.php(69): Illuminate\\View\\View->render()
#10 F:\\.My Projects\\Databse\\Attendance_Management_System\\vendor\\laravel\\framework\\src\\Illuminate\\Http\\Response.php(35): Illuminate\\Http\\Response->setContent(Object(Illuminate\\View\\View))
#11 F:\\.My Projects\\Databse\\Attendance_Management_System\\vendor\\laravel\\framework\\src\\Illuminate\\Routing\\Router.php(820): Illuminate\\Http\\Response->__construct(Object(Illuminate\\View\\View), 200, Array)
#12 F:\\.My Projects\\Databse\\Attendance_Management_System\\vendor\\laravel\\framework\\src\\Illuminate\\Routing\\Router.php(789): Illuminate\\Routing\\Router::toResponse(Object(Illuminate\\Http\\Request), Object(Illuminate\\View\\View))
#13 F:\\.My Projects\\Databse\\Attendance_Management_System\\vendor\\laravel\\framework\\src\\Illuminate\\Routing\\Router.php(720): Illuminate\\Routing\\Router->prepareResponse(Object(Illuminate\\Http\\Request), Object(Illuminate\\View\\View))
#14 F:\\.My Projects\\Databse\\Attendance_Management_System\\vendor\\laravel\\framework\\src\\Illuminate\\Pipeline\\Pipeline.php(128): Illuminate\\Routing\\Router->Illuminate\\Routing\\{closure}(Object(Illuminate\\Http\\Request))
#15 F:\\.My Projects\\Databse\\Attendance_Management_System\\vendor\\laravel\\framework\\src\\Illuminate\\Routing\\Middleware\\SubstituteBindings.php(50): Illuminate\\Pipeline\\Pipeline->Illuminate\\Pipeline\\{closure}(Object(Illuminate\\Http\\Request))
#16 F:\\.My Projects\\Databse\\Attendance_Management_System\\vendor\\laravel\\framework\\src\\Illuminate\\Pipeline\\Pipeline.php(167): Illuminate\\Routing\\Middleware\\SubstituteBindings->handle(Object(Illuminate\\Http\\Request), Object(Closure))
#17 F:\\.My Projects\\Databse\\Attendance_Management_System\\vendor\\laravel\\framework\\src\\Illuminate\\Foundation\\Http\\Middleware\\VerifyCsrfToken.php(78): Illuminate\\Pipeline\\Pipeline->Illuminate\\Pipeline\\{closure}(Object(Illuminate\\Http\\Request))
#18 F:\\.My Projects\\Databse\\Attendance_Management_System\\vendor\\laravel\\framework\\src\\Illuminate\\Pipeline\\Pipeline.php(167): Illuminate\\Foundation\\Http\\Middleware\\VerifyCsrfToken->handle(Object(Illuminate\\Http\\Request), Object(Closure))
#19 F:\\.My Projects\\Databse\\Attendance_Management_System\\vendor\\laravel\\framework\\src\\Illuminate\\View\\Middleware\\ShareErrorsFromSession.php(49): Illuminate\\Pipeline\\Pipeline->Illuminate\\Pipeline\\{closure}(Object(Illuminate\\Http\\Request))
#20 F:\\.My Projects\\Databse\\Attendance_Management_System\\vendor\\laravel\\framework\\src\\Illuminate\\Pipeline\\Pipeline.php(167): Illuminate\\View\\Middleware\\ShareErrorsFromSession->handle(Object(Illuminate\\Http\\Request), Object(Closure))
#21 F:\\.My Projects\\Databse\\Attendance_Management_System\\vendor\\laravel\\framework\\src\\Illuminate\\Session\\Middleware\\StartSession.php(121): Illuminate\\Pipeline\\Pipeline->Illuminate\\Pipeline\\{closure}(Object(Illuminate\\Http\\Request))
#22 F:\\.My Projects\\Databse\\Attendance_Management_System\\vendor\\laravel\\framework\\src\\Illuminate\\Session\\Middleware\\StartSession.php(64): Illuminate\\Session\\Middleware\\StartSession->handleStatefulRequest(Object(Illuminate\\Http\\Request), Object(Illuminate\\Session\\Store), Object(Closure))
#23 F:\\.My Projects\\Databse\\Attendance_Management_System\\vendor\\laravel\\framework\\src\\Illuminate\\Pipeline\\Pipeline.php(167): Illuminate\\Session\\Middleware\\StartSession->handle(Object(Illuminate\\Http\\Request), Object(Closure))
#24 F:\\.My Projects\\Databse\\Attendance_Management_System\\vendor\\laravel\\framework\\src\\Illuminate\\Cookie\\Middleware\\AddQueuedCookiesToResponse.php(37): Illuminate\\Pipeline\\Pipeline->Illuminate\\Pipeline\\{closure}(Object(Illuminate\\Http\\Request))
#25 F:\\.My Projects\\Databse\\Attendance_Management_System\\vendor\\laravel\\framework\\src\\Illuminate\\Pipeline\\Pipeline.php(167): Illuminate\\Cookie\\Middleware\\AddQueuedCookiesToResponse->handle(Object(Illuminate\\Http\\Request), Object(Closure))
#26 F:\\.My Projects\\Databse\\Attendance_Management_System\\vendor\\laravel\\framework\\src\\Illuminate\\Cookie\\Middleware\\EncryptCookies.php(67): Illuminate\\Pipeline\\Pipeline->Illuminate\\Pipeline\\{closure}(Object(Illuminate\\Http\\Request))
#27 F:\\.My Projects\\Databse\\Attendance_Management_System\\vendor\\laravel\\framework\\src\\Illuminate\\Pipeline\\Pipeline.php(167): Illuminate\\Cookie\\Middleware\\EncryptCookies->handle(Object(Illuminate\\Http\\Request), Object(Closure))
#28 F:\\.My Projects\\Databse\\Attendance_Management_System\\vendor\\laravel\\framework\\src\\Illuminate\\Pipeline\\Pipeline.php(103): Illuminate\\Pipeline\\Pipeline->Illuminate\\Pipeline\\{closure}(Object(Illuminate\\Http\\Request))
#29 F:\\.My Projects\\Databse\\Attendance_Management_System\\vendor\\laravel\\framework\\src\\Illuminate\\Routing\\Router.php(719): Illuminate\\Pipeline\\Pipeline->then(Object(Closure))
#30 F:\\.My Projects\\Databse\\Attendance_Management_System\\vendor\\laravel\\framework\\src\\Illuminate\\Routing\\Router.php(698): Illuminate\\Routing\\Router->runRouteWithinStack(Object(Illuminate\\Routing\\Route), Object(Illuminate\\Http\\Request))
#31 F:\\.My Projects\\Databse\\Attendance_Management_System\\vendor\\laravel\\framework\\src\\Illuminate\\Routing\\Router.php(662): Illuminate\\Routing\\Router->runRoute(Object(Illuminate\\Http\\Request), Object(Illuminate\\Routing\\Route))
#32 F:\\.My Projects\\Databse\\Attendance_Management_System\\vendor\\laravel\\framework\\src\\Illuminate\\Routing\\Router.php(651): Illuminate\\Routing\\Router->dispatchToRoute(Object(Illuminate\\Http\\Request))
#33 F:\\.My Projects\\Databse\\Attendance_Management_System\\vendor\\laravel\\framework\\src\\Illuminate\\Foundation\\Http\\Kernel.php(167): Illuminate\\Routing\\Router->dispatch(Object(Illuminate\\Http\\Request))
#34 F:\\.My Projects\\Databse\\Attendance_Management_System\\vendor\\laravel\\framework\\src\\Illuminate\\Pipeline\\Pipeline.php(128): Illuminate\\Foundation\\Http\\Kernel->Illuminate\\Foundation\\Http\\{closure}(Object(Illuminate\\Http\\Request))
#35 F:\\.My Projects\\Databse\\Attendance_Management_System\\vendor\\laravel\\framework\\src\\Illuminate\\Foundation\\Http\\Middleware\\TransformsRequest.php(21): Illuminate\\Pipeline\\Pipeline->Illuminate\\Pipeline\\{closure}(Object(Illuminate\\Http\\Request))
#36 F:\\.My Projects\\Databse\\Attendance_Management_System\\vendor\\laravel\\framework\\src\\Illuminate\\Foundation\\Http\\Middleware\\ConvertEmptyStringsToNull.php(31): Illuminate\\Foundation\\Http\\Middleware\\TransformsRequest->handle(Object(Illuminate\\Http\\Request), Object(Closure))
#37 F:\\.My Projects\\Databse\\Attendance_Management_System\\vendor\\laravel\\framework\\src\\Illuminate\\Pipeline\\Pipeline.php(167): Illuminate\\Foundation\\Http\\Middleware\\ConvertEmptyStringsToNull->handle(Object(Illuminate\\Http\\Request), Object(Closure))
#38 F:\\.My Projects\\Databse\\Attendance_Management_System\\vendor\\laravel\\framework\\src\\Illuminate\\Foundation\\Http\\Middleware\\TransformsRequest.php(21): Illuminate\\Pipeline\\Pipeline->Illuminate\\Pipeline\\{closure}(Object(Illuminate\\Http\\Request))
#39 F:\\.My Projects\\Databse\\Attendance_Management_System\\vendor\\laravel\\framework\\src\\Illuminate\\Foundation\\Http\\Middleware\\TrimStrings.php(40): Illuminate\\Foundation\\Http\\Middleware\\TransformsRequest->handle(Object(Illuminate\\Http\\Request), Object(Closure))
#40 F:\\.My Projects\\Databse\\Attendance_Management_System\\vendor\\laravel\\framework\\src\\Illuminate\\Pipeline\\Pipeline.php(167): Illuminate\\Foundation\\Http\\Middleware\\TrimStrings->handle(Object(Illuminate\\Http\\Request), Object(Closure))
#41 F:\\.My Projects\\Databse\\Attendance_Management_System\\vendor\\laravel\\framework\\src\\Illuminate\\Foundation\\Http\\Middleware\\ValidatePostSize.php(27): Illuminate\\Pipeline\\Pipeline->Illuminate\\Pipeline\\{closure}(Object(Illuminate\\Http\\Request))
#42 F:\\.My Projects\\Databse\\Attendance_Management_System\\vendor\\laravel\\framework\\src\\Illuminate\\Pipeline\\Pipeline.php(167): Illuminate\\Foundation\\Http\\Middleware\\ValidatePostSize->handle(Object(Illuminate\\Http\\Request), Object(Closure))
#43 F:\\.My Projects\\Databse\\Attendance_Management_System\\vendor\\laravel\\framework\\src\\Illuminate\\Foundation\\Http\\Middleware\\PreventRequestsDuringMaintenance.php(86): Illuminate\\Pipeline\\Pipeline->Illuminate\\Pipeline\\{closure}(Object(Illuminate\\Http\\Request))
#44 F:\\.My Projects\\Databse\\Attendance_Management_System\\vendor\\laravel\\framework\\src\\Illuminate\\Pipeline\\Pipeline.php(167): Illuminate\\Foundation\\Http\\Middleware\\PreventRequestsDuringMaintenance->handle(Object(Illuminate\\Http\\Request), Object(Closure))
#45 F:\\.My Projects\\Databse\\Attendance_Management_System\\vendor\\fruitcake\\laravel-cors\\src\\HandleCors.php(38): Illuminate\\Pipeline\\Pipeline->Illuminate\\Pipeline\\{closure}(Object(Illuminate\\Http\\Request))
#46 F:\\.My Projects\\Databse\\Attendance_Management_System\\vendor\\laravel\\framework\\src\\Illuminate\\Pipeline\\Pipeline.php(167): Fruitcake\\Cors\\HandleCors->handle(Object(Illuminate\\Http\\Request), Object(Closure))
#47 F:\\.My Projects\\Databse\\Attendance_Management_System\\vendor\\laravel\\framework\\src\\Illuminate\\Http\\Middleware\\TrustProxies.php(39): Illuminate\\Pipeline\\Pipeline->Illuminate\\Pipeline\\{closure}(Object(Illuminate\\Http\\Request))
#48 F:\\.My Projects\\Databse\\Attendance_Management_System\\vendor\\laravel\\framework\\src\\Illuminate\\Pipeline\\Pipeline.php(167): Illuminate\\Http\\Middleware\\TrustProxies->handle(Object(Illuminate\\Http\\Request), Object(Closure))
#49 F:\\.My Projects\\Databse\\Attendance_Management_System\\vendor\\laravel\\framework\\src\\Illuminate\\Pipeline\\Pipeline.php(103): Illuminate\\Pipeline\\Pipeline->Illuminate\\Pipeline\\{closure}(Object(Illuminate\\Http\\Request))
#50 F:\\.My Projects\\Databse\\Attendance_Management_System\\vendor\\laravel\\framework\\src\\Illuminate\\Foundation\\Http\\Kernel.php(142): Illuminate\\Pipeline\\Pipeline->then(Object(Closure))
#51 F:\\.My Projects\\Databse\\Attendance_Management_System\\vendor\\laravel\\framework\\src\\Illuminate\\Foundation\\Http\\Kernel.php(111): Illuminate\\Foundation\\Http\\Kernel->sendRequestThroughRouter(Object(Illuminate\\Http\\Request))
#52 F:\\.My Projects\\Databse\\Attendance_Management_System\\public\\index.php(54): Illuminate\\Foundation\\Http\\Kernel->handle(Object(Illuminate\\Http\\Request))
#53 F:\\.My Projects\\Databse\\Attendance_Management_System\\server.php(21): require_once('F:\\\\.My Projects...')
#54 {main}
"} 
[2025-05-01 13:20:01] local.ERROR: Cannot end a section without first starting one. (View: F:\.My Projects\Databse\Attendance_Management_System\resources\views\welcome.blade.php) {"view":{"view":"F:\\.My Projects\\Databse\\Attendance_Management_System\\vendor\\laravel\\framework\\src\\Illuminate\\View\\Concerns\\ManagesLayouts.php","data":[]},"userId":1,"exception":"[object] (Facade\\Ignition\\Exceptions\\ViewException(code: 0): Cannot end a section without first starting one. (View: F:\\.My Projects\\Databse\\Attendance_Management_System\\resources\\views\\welcome.blade.php) at F:\\.My Projects\\Databse\\Attendance_Management_System\\vendor\\laravel\\framework\\src\\Illuminate\\View\\Concerns\\ManagesLayouts.php:94)
[stacktrace]
#0 F:\\.My Projects\\Databse\\Attendance_Management_System\\resources\\views/welcome.blade.php(71): Illuminate\\View\\Factory->stopSection()
#1 F:\\.My Projects\\Databse\\Attendance_Management_System\\vendor\\laravel\\framework\\src\\Illuminate\\Filesystem\\Filesystem.php(107): require('F:\\\\.My Projects...')
#2 F:\\.My Projects\\Databse\\Attendance_Management_System\\vendor\\laravel\\framework\\src\\Illuminate\\Filesystem\\Filesystem.php(108): Illuminate\\Filesystem\\Filesystem::Illuminate\\Filesystem\\{closure}()
#3 F:\\.My Projects\\Databse\\Attendance_Management_System\\vendor\\laravel\\framework\\src\\Illuminate\\View\\Engines\\PhpEngine.php(58): Illuminate\\Filesystem\\Filesystem->getRequire('F:\\\\.My Projects...', Array)
#4 F:\\.My Projects\\Databse\\Attendance_Management_System\\vendor\\laravel\\framework\\src\\Illuminate\\View\\Engines\\CompilerEngine.php(61): Illuminate\\View\\Engines\\PhpEngine->evaluatePath('F:\\\\.My Projects...', Array)
#5 F:\\.My Projects\\Databse\\Attendance_Management_System\\vendor\\facade\\ignition\\src\\Views\\Engines\\CompilerEngine.php(37): Illuminate\\View\\Engines\\CompilerEngine->get('F:\\\\.My Projects...', Array)
#6 F:\\.My Projects\\Databse\\Attendance_Management_System\\vendor\\laravel\\framework\\src\\Illuminate\\View\\View.php(139): Facade\\Ignition\\Views\\Engines\\CompilerEngine->get('F:\\\\.My Projects...', Array)
#7 F:\\.My Projects\\Databse\\Attendance_Management_System\\vendor\\laravel\\framework\\src\\Illuminate\\View\\View.php(122): Illuminate\\View\\View->getContents()
#8 F:\\.My Projects\\Databse\\Attendance_Management_System\\vendor\\laravel\\framework\\src\\Illuminate\\View\\View.php(91): Illuminate\\View\\View->renderContents()
#9 F:\\.My Projects\\Databse\\Attendance_Management_System\\vendor\\laravel\\framework\\src\\Illuminate\\Http\\Response.php(69): Illuminate\\View\\View->render()
#10 F:\\.My Projects\\Databse\\Attendance_Management_System\\vendor\\laravel\\framework\\src\\Illuminate\\Http\\Response.php(35): Illuminate\\Http\\Response->setContent(Object(Illuminate\\View\\View))
#11 F:\\.My Projects\\Databse\\Attendance_Management_System\\vendor\\laravel\\framework\\src\\Illuminate\\Routing\\Router.php(820): Illuminate\\Http\\Response->__construct(Object(Illuminate\\View\\View), 200, Array)
#12 F:\\.My Projects\\Databse\\Attendance_Management_System\\vendor\\laravel\\framework\\src\\Illuminate\\Routing\\Router.php(789): Illuminate\\Routing\\Router::toResponse(Object(Illuminate\\Http\\Request), Object(Illuminate\\View\\View))
#13 F:\\.My Projects\\Databse\\Attendance_Management_System\\vendor\\laravel\\framework\\src\\Illuminate\\Routing\\Router.php(720): Illuminate\\Routing\\Router->prepareResponse(Object(Illuminate\\Http\\Request), Object(Illuminate\\View\\View))
#14 F:\\.My Projects\\Databse\\Attendance_Management_System\\vendor\\laravel\\framework\\src\\Illuminate\\Pipeline\\Pipeline.php(128): Illuminate\\Routing\\Router->Illuminate\\Routing\\{closure}(Object(Illuminate\\Http\\Request))
#15 F:\\.My Projects\\Databse\\Attendance_Management_System\\vendor\\laravel\\framework\\src\\Illuminate\\Routing\\Middleware\\SubstituteBindings.php(50): Illuminate\\Pipeline\\Pipeline->Illuminate\\Pipeline\\{closure}(Object(Illuminate\\Http\\Request))
#16 F:\\.My Projects\\Databse\\Attendance_Management_System\\vendor\\laravel\\framework\\src\\Illuminate\\Pipeline\\Pipeline.php(167): Illuminate\\Routing\\Middleware\\SubstituteBindings->handle(Object(Illuminate\\Http\\Request), Object(Closure))
#17 F:\\.My Projects\\Databse\\Attendance_Management_System\\vendor\\laravel\\framework\\src\\Illuminate\\Foundation\\Http\\Middleware\\VerifyCsrfToken.php(78): Illuminate\\Pipeline\\Pipeline->Illuminate\\Pipeline\\{closure}(Object(Illuminate\\Http\\Request))
#18 F:\\.My Projects\\Databse\\Attendance_Management_System\\vendor\\laravel\\framework\\src\\Illuminate\\Pipeline\\Pipeline.php(167): Illuminate\\Foundation\\Http\\Middleware\\VerifyCsrfToken->handle(Object(Illuminate\\Http\\Request), Object(Closure))
#19 F:\\.My Projects\\Databse\\Attendance_Management_System\\vendor\\laravel\\framework\\src\\Illuminate\\View\\Middleware\\ShareErrorsFromSession.php(49): Illuminate\\Pipeline\\Pipeline->Illuminate\\Pipeline\\{closure}(Object(Illuminate\\Http\\Request))
#20 F:\\.My Projects\\Databse\\Attendance_Management_System\\vendor\\laravel\\framework\\src\\Illuminate\\Pipeline\\Pipeline.php(167): Illuminate\\View\\Middleware\\ShareErrorsFromSession->handle(Object(Illuminate\\Http\\Request), Object(Closure))
#21 F:\\.My Projects\\Databse\\Attendance_Management_System\\vendor\\laravel\\framework\\src\\Illuminate\\Session\\Middleware\\StartSession.php(121): Illuminate\\Pipeline\\Pipeline->Illuminate\\Pipeline\\{closure}(Object(Illuminate\\Http\\Request))
#22 F:\\.My Projects\\Databse\\Attendance_Management_System\\vendor\\laravel\\framework\\src\\Illuminate\\Session\\Middleware\\StartSession.php(64): Illuminate\\Session\\Middleware\\StartSession->handleStatefulRequest(Object(Illuminate\\Http\\Request), Object(Illuminate\\Session\\Store), Object(Closure))
#23 F:\\.My Projects\\Databse\\Attendance_Management_System\\vendor\\laravel\\framework\\src\\Illuminate\\Pipeline\\Pipeline.php(167): Illuminate\\Session\\Middleware\\StartSession->handle(Object(Illuminate\\Http\\Request), Object(Closure))
#24 F:\\.My Projects\\Databse\\Attendance_Management_System\\vendor\\laravel\\framework\\src\\Illuminate\\Cookie\\Middleware\\AddQueuedCookiesToResponse.php(37): Illuminate\\Pipeline\\Pipeline->Illuminate\\Pipeline\\{closure}(Object(Illuminate\\Http\\Request))
#25 F:\\.My Projects\\Databse\\Attendance_Management_System\\vendor\\laravel\\framework\\src\\Illuminate\\Pipeline\\Pipeline.php(167): Illuminate\\Cookie\\Middleware\\AddQueuedCookiesToResponse->handle(Object(Illuminate\\Http\\Request), Object(Closure))
#26 F:\\.My Projects\\Databse\\Attendance_Management_System\\vendor\\laravel\\framework\\src\\Illuminate\\Cookie\\Middleware\\EncryptCookies.php(67): Illuminate\\Pipeline\\Pipeline->Illuminate\\Pipeline\\{closure}(Object(Illuminate\\Http\\Request))
#27 F:\\.My Projects\\Databse\\Attendance_Management_System\\vendor\\laravel\\framework\\src\\Illuminate\\Pipeline\\Pipeline.php(167): Illuminate\\Cookie\\Middleware\\EncryptCookies->handle(Object(Illuminate\\Http\\Request), Object(Closure))
#28 F:\\.My Projects\\Databse\\Attendance_Management_System\\vendor\\laravel\\framework\\src\\Illuminate\\Pipeline\\Pipeline.php(103): Illuminate\\Pipeline\\Pipeline->Illuminate\\Pipeline\\{closure}(Object(Illuminate\\Http\\Request))
#29 F:\\.My Projects\\Databse\\Attendance_Management_System\\vendor\\laravel\\framework\\src\\Illuminate\\Routing\\Router.php(719): Illuminate\\Pipeline\\Pipeline->then(Object(Closure))
#30 F:\\.My Projects\\Databse\\Attendance_Management_System\\vendor\\laravel\\framework\\src\\Illuminate\\Routing\\Router.php(698): Illuminate\\Routing\\Router->runRouteWithinStack(Object(Illuminate\\Routing\\Route), Object(Illuminate\\Http\\Request))
#31 F:\\.My Projects\\Databse\\Attendance_Management_System\\vendor\\laravel\\framework\\src\\Illuminate\\Routing\\Router.php(662): Illuminate\\Routing\\Router->runRoute(Object(Illuminate\\Http\\Request), Object(Illuminate\\Routing\\Route))
#32 F:\\.My Projects\\Databse\\Attendance_Management_System\\vendor\\laravel\\framework\\src\\Illuminate\\Routing\\Router.php(651): Illuminate\\Routing\\Router->dispatchToRoute(Object(Illuminate\\Http\\Request))
#33 F:\\.My Projects\\Databse\\Attendance_Management_System\\vendor\\laravel\\framework\\src\\Illuminate\\Foundation\\Http\\Kernel.php(167): Illuminate\\Routing\\Router->dispatch(Object(Illuminate\\Http\\Request))
#34 F:\\.My Projects\\Databse\\Attendance_Management_System\\vendor\\laravel\\framework\\src\\Illuminate\\Pipeline\\Pipeline.php(128): Illuminate\\Foundation\\Http\\Kernel->Illuminate\\Foundation\\Http\\{closure}(Object(Illuminate\\Http\\Request))
#35 F:\\.My Projects\\Databse\\Attendance_Management_System\\vendor\\laravel\\framework\\src\\Illuminate\\Foundation\\Http\\Middleware\\TransformsRequest.php(21): Illuminate\\Pipeline\\Pipeline->Illuminate\\Pipeline\\{closure}(Object(Illuminate\\Http\\Request))
#36 F:\\.My Projects\\Databse\\Attendance_Management_System\\vendor\\laravel\\framework\\src\\Illuminate\\Foundation\\Http\\Middleware\\ConvertEmptyStringsToNull.php(31): Illuminate\\Foundation\\Http\\Middleware\\TransformsRequest->handle(Object(Illuminate\\Http\\Request), Object(Closure))
#37 F:\\.My Projects\\Databse\\Attendance_Management_System\\vendor\\laravel\\framework\\src\\Illuminate\\Pipeline\\Pipeline.php(167): Illuminate\\Foundation\\Http\\Middleware\\ConvertEmptyStringsToNull->handle(Object(Illuminate\\Http\\Request), Object(Closure))
#38 F:\\.My Projects\\Databse\\Attendance_Management_System\\vendor\\laravel\\framework\\src\\Illuminate\\Foundation\\Http\\Middleware\\TransformsRequest.php(21): Illuminate\\Pipeline\\Pipeline->Illuminate\\Pipeline\\{closure}(Object(Illuminate\\Http\\Request))
#39 F:\\.My Projects\\Databse\\Attendance_Management_System\\vendor\\laravel\\framework\\src\\Illuminate\\Foundation\\Http\\Middleware\\TrimStrings.php(40): Illuminate\\Foundation\\Http\\Middleware\\TransformsRequest->handle(Object(Illuminate\\Http\\Request), Object(Closure))
#40 F:\\.My Projects\\Databse\\Attendance_Management_System\\vendor\\laravel\\framework\\src\\Illuminate\\Pipeline\\Pipeline.php(167): Illuminate\\Foundation\\Http\\Middleware\\TrimStrings->handle(Object(Illuminate\\Http\\Request), Object(Closure))
#41 F:\\.My Projects\\Databse\\Attendance_Management_System\\vendor\\laravel\\framework\\src\\Illuminate\\Foundation\\Http\\Middleware\\ValidatePostSize.php(27): Illuminate\\Pipeline\\Pipeline->Illuminate\\Pipeline\\{closure}(Object(Illuminate\\Http\\Request))
#42 F:\\.My Projects\\Databse\\Attendance_Management_System\\vendor\\laravel\\framework\\src\\Illuminate\\Pipeline\\Pipeline.php(167): Illuminate\\Foundation\\Http\\Middleware\\ValidatePostSize->handle(Object(Illuminate\\Http\\Request), Object(Closure))
#43 F:\\.My Projects\\Databse\\Attendance_Management_System\\vendor\\laravel\\framework\\src\\Illuminate\\Foundation\\Http\\Middleware\\PreventRequestsDuringMaintenance.php(86): Illuminate\\Pipeline\\Pipeline->Illuminate\\Pipeline\\{closure}(Object(Illuminate\\Http\\Request))
#44 F:\\.My Projects\\Databse\\Attendance_Management_System\\vendor\\laravel\\framework\\src\\Illuminate\\Pipeline\\Pipeline.php(167): Illuminate\\Foundation\\Http\\Middleware\\PreventRequestsDuringMaintenance->handle(Object(Illuminate\\Http\\Request), Object(Closure))
#45 F:\\.My Projects\\Databse\\Attendance_Management_System\\vendor\\fruitcake\\laravel-cors\\src\\HandleCors.php(38): Illuminate\\Pipeline\\Pipeline->Illuminate\\Pipeline\\{closure}(Object(Illuminate\\Http\\Request))
#46 F:\\.My Projects\\Databse\\Attendance_Management_System\\vendor\\laravel\\framework\\src\\Illuminate\\Pipeline\\Pipeline.php(167): Fruitcake\\Cors\\HandleCors->handle(Object(Illuminate\\Http\\Request), Object(Closure))
#47 F:\\.My Projects\\Databse\\Attendance_Management_System\\vendor\\laravel\\framework\\src\\Illuminate\\Http\\Middleware\\TrustProxies.php(39): Illuminate\\Pipeline\\Pipeline->Illuminate\\Pipeline\\{closure}(Object(Illuminate\\Http\\Request))
#48 F:\\.My Projects\\Databse\\Attendance_Management_System\\vendor\\laravel\\framework\\src\\Illuminate\\Pipeline\\Pipeline.php(167): Illuminate\\Http\\Middleware\\TrustProxies->handle(Object(Illuminate\\Http\\Request), Object(Closure))
#49 F:\\.My Projects\\Databse\\Attendance_Management_System\\vendor\\laravel\\framework\\src\\Illuminate\\Pipeline\\Pipeline.php(103): Illuminate\\Pipeline\\Pipeline->Illuminate\\Pipeline\\{closure}(Object(Illuminate\\Http\\Request))
#50 F:\\.My Projects\\Databse\\Attendance_Management_System\\vendor\\laravel\\framework\\src\\Illuminate\\Foundation\\Http\\Kernel.php(142): Illuminate\\Pipeline\\Pipeline->then(Object(Closure))
#51 F:\\.My Projects\\Databse\\Attendance_Management_System\\vendor\\laravel\\framework\\src\\Illuminate\\Foundation\\Http\\Kernel.php(111): Illuminate\\Foundation\\Http\\Kernel->sendRequestThroughRouter(Object(Illuminate\\Http\\Request))
#52 F:\\.My Projects\\Databse\\Attendance_Management_System\\public\\index.php(54): Illuminate\\Foundation\\Http\\Kernel->handle(Object(Illuminate\\Http\\Request))
#53 F:\\.My Projects\\Databse\\Attendance_Management_System\\server.php(21): require_once('F:\\\\.My Projects...')
#54 {main}

[previous exception] [object] (InvalidArgumentException(code: 0): Cannot end a section without first starting one. at F:\\.My Projects\\Databse\\Attendance_Management_System\\vendor\\laravel\\framework\\src\\Illuminate\\View\\Concerns\\ManagesLayouts.php:94)
[stacktrace]
#0 F:\\.My Projects\\Databse\\Attendance_Management_System\\storage\\framework\\views\\1f5f93e2d57159b8be9e60f946248c836725e606.php(71): Illuminate\\View\\Factory->stopSection()
#1 F:\\.My Projects\\Databse\\Attendance_Management_System\\vendor\\laravel\\framework\\src\\Illuminate\\Filesystem\\Filesystem.php(107): require('F:\\\\.My Projects...')
#2 F:\\.My Projects\\Databse\\Attendance_Management_System\\vendor\\laravel\\framework\\src\\Illuminate\\Filesystem\\Filesystem.php(108): Illuminate\\Filesystem\\Filesystem::Illuminate\\Filesystem\\{closure}()
#3 F:\\.My Projects\\Databse\\Attendance_Management_System\\vendor\\laravel\\framework\\src\\Illuminate\\View\\Engines\\PhpEngine.php(58): Illuminate\\Filesystem\\Filesystem->getRequire('F:\\\\.My Projects...', Array)
#4 F:\\.My Projects\\Databse\\Attendance_Management_System\\vendor\\laravel\\framework\\src\\Illuminate\\View\\Engines\\CompilerEngine.php(61): Illuminate\\View\\Engines\\PhpEngine->evaluatePath('F:\\\\.My Projects...', Array)
#5 F:\\.My Projects\\Databse\\Attendance_Management_System\\vendor\\facade\\ignition\\src\\Views\\Engines\\CompilerEngine.php(37): Illuminate\\View\\Engines\\CompilerEngine->get('F:\\\\.My Projects...', Array)
#6 F:\\.My Projects\\Databse\\Attendance_Management_System\\vendor\\laravel\\framework\\src\\Illuminate\\View\\View.php(139): Facade\\Ignition\\Views\\Engines\\CompilerEngine->get('F:\\\\.My Projects...', Array)
#7 F:\\.My Projects\\Databse\\Attendance_Management_System\\vendor\\laravel\\framework\\src\\Illuminate\\View\\View.php(122): Illuminate\\View\\View->getContents()
#8 F:\\.My Projects\\Databse\\Attendance_Management_System\\vendor\\laravel\\framework\\src\\Illuminate\\View\\View.php(91): Illuminate\\View\\View->renderContents()
#9 F:\\.My Projects\\Databse\\Attendance_Management_System\\vendor\\laravel\\framework\\src\\Illuminate\\Http\\Response.php(69): Illuminate\\View\\View->render()
#10 F:\\.My Projects\\Databse\\Attendance_Management_System\\vendor\\laravel\\framework\\src\\Illuminate\\Http\\Response.php(35): Illuminate\\Http\\Response->setContent(Object(Illuminate\\View\\View))
#11 F:\\.My Projects\\Databse\\Attendance_Management_System\\vendor\\laravel\\framework\\src\\Illuminate\\Routing\\Router.php(820): Illuminate\\Http\\Response->__construct(Object(Illuminate\\View\\View), 200, Array)
#12 F:\\.My Projects\\Databse\\Attendance_Management_System\\vendor\\laravel\\framework\\src\\Illuminate\\Routing\\Router.php(789): Illuminate\\Routing\\Router::toResponse(Object(Illuminate\\Http\\Request), Object(Illuminate\\View\\View))
#13 F:\\.My Projects\\Databse\\Attendance_Management_System\\vendor\\laravel\\framework\\src\\Illuminate\\Routing\\Router.php(720): Illuminate\\Routing\\Router->prepareResponse(Object(Illuminate\\Http\\Request), Object(Illuminate\\View\\View))
#14 F:\\.My Projects\\Databse\\Attendance_Management_System\\vendor\\laravel\\framework\\src\\Illuminate\\Pipeline\\Pipeline.php(128): Illuminate\\Routing\\Router->Illuminate\\Routing\\{closure}(Object(Illuminate\\Http\\Request))
#15 F:\\.My Projects\\Databse\\Attendance_Management_System\\vendor\\laravel\\framework\\src\\Illuminate\\Routing\\Middleware\\SubstituteBindings.php(50): Illuminate\\Pipeline\\Pipeline->Illuminate\\Pipeline\\{closure}(Object(Illuminate\\Http\\Request))
#16 F:\\.My Projects\\Databse\\Attendance_Management_System\\vendor\\laravel\\framework\\src\\Illuminate\\Pipeline\\Pipeline.php(167): Illuminate\\Routing\\Middleware\\SubstituteBindings->handle(Object(Illuminate\\Http\\Request), Object(Closure))
#17 F:\\.My Projects\\Databse\\Attendance_Management_System\\vendor\\laravel\\framework\\src\\Illuminate\\Foundation\\Http\\Middleware\\VerifyCsrfToken.php(78): Illuminate\\Pipeline\\Pipeline->Illuminate\\Pipeline\\{closure}(Object(Illuminate\\Http\\Request))
#18 F:\\.My Projects\\Databse\\Attendance_Management_System\\vendor\\laravel\\framework\\src\\Illuminate\\Pipeline\\Pipeline.php(167): Illuminate\\Foundation\\Http\\Middleware\\VerifyCsrfToken->handle(Object(Illuminate\\Http\\Request), Object(Closure))
#19 F:\\.My Projects\\Databse\\Attendance_Management_System\\vendor\\laravel\\framework\\src\\Illuminate\\View\\Middleware\\ShareErrorsFromSession.php(49): Illuminate\\Pipeline\\Pipeline->Illuminate\\Pipeline\\{closure}(Object(Illuminate\\Http\\Request))
#20 F:\\.My Projects\\Databse\\Attendance_Management_System\\vendor\\laravel\\framework\\src\\Illuminate\\Pipeline\\Pipeline.php(167): Illuminate\\View\\Middleware\\ShareErrorsFromSession->handle(Object(Illuminate\\Http\\Request), Object(Closure))
#21 F:\\.My Projects\\Databse\\Attendance_Management_System\\vendor\\laravel\\framework\\src\\Illuminate\\Session\\Middleware\\StartSession.php(121): Illuminate\\Pipeline\\Pipeline->Illuminate\\Pipeline\\{closure}(Object(Illuminate\\Http\\Request))
#22 F:\\.My Projects\\Databse\\Attendance_Management_System\\vendor\\laravel\\framework\\src\\Illuminate\\Session\\Middleware\\StartSession.php(64): Illuminate\\Session\\Middleware\\StartSession->handleStatefulRequest(Object(Illuminate\\Http\\Request), Object(Illuminate\\Session\\Store), Object(Closure))
#23 F:\\.My Projects\\Databse\\Attendance_Management_System\\vendor\\laravel\\framework\\src\\Illuminate\\Pipeline\\Pipeline.php(167): Illuminate\\Session\\Middleware\\StartSession->handle(Object(Illuminate\\Http\\Request), Object(Closure))
#24 F:\\.My Projects\\Databse\\Attendance_Management_System\\vendor\\laravel\\framework\\src\\Illuminate\\Cookie\\Middleware\\AddQueuedCookiesToResponse.php(37): Illuminate\\Pipeline\\Pipeline->Illuminate\\Pipeline\\{closure}(Object(Illuminate\\Http\\Request))
#25 F:\\.My Projects\\Databse\\Attendance_Management_System\\vendor\\laravel\\framework\\src\\Illuminate\\Pipeline\\Pipeline.php(167): Illuminate\\Cookie\\Middleware\\AddQueuedCookiesToResponse->handle(Object(Illuminate\\Http\\Request), Object(Closure))
#26 F:\\.My Projects\\Databse\\Attendance_Management_System\\vendor\\laravel\\framework\\src\\Illuminate\\Cookie\\Middleware\\EncryptCookies.php(67): Illuminate\\Pipeline\\Pipeline->Illuminate\\Pipeline\\{closure}(Object(Illuminate\\Http\\Request))
#27 F:\\.My Projects\\Databse\\Attendance_Management_System\\vendor\\laravel\\framework\\src\\Illuminate\\Pipeline\\Pipeline.php(167): Illuminate\\Cookie\\Middleware\\EncryptCookies->handle(Object(Illuminate\\Http\\Request), Object(Closure))
#28 F:\\.My Projects\\Databse\\Attendance_Management_System\\vendor\\laravel\\framework\\src\\Illuminate\\Pipeline\\Pipeline.php(103): Illuminate\\Pipeline\\Pipeline->Illuminate\\Pipeline\\{closure}(Object(Illuminate\\Http\\Request))
#29 F:\\.My Projects\\Databse\\Attendance_Management_System\\vendor\\laravel\\framework\\src\\Illuminate\\Routing\\Router.php(719): Illuminate\\Pipeline\\Pipeline->then(Object(Closure))
#30 F:\\.My Projects\\Databse\\Attendance_Management_System\\vendor\\laravel\\framework\\src\\Illuminate\\Routing\\Router.php(698): Illuminate\\Routing\\Router->runRouteWithinStack(Object(Illuminate\\Routing\\Route), Object(Illuminate\\Http\\Request))
#31 F:\\.My Projects\\Databse\\Attendance_Management_System\\vendor\\laravel\\framework\\src\\Illuminate\\Routing\\Router.php(662): Illuminate\\Routing\\Router->runRoute(Object(Illuminate\\Http\\Request), Object(Illuminate\\Routing\\Route))
#32 F:\\.My Projects\\Databse\\Attendance_Management_System\\vendor\\laravel\\framework\\src\\Illuminate\\Routing\\Router.php(651): Illuminate\\Routing\\Router->dispatchToRoute(Object(Illuminate\\Http\\Request))
#33 F:\\.My Projects\\Databse\\Attendance_Management_System\\vendor\\laravel\\framework\\src\\Illuminate\\Foundation\\Http\\Kernel.php(167): Illuminate\\Routing\\Router->dispatch(Object(Illuminate\\Http\\Request))
#34 F:\\.My Projects\\Databse\\Attendance_Management_System\\vendor\\laravel\\framework\\src\\Illuminate\\Pipeline\\Pipeline.php(128): Illuminate\\Foundation\\Http\\Kernel->Illuminate\\Foundation\\Http\\{closure}(Object(Illuminate\\Http\\Request))
#35 F:\\.My Projects\\Databse\\Attendance_Management_System\\vendor\\laravel\\framework\\src\\Illuminate\\Foundation\\Http\\Middleware\\TransformsRequest.php(21): Illuminate\\Pipeline\\Pipeline->Illuminate\\Pipeline\\{closure}(Object(Illuminate\\Http\\Request))
#36 F:\\.My Projects\\Databse\\Attendance_Management_System\\vendor\\laravel\\framework\\src\\Illuminate\\Foundation\\Http\\Middleware\\ConvertEmptyStringsToNull.php(31): Illuminate\\Foundation\\Http\\Middleware\\TransformsRequest->handle(Object(Illuminate\\Http\\Request), Object(Closure))
#37 F:\\.My Projects\\Databse\\Attendance_Management_System\\vendor\\laravel\\framework\\src\\Illuminate\\Pipeline\\Pipeline.php(167): Illuminate\\Foundation\\Http\\Middleware\\ConvertEmptyStringsToNull->handle(Object(Illuminate\\Http\\Request), Object(Closure))
#38 F:\\.My Projects\\Databse\\Attendance_Management_System\\vendor\\laravel\\framework\\src\\Illuminate\\Foundation\\Http\\Middleware\\TransformsRequest.php(21): Illuminate\\Pipeline\\Pipeline->Illuminate\\Pipeline\\{closure}(Object(Illuminate\\Http\\Request))
#39 F:\\.My Projects\\Databse\\Attendance_Management_System\\vendor\\laravel\\framework\\src\\Illuminate\\Foundation\\Http\\Middleware\\TrimStrings.php(40): Illuminate\\Foundation\\Http\\Middleware\\TransformsRequest->handle(Object(Illuminate\\Http\\Request), Object(Closure))
#40 F:\\.My Projects\\Databse\\Attendance_Management_System\\vendor\\laravel\\framework\\src\\Illuminate\\Pipeline\\Pipeline.php(167): Illuminate\\Foundation\\Http\\Middleware\\TrimStrings->handle(Object(Illuminate\\Http\\Request), Object(Closure))
#41 F:\\.My Projects\\Databse\\Attendance_Management_System\\vendor\\laravel\\framework\\src\\Illuminate\\Foundation\\Http\\Middleware\\ValidatePostSize.php(27): Illuminate\\Pipeline\\Pipeline->Illuminate\\Pipeline\\{closure}(Object(Illuminate\\Http\\Request))
#42 F:\\.My Projects\\Databse\\Attendance_Management_System\\vendor\\laravel\\framework\\src\\Illuminate\\Pipeline\\Pipeline.php(167): Illuminate\\Foundation\\Http\\Middleware\\ValidatePostSize->handle(Object(Illuminate\\Http\\Request), Object(Closure))
#43 F:\\.My Projects\\Databse\\Attendance_Management_System\\vendor\\laravel\\framework\\src\\Illuminate\\Foundation\\Http\\Middleware\\PreventRequestsDuringMaintenance.php(86): Illuminate\\Pipeline\\Pipeline->Illuminate\\Pipeline\\{closure}(Object(Illuminate\\Http\\Request))
#44 F:\\.My Projects\\Databse\\Attendance_Management_System\\vendor\\laravel\\framework\\src\\Illuminate\\Pipeline\\Pipeline.php(167): Illuminate\\Foundation\\Http\\Middleware\\PreventRequestsDuringMaintenance->handle(Object(Illuminate\\Http\\Request), Object(Closure))
#45 F:\\.My Projects\\Databse\\Attendance_Management_System\\vendor\\fruitcake\\laravel-cors\\src\\HandleCors.php(38): Illuminate\\Pipeline\\Pipeline->Illuminate\\Pipeline\\{closure}(Object(Illuminate\\Http\\Request))
#46 F:\\.My Projects\\Databse\\Attendance_Management_System\\vendor\\laravel\\framework\\src\\Illuminate\\Pipeline\\Pipeline.php(167): Fruitcake\\Cors\\HandleCors->handle(Object(Illuminate\\Http\\Request), Object(Closure))
#47 F:\\.My Projects\\Databse\\Attendance_Management_System\\vendor\\laravel\\framework\\src\\Illuminate\\Http\\Middleware\\TrustProxies.php(39): Illuminate\\Pipeline\\Pipeline->Illuminate\\Pipeline\\{closure}(Object(Illuminate\\Http\\Request))
#48 F:\\.My Projects\\Databse\\Attendance_Management_System\\vendor\\laravel\\framework\\src\\Illuminate\\Pipeline\\Pipeline.php(167): Illuminate\\Http\\Middleware\\TrustProxies->handle(Object(Illuminate\\Http\\Request), Object(Closure))
#49 F:\\.My Projects\\Databse\\Attendance_Management_System\\vendor\\laravel\\framework\\src\\Illuminate\\Pipeline\\Pipeline.php(103): Illuminate\\Pipeline\\Pipeline->Illuminate\\Pipeline\\{closure}(Object(Illuminate\\Http\\Request))
#50 F:\\.My Projects\\Databse\\Attendance_Management_System\\vendor\\laravel\\framework\\src\\Illuminate\\Foundation\\Http\\Kernel.php(142): Illuminate\\Pipeline\\Pipeline->then(Object(Closure))
#51 F:\\.My Projects\\Databse\\Attendance_Management_System\\vendor\\laravel\\framework\\src\\Illuminate\\Foundation\\Http\\Kernel.php(111): Illuminate\\Foundation\\Http\\Kernel->sendRequestThroughRouter(Object(Illuminate\\Http\\Request))
#52 F:\\.My Projects\\Databse\\Attendance_Management_System\\public\\index.php(54): Illuminate\\Foundation\\Http\\Kernel->handle(Object(Illuminate\\Http\\Request))
#53 F:\\.My Projects\\Databse\\Attendance_Management_System\\server.php(21): require_once('F:\\\\.My Projects...')
#54 {main}
"} 
[2025-05-01 13:20:14] local.ERROR: Cannot end a section without first starting one. (View: F:\.My Projects\Databse\Attendance_Management_System\resources\views\welcome.blade.php) {"view":{"view":"F:\\.My Projects\\Databse\\Attendance_Management_System\\vendor\\laravel\\framework\\src\\Illuminate\\View\\Concerns\\ManagesLayouts.php","data":[]},"userId":1,"exception":"[object] (Facade\\Ignition\\Exceptions\\ViewException(code: 0): Cannot end a section without first starting one. (View: F:\\.My Projects\\Databse\\Attendance_Management_System\\resources\\views\\welcome.blade.php) at F:\\.My Projects\\Databse\\Attendance_Management_System\\vendor\\laravel\\framework\\src\\Illuminate\\View\\Concerns\\ManagesLayouts.php:94)
[stacktrace]
#0 F:\\.My Projects\\Databse\\Attendance_Management_System\\resources\\views/welcome.blade.php(62): Illuminate\\View\\Factory->stopSection()
#1 F:\\.My Projects\\Databse\\Attendance_Management_System\\vendor\\laravel\\framework\\src\\Illuminate\\Filesystem\\Filesystem.php(107): require('F:\\\\.My Projects...')
#2 F:\\.My Projects\\Databse\\Attendance_Management_System\\vendor\\laravel\\framework\\src\\Illuminate\\Filesystem\\Filesystem.php(108): Illuminate\\Filesystem\\Filesystem::Illuminate\\Filesystem\\{closure}()
#3 F:\\.My Projects\\Databse\\Attendance_Management_System\\vendor\\laravel\\framework\\src\\Illuminate\\View\\Engines\\PhpEngine.php(58): Illuminate\\Filesystem\\Filesystem->getRequire('F:\\\\.My Projects...', Array)
#4 F:\\.My Projects\\Databse\\Attendance_Management_System\\vendor\\laravel\\framework\\src\\Illuminate\\View\\Engines\\CompilerEngine.php(61): Illuminate\\View\\Engines\\PhpEngine->evaluatePath('F:\\\\.My Projects...', Array)
#5 F:\\.My Projects\\Databse\\Attendance_Management_System\\vendor\\facade\\ignition\\src\\Views\\Engines\\CompilerEngine.php(37): Illuminate\\View\\Engines\\CompilerEngine->get('F:\\\\.My Projects...', Array)
#6 F:\\.My Projects\\Databse\\Attendance_Management_System\\vendor\\laravel\\framework\\src\\Illuminate\\View\\View.php(139): Facade\\Ignition\\Views\\Engines\\CompilerEngine->get('F:\\\\.My Projects...', Array)
#7 F:\\.My Projects\\Databse\\Attendance_Management_System\\vendor\\laravel\\framework\\src\\Illuminate\\View\\View.php(122): Illuminate\\View\\View->getContents()
#8 F:\\.My Projects\\Databse\\Attendance_Management_System\\vendor\\laravel\\framework\\src\\Illuminate\\View\\View.php(91): Illuminate\\View\\View->renderContents()
#9 F:\\.My Projects\\Databse\\Attendance_Management_System\\vendor\\laravel\\framework\\src\\Illuminate\\Http\\Response.php(69): Illuminate\\View\\View->render()
#10 F:\\.My Projects\\Databse\\Attendance_Management_System\\vendor\\laravel\\framework\\src\\Illuminate\\Http\\Response.php(35): Illuminate\\Http\\Response->setContent(Object(Illuminate\\View\\View))
#11 F:\\.My Projects\\Databse\\Attendance_Management_System\\vendor\\laravel\\framework\\src\\Illuminate\\Routing\\Router.php(820): Illuminate\\Http\\Response->__construct(Object(Illuminate\\View\\View), 200, Array)
#12 F:\\.My Projects\\Databse\\Attendance_Management_System\\vendor\\laravel\\framework\\src\\Illuminate\\Routing\\Router.php(789): Illuminate\\Routing\\Router::toResponse(Object(Illuminate\\Http\\Request), Object(Illuminate\\View\\View))
#13 F:\\.My Projects\\Databse\\Attendance_Management_System\\vendor\\laravel\\framework\\src\\Illuminate\\Routing\\Router.php(720): Illuminate\\Routing\\Router->prepareResponse(Object(Illuminate\\Http\\Request), Object(Illuminate\\View\\View))
#14 F:\\.My Projects\\Databse\\Attendance_Management_System\\vendor\\laravel\\framework\\src\\Illuminate\\Pipeline\\Pipeline.php(128): Illuminate\\Routing\\Router->Illuminate\\Routing\\{closure}(Object(Illuminate\\Http\\Request))
#15 F:\\.My Projects\\Databse\\Attendance_Management_System\\vendor\\laravel\\framework\\src\\Illuminate\\Routing\\Middleware\\SubstituteBindings.php(50): Illuminate\\Pipeline\\Pipeline->Illuminate\\Pipeline\\{closure}(Object(Illuminate\\Http\\Request))
#16 F:\\.My Projects\\Databse\\Attendance_Management_System\\vendor\\laravel\\framework\\src\\Illuminate\\Pipeline\\Pipeline.php(167): Illuminate\\Routing\\Middleware\\SubstituteBindings->handle(Object(Illuminate\\Http\\Request), Object(Closure))
#17 F:\\.My Projects\\Databse\\Attendance_Management_System\\vendor\\laravel\\framework\\src\\Illuminate\\Foundation\\Http\\Middleware\\VerifyCsrfToken.php(78): Illuminate\\Pipeline\\Pipeline->Illuminate\\Pipeline\\{closure}(Object(Illuminate\\Http\\Request))
#18 F:\\.My Projects\\Databse\\Attendance_Management_System\\vendor\\laravel\\framework\\src\\Illuminate\\Pipeline\\Pipeline.php(167): Illuminate\\Foundation\\Http\\Middleware\\VerifyCsrfToken->handle(Object(Illuminate\\Http\\Request), Object(Closure))
#19 F:\\.My Projects\\Databse\\Attendance_Management_System\\vendor\\laravel\\framework\\src\\Illuminate\\View\\Middleware\\ShareErrorsFromSession.php(49): Illuminate\\Pipeline\\Pipeline->Illuminate\\Pipeline\\{closure}(Object(Illuminate\\Http\\Request))
#20 F:\\.My Projects\\Databse\\Attendance_Management_System\\vendor\\laravel\\framework\\src\\Illuminate\\Pipeline\\Pipeline.php(167): Illuminate\\View\\Middleware\\ShareErrorsFromSession->handle(Object(Illuminate\\Http\\Request), Object(Closure))
#21 F:\\.My Projects\\Databse\\Attendance_Management_System\\vendor\\laravel\\framework\\src\\Illuminate\\Session\\Middleware\\StartSession.php(121): Illuminate\\Pipeline\\Pipeline->Illuminate\\Pipeline\\{closure}(Object(Illuminate\\Http\\Request))
#22 F:\\.My Projects\\Databse\\Attendance_Management_System\\vendor\\laravel\\framework\\src\\Illuminate\\Session\\Middleware\\StartSession.php(64): Illuminate\\Session\\Middleware\\StartSession->handleStatefulRequest(Object(Illuminate\\Http\\Request), Object(Illuminate\\Session\\Store), Object(Closure))
#23 F:\\.My Projects\\Databse\\Attendance_Management_System\\vendor\\laravel\\framework\\src\\Illuminate\\Pipeline\\Pipeline.php(167): Illuminate\\Session\\Middleware\\StartSession->handle(Object(Illuminate\\Http\\Request), Object(Closure))
#24 F:\\.My Projects\\Databse\\Attendance_Management_System\\vendor\\laravel\\framework\\src\\Illuminate\\Cookie\\Middleware\\AddQueuedCookiesToResponse.php(37): Illuminate\\Pipeline\\Pipeline->Illuminate\\Pipeline\\{closure}(Object(Illuminate\\Http\\Request))
#25 F:\\.My Projects\\Databse\\Attendance_Management_System\\vendor\\laravel\\framework\\src\\Illuminate\\Pipeline\\Pipeline.php(167): Illuminate\\Cookie\\Middleware\\AddQueuedCookiesToResponse->handle(Object(Illuminate\\Http\\Request), Object(Closure))
#26 F:\\.My Projects\\Databse\\Attendance_Management_System\\vendor\\laravel\\framework\\src\\Illuminate\\Cookie\\Middleware\\EncryptCookies.php(67): Illuminate\\Pipeline\\Pipeline->Illuminate\\Pipeline\\{closure}(Object(Illuminate\\Http\\Request))
#27 F:\\.My Projects\\Databse\\Attendance_Management_System\\vendor\\laravel\\framework\\src\\Illuminate\\Pipeline\\Pipeline.php(167): Illuminate\\Cookie\\Middleware\\EncryptCookies->handle(Object(Illuminate\\Http\\Request), Object(Closure))
#28 F:\\.My Projects\\Databse\\Attendance_Management_System\\vendor\\laravel\\framework\\src\\Illuminate\\Pipeline\\Pipeline.php(103): Illuminate\\Pipeline\\Pipeline->Illuminate\\Pipeline\\{closure}(Object(Illuminate\\Http\\Request))
#29 F:\\.My Projects\\Databse\\Attendance_Management_System\\vendor\\laravel\\framework\\src\\Illuminate\\Routing\\Router.php(719): Illuminate\\Pipeline\\Pipeline->then(Object(Closure))
#30 F:\\.My Projects\\Databse\\Attendance_Management_System\\vendor\\laravel\\framework\\src\\Illuminate\\Routing\\Router.php(698): Illuminate\\Routing\\Router->runRouteWithinStack(Object(Illuminate\\Routing\\Route), Object(Illuminate\\Http\\Request))
#31 F:\\.My Projects\\Databse\\Attendance_Management_System\\vendor\\laravel\\framework\\src\\Illuminate\\Routing\\Router.php(662): Illuminate\\Routing\\Router->runRoute(Object(Illuminate\\Http\\Request), Object(Illuminate\\Routing\\Route))
#32 F:\\.My Projects\\Databse\\Attendance_Management_System\\vendor\\laravel\\framework\\src\\Illuminate\\Routing\\Router.php(651): Illuminate\\Routing\\Router->dispatchToRoute(Object(Illuminate\\Http\\Request))
#33 F:\\.My Projects\\Databse\\Attendance_Management_System\\vendor\\laravel\\framework\\src\\Illuminate\\Foundation\\Http\\Kernel.php(167): Illuminate\\Routing\\Router->dispatch(Object(Illuminate\\Http\\Request))
#34 F:\\.My Projects\\Databse\\Attendance_Management_System\\vendor\\laravel\\framework\\src\\Illuminate\\Pipeline\\Pipeline.php(128): Illuminate\\Foundation\\Http\\Kernel->Illuminate\\Foundation\\Http\\{closure}(Object(Illuminate\\Http\\Request))
#35 F:\\.My Projects\\Databse\\Attendance_Management_System\\vendor\\laravel\\framework\\src\\Illuminate\\Foundation\\Http\\Middleware\\TransformsRequest.php(21): Illuminate\\Pipeline\\Pipeline->Illuminate\\Pipeline\\{closure}(Object(Illuminate\\Http\\Request))
#36 F:\\.My Projects\\Databse\\Attendance_Management_System\\vendor\\laravel\\framework\\src\\Illuminate\\Foundation\\Http\\Middleware\\ConvertEmptyStringsToNull.php(31): Illuminate\\Foundation\\Http\\Middleware\\TransformsRequest->handle(Object(Illuminate\\Http\\Request), Object(Closure))
#37 F:\\.My Projects\\Databse\\Attendance_Management_System\\vendor\\laravel\\framework\\src\\Illuminate\\Pipeline\\Pipeline.php(167): Illuminate\\Foundation\\Http\\Middleware\\ConvertEmptyStringsToNull->handle(Object(Illuminate\\Http\\Request), Object(Closure))
#38 F:\\.My Projects\\Databse\\Attendance_Management_System\\vendor\\laravel\\framework\\src\\Illuminate\\Foundation\\Http\\Middleware\\TransformsRequest.php(21): Illuminate\\Pipeline\\Pipeline->Illuminate\\Pipeline\\{closure}(Object(Illuminate\\Http\\Request))
#39 F:\\.My Projects\\Databse\\Attendance_Management_System\\vendor\\laravel\\framework\\src\\Illuminate\\Foundation\\Http\\Middleware\\TrimStrings.php(40): Illuminate\\Foundation\\Http\\Middleware\\TransformsRequest->handle(Object(Illuminate\\Http\\Request), Object(Closure))
#40 F:\\.My Projects\\Databse\\Attendance_Management_System\\vendor\\laravel\\framework\\src\\Illuminate\\Pipeline\\Pipeline.php(167): Illuminate\\Foundation\\Http\\Middleware\\TrimStrings->handle(Object(Illuminate\\Http\\Request), Object(Closure))
#41 F:\\.My Projects\\Databse\\Attendance_Management_System\\vendor\\laravel\\framework\\src\\Illuminate\\Foundation\\Http\\Middleware\\ValidatePostSize.php(27): Illuminate\\Pipeline\\Pipeline->Illuminate\\Pipeline\\{closure}(Object(Illuminate\\Http\\Request))
#42 F:\\.My Projects\\Databse\\Attendance_Management_System\\vendor\\laravel\\framework\\src\\Illuminate\\Pipeline\\Pipeline.php(167): Illuminate\\Foundation\\Http\\Middleware\\ValidatePostSize->handle(Object(Illuminate\\Http\\Request), Object(Closure))
#43 F:\\.My Projects\\Databse\\Attendance_Management_System\\vendor\\laravel\\framework\\src\\Illuminate\\Foundation\\Http\\Middleware\\PreventRequestsDuringMaintenance.php(86): Illuminate\\Pipeline\\Pipeline->Illuminate\\Pipeline\\{closure}(Object(Illuminate\\Http\\Request))
#44 F:\\.My Projects\\Databse\\Attendance_Management_System\\vendor\\laravel\\framework\\src\\Illuminate\\Pipeline\\Pipeline.php(167): Illuminate\\Foundation\\Http\\Middleware\\PreventRequestsDuringMaintenance->handle(Object(Illuminate\\Http\\Request), Object(Closure))
#45 F:\\.My Projects\\Databse\\Attendance_Management_System\\vendor\\fruitcake\\laravel-cors\\src\\HandleCors.php(38): Illuminate\\Pipeline\\Pipeline->Illuminate\\Pipeline\\{closure}(Object(Illuminate\\Http\\Request))
#46 F:\\.My Projects\\Databse\\Attendance_Management_System\\vendor\\laravel\\framework\\src\\Illuminate\\Pipeline\\Pipeline.php(167): Fruitcake\\Cors\\HandleCors->handle(Object(Illuminate\\Http\\Request), Object(Closure))
#47 F:\\.My Projects\\Databse\\Attendance_Management_System\\vendor\\laravel\\framework\\src\\Illuminate\\Http\\Middleware\\TrustProxies.php(39): Illuminate\\Pipeline\\Pipeline->Illuminate\\Pipeline\\{closure}(Object(Illuminate\\Http\\Request))
#48 F:\\.My Projects\\Databse\\Attendance_Management_System\\vendor\\laravel\\framework\\src\\Illuminate\\Pipeline\\Pipeline.php(167): Illuminate\\Http\\Middleware\\TrustProxies->handle(Object(Illuminate\\Http\\Request), Object(Closure))
#49 F:\\.My Projects\\Databse\\Attendance_Management_System\\vendor\\laravel\\framework\\src\\Illuminate\\Pipeline\\Pipeline.php(103): Illuminate\\Pipeline\\Pipeline->Illuminate\\Pipeline\\{closure}(Object(Illuminate\\Http\\Request))
#50 F:\\.My Projects\\Databse\\Attendance_Management_System\\vendor\\laravel\\framework\\src\\Illuminate\\Foundation\\Http\\Kernel.php(142): Illuminate\\Pipeline\\Pipeline->then(Object(Closure))
#51 F:\\.My Projects\\Databse\\Attendance_Management_System\\vendor\\laravel\\framework\\src\\Illuminate\\Foundation\\Http\\Kernel.php(111): Illuminate\\Foundation\\Http\\Kernel->sendRequestThroughRouter(Object(Illuminate\\Http\\Request))
#52 F:\\.My Projects\\Databse\\Attendance_Management_System\\public\\index.php(54): Illuminate\\Foundation\\Http\\Kernel->handle(Object(Illuminate\\Http\\Request))
#53 F:\\.My Projects\\Databse\\Attendance_Management_System\\server.php(21): require_once('F:\\\\.My Projects...')
#54 {main}

[previous exception] [object] (InvalidArgumentException(code: 0): Cannot end a section without first starting one. at F:\\.My Projects\\Databse\\Attendance_Management_System\\vendor\\laravel\\framework\\src\\Illuminate\\View\\Concerns\\ManagesLayouts.php:94)
[stacktrace]
#0 F:\\.My Projects\\Databse\\Attendance_Management_System\\storage\\framework\\views\\1f5f93e2d57159b8be9e60f946248c836725e606.php(62): Illuminate\\View\\Factory->stopSection()
#1 F:\\.My Projects\\Databse\\Attendance_Management_System\\vendor\\laravel\\framework\\src\\Illuminate\\Filesystem\\Filesystem.php(107): require('F:\\\\.My Projects...')
#2 F:\\.My Projects\\Databse\\Attendance_Management_System\\vendor\\laravel\\framework\\src\\Illuminate\\Filesystem\\Filesystem.php(108): Illuminate\\Filesystem\\Filesystem::Illuminate\\Filesystem\\{closure}()
#3 F:\\.My Projects\\Databse\\Attendance_Management_System\\vendor\\laravel\\framework\\src\\Illuminate\\View\\Engines\\PhpEngine.php(58): Illuminate\\Filesystem\\Filesystem->getRequire('F:\\\\.My Projects...', Array)
#4 F:\\.My Projects\\Databse\\Attendance_Management_System\\vendor\\laravel\\framework\\src\\Illuminate\\View\\Engines\\CompilerEngine.php(61): Illuminate\\View\\Engines\\PhpEngine->evaluatePath('F:\\\\.My Projects...', Array)
#5 F:\\.My Projects\\Databse\\Attendance_Management_System\\vendor\\facade\\ignition\\src\\Views\\Engines\\CompilerEngine.php(37): Illuminate\\View\\Engines\\CompilerEngine->get('F:\\\\.My Projects...', Array)
#6 F:\\.My Projects\\Databse\\Attendance_Management_System\\vendor\\laravel\\framework\\src\\Illuminate\\View\\View.php(139): Facade\\Ignition\\Views\\Engines\\CompilerEngine->get('F:\\\\.My Projects...', Array)
#7 F:\\.My Projects\\Databse\\Attendance_Management_System\\vendor\\laravel\\framework\\src\\Illuminate\\View\\View.php(122): Illuminate\\View\\View->getContents()
#8 F:\\.My Projects\\Databse\\Attendance_Management_System\\vendor\\laravel\\framework\\src\\Illuminate\\View\\View.php(91): Illuminate\\View\\View->renderContents()
#9 F:\\.My Projects\\Databse\\Attendance_Management_System\\vendor\\laravel\\framework\\src\\Illuminate\\Http\\Response.php(69): Illuminate\\View\\View->render()
#10 F:\\.My Projects\\Databse\\Attendance_Management_System\\vendor\\laravel\\framework\\src\\Illuminate\\Http\\Response.php(35): Illuminate\\Http\\Response->setContent(Object(Illuminate\\View\\View))
#11 F:\\.My Projects\\Databse\\Attendance_Management_System\\vendor\\laravel\\framework\\src\\Illuminate\\Routing\\Router.php(820): Illuminate\\Http\\Response->__construct(Object(Illuminate\\View\\View), 200, Array)
#12 F:\\.My Projects\\Databse\\Attendance_Management_System\\vendor\\laravel\\framework\\src\\Illuminate\\Routing\\Router.php(789): Illuminate\\Routing\\Router::toResponse(Object(Illuminate\\Http\\Request), Object(Illuminate\\View\\View))
#13 F:\\.My Projects\\Databse\\Attendance_Management_System\\vendor\\laravel\\framework\\src\\Illuminate\\Routing\\Router.php(720): Illuminate\\Routing\\Router->prepareResponse(Object(Illuminate\\Http\\Request), Object(Illuminate\\View\\View))
#14 F:\\.My Projects\\Databse\\Attendance_Management_System\\vendor\\laravel\\framework\\src\\Illuminate\\Pipeline\\Pipeline.php(128): Illuminate\\Routing\\Router->Illuminate\\Routing\\{closure}(Object(Illuminate\\Http\\Request))
#15 F:\\.My Projects\\Databse\\Attendance_Management_System\\vendor\\laravel\\framework\\src\\Illuminate\\Routing\\Middleware\\SubstituteBindings.php(50): Illuminate\\Pipeline\\Pipeline->Illuminate\\Pipeline\\{closure}(Object(Illuminate\\Http\\Request))
#16 F:\\.My Projects\\Databse\\Attendance_Management_System\\vendor\\laravel\\framework\\src\\Illuminate\\Pipeline\\Pipeline.php(167): Illuminate\\Routing\\Middleware\\SubstituteBindings->handle(Object(Illuminate\\Http\\Request), Object(Closure))
#17 F:\\.My Projects\\Databse\\Attendance_Management_System\\vendor\\laravel\\framework\\src\\Illuminate\\Foundation\\Http\\Middleware\\VerifyCsrfToken.php(78): Illuminate\\Pipeline\\Pipeline->Illuminate\\Pipeline\\{closure}(Object(Illuminate\\Http\\Request))
#18 F:\\.My Projects\\Databse\\Attendance_Management_System\\vendor\\laravel\\framework\\src\\Illuminate\\Pipeline\\Pipeline.php(167): Illuminate\\Foundation\\Http\\Middleware\\VerifyCsrfToken->handle(Object(Illuminate\\Http\\Request), Object(Closure))
#19 F:\\.My Projects\\Databse\\Attendance_Management_System\\vendor\\laravel\\framework\\src\\Illuminate\\View\\Middleware\\ShareErrorsFromSession.php(49): Illuminate\\Pipeline\\Pipeline->Illuminate\\Pipeline\\{closure}(Object(Illuminate\\Http\\Request))
#20 F:\\.My Projects\\Databse\\Attendance_Management_System\\vendor\\laravel\\framework\\src\\Illuminate\\Pipeline\\Pipeline.php(167): Illuminate\\View\\Middleware\\ShareErrorsFromSession->handle(Object(Illuminate\\Http\\Request), Object(Closure))
#21 F:\\.My Projects\\Databse\\Attendance_Management_System\\vendor\\laravel\\framework\\src\\Illuminate\\Session\\Middleware\\StartSession.php(121): Illuminate\\Pipeline\\Pipeline->Illuminate\\Pipeline\\{closure}(Object(Illuminate\\Http\\Request))
#22 F:\\.My Projects\\Databse\\Attendance_Management_System\\vendor\\laravel\\framework\\src\\Illuminate\\Session\\Middleware\\StartSession.php(64): Illuminate\\Session\\Middleware\\StartSession->handleStatefulRequest(Object(Illuminate\\Http\\Request), Object(Illuminate\\Session\\Store), Object(Closure))
#23 F:\\.My Projects\\Databse\\Attendance_Management_System\\vendor\\laravel\\framework\\src\\Illuminate\\Pipeline\\Pipeline.php(167): Illuminate\\Session\\Middleware\\StartSession->handle(Object(Illuminate\\Http\\Request), Object(Closure))
#24 F:\\.My Projects\\Databse\\Attendance_Management_System\\vendor\\laravel\\framework\\src\\Illuminate\\Cookie\\Middleware\\AddQueuedCookiesToResponse.php(37): Illuminate\\Pipeline\\Pipeline->Illuminate\\Pipeline\\{closure}(Object(Illuminate\\Http\\Request))
#25 F:\\.My Projects\\Databse\\Attendance_Management_System\\vendor\\laravel\\framework\\src\\Illuminate\\Pipeline\\Pipeline.php(167): Illuminate\\Cookie\\Middleware\\AddQueuedCookiesToResponse->handle(Object(Illuminate\\Http\\Request), Object(Closure))
#26 F:\\.My Projects\\Databse\\Attendance_Management_System\\vendor\\laravel\\framework\\src\\Illuminate\\Cookie\\Middleware\\EncryptCookies.php(67): Illuminate\\Pipeline\\Pipeline->Illuminate\\Pipeline\\{closure}(Object(Illuminate\\Http\\Request))
#27 F:\\.My Projects\\Databse\\Attendance_Management_System\\vendor\\laravel\\framework\\src\\Illuminate\\Pipeline\\Pipeline.php(167): Illuminate\\Cookie\\Middleware\\EncryptCookies->handle(Object(Illuminate\\Http\\Request), Object(Closure))
#28 F:\\.My Projects\\Databse\\Attendance_Management_System\\vendor\\laravel\\framework\\src\\Illuminate\\Pipeline\\Pipeline.php(103): Illuminate\\Pipeline\\Pipeline->Illuminate\\Pipeline\\{closure}(Object(Illuminate\\Http\\Request))
#29 F:\\.My Projects\\Databse\\Attendance_Management_System\\vendor\\laravel\\framework\\src\\Illuminate\\Routing\\Router.php(719): Illuminate\\Pipeline\\Pipeline->then(Object(Closure))
#30 F:\\.My Projects\\Databse\\Attendance_Management_System\\vendor\\laravel\\framework\\src\\Illuminate\\Routing\\Router.php(698): Illuminate\\Routing\\Router->runRouteWithinStack(Object(Illuminate\\Routing\\Route), Object(Illuminate\\Http\\Request))
#31 F:\\.My Projects\\Databse\\Attendance_Management_System\\vendor\\laravel\\framework\\src\\Illuminate\\Routing\\Router.php(662): Illuminate\\Routing\\Router->runRoute(Object(Illuminate\\Http\\Request), Object(Illuminate\\Routing\\Route))
#32 F:\\.My Projects\\Databse\\Attendance_Management_System\\vendor\\laravel\\framework\\src\\Illuminate\\Routing\\Router.php(651): Illuminate\\Routing\\Router->dispatchToRoute(Object(Illuminate\\Http\\Request))
#33 F:\\.My Projects\\Databse\\Attendance_Management_System\\vendor\\laravel\\framework\\src\\Illuminate\\Foundation\\Http\\Kernel.php(167): Illuminate\\Routing\\Router->dispatch(Object(Illuminate\\Http\\Request))
#34 F:\\.My Projects\\Databse\\Attendance_Management_System\\vendor\\laravel\\framework\\src\\Illuminate\\Pipeline\\Pipeline.php(128): Illuminate\\Foundation\\Http\\Kernel->Illuminate\\Foundation\\Http\\{closure}(Object(Illuminate\\Http\\Request))
#35 F:\\.My Projects\\Databse\\Attendance_Management_System\\vendor\\laravel\\framework\\src\\Illuminate\\Foundation\\Http\\Middleware\\TransformsRequest.php(21): Illuminate\\Pipeline\\Pipeline->Illuminate\\Pipeline\\{closure}(Object(Illuminate\\Http\\Request))
#36 F:\\.My Projects\\Databse\\Attendance_Management_System\\vendor\\laravel\\framework\\src\\Illuminate\\Foundation\\Http\\Middleware\\ConvertEmptyStringsToNull.php(31): Illuminate\\Foundation\\Http\\Middleware\\TransformsRequest->handle(Object(Illuminate\\Http\\Request), Object(Closure))
#37 F:\\.My Projects\\Databse\\Attendance_Management_System\\vendor\\laravel\\framework\\src\\Illuminate\\Pipeline\\Pipeline.php(167): Illuminate\\Foundation\\Http\\Middleware\\ConvertEmptyStringsToNull->handle(Object(Illuminate\\Http\\Request), Object(Closure))
#38 F:\\.My Projects\\Databse\\Attendance_Management_System\\vendor\\laravel\\framework\\src\\Illuminate\\Foundation\\Http\\Middleware\\TransformsRequest.php(21): Illuminate\\Pipeline\\Pipeline->Illuminate\\Pipeline\\{closure}(Object(Illuminate\\Http\\Request))
#39 F:\\.My Projects\\Databse\\Attendance_Management_System\\vendor\\laravel\\framework\\src\\Illuminate\\Foundation\\Http\\Middleware\\TrimStrings.php(40): Illuminate\\Foundation\\Http\\Middleware\\TransformsRequest->handle(Object(Illuminate\\Http\\Request), Object(Closure))
#40 F:\\.My Projects\\Databse\\Attendance_Management_System\\vendor\\laravel\\framework\\src\\Illuminate\\Pipeline\\Pipeline.php(167): Illuminate\\Foundation\\Http\\Middleware\\TrimStrings->handle(Object(Illuminate\\Http\\Request), Object(Closure))
#41 F:\\.My Projects\\Databse\\Attendance_Management_System\\vendor\\laravel\\framework\\src\\Illuminate\\Foundation\\Http\\Middleware\\ValidatePostSize.php(27): Illuminate\\Pipeline\\Pipeline->Illuminate\\Pipeline\\{closure}(Object(Illuminate\\Http\\Request))
#42 F:\\.My Projects\\Databse\\Attendance_Management_System\\vendor\\laravel\\framework\\src\\Illuminate\\Pipeline\\Pipeline.php(167): Illuminate\\Foundation\\Http\\Middleware\\ValidatePostSize->handle(Object(Illuminate\\Http\\Request), Object(Closure))
#43 F:\\.My Projects\\Databse\\Attendance_Management_System\\vendor\\laravel\\framework\\src\\Illuminate\\Foundation\\Http\\Middleware\\PreventRequestsDuringMaintenance.php(86): Illuminate\\Pipeline\\Pipeline->Illuminate\\Pipeline\\{closure}(Object(Illuminate\\Http\\Request))
#44 F:\\.My Projects\\Databse\\Attendance_Management_System\\vendor\\laravel\\framework\\src\\Illuminate\\Pipeline\\Pipeline.php(167): Illuminate\\Foundation\\Http\\Middleware\\PreventRequestsDuringMaintenance->handle(Object(Illuminate\\Http\\Request), Object(Closure))
#45 F:\\.My Projects\\Databse\\Attendance_Management_System\\vendor\\fruitcake\\laravel-cors\\src\\HandleCors.php(38): Illuminate\\Pipeline\\Pipeline->Illuminate\\Pipeline\\{closure}(Object(Illuminate\\Http\\Request))
#46 F:\\.My Projects\\Databse\\Attendance_Management_System\\vendor\\laravel\\framework\\src\\Illuminate\\Pipeline\\Pipeline.php(167): Fruitcake\\Cors\\HandleCors->handle(Object(Illuminate\\Http\\Request), Object(Closure))
#47 F:\\.My Projects\\Databse\\Attendance_Management_System\\vendor\\laravel\\framework\\src\\Illuminate\\Http\\Middleware\\TrustProxies.php(39): Illuminate\\Pipeline\\Pipeline->Illuminate\\Pipeline\\{closure}(Object(Illuminate\\Http\\Request))
#48 F:\\.My Projects\\Databse\\Attendance_Management_System\\vendor\\laravel\\framework\\src\\Illuminate\\Pipeline\\Pipeline.php(167): Illuminate\\Http\\Middleware\\TrustProxies->handle(Object(Illuminate\\Http\\Request), Object(Closure))
#49 F:\\.My Projects\\Databse\\Attendance_Management_System\\vendor\\laravel\\framework\\src\\Illuminate\\Pipeline\\Pipeline.php(103): Illuminate\\Pipeline\\Pipeline->Illuminate\\Pipeline\\{closure}(Object(Illuminate\\Http\\Request))
#50 F:\\.My Projects\\Databse\\Attendance_Management_System\\vendor\\laravel\\framework\\src\\Illuminate\\Foundation\\Http\\Kernel.php(142): Illuminate\\Pipeline\\Pipeline->then(Object(Closure))
#51 F:\\.My Projects\\Databse\\Attendance_Management_System\\vendor\\laravel\\framework\\src\\Illuminate\\Foundation\\Http\\Kernel.php(111): Illuminate\\Foundation\\Http\\Kernel->sendRequestThroughRouter(Object(Illuminate\\Http\\Request))
#52 F:\\.My Projects\\Databse\\Attendance_Management_System\\public\\index.php(54): Illuminate\\Foundation\\Http\\Kernel->handle(Object(Illuminate\\Http\\Request))
#53 F:\\.My Projects\\Databse\\Attendance_Management_System\\server.php(21): require_once('F:\\\\.My Projects...')
#54 {main}
"} 
[2025-05-01 13:24:32] local.ERROR: View [layouts.app] not found. (View: F:\.My Projects\Databse\Attendance_Management_System\resources\views\welcome.blade.php) {"view":{"view":"F:\\.My Projects\\Databse\\Attendance_Management_System\\vendor\\laravel\\framework\\src\\Illuminate\\View\\FileViewFinder.php","data":[]},"userId":1,"exception":"[object] (Facade\\Ignition\\Exceptions\\ViewException(code: 0): View [layouts.app] not found. (View: F:\\.My Projects\\Databse\\Attendance_Management_System\\resources\\views\\welcome.blade.php) at F:\\.My Projects\\Databse\\Attendance_Management_System\\vendor\\laravel\\framework\\src\\Illuminate\\View\\FileViewFinder.php:137)
[stacktrace]
#0 F:\\.My Projects\\Databse\\Attendance_Management_System\\vendor\\laravel\\framework\\src\\Illuminate\\View\\FileViewFinder.php(79): Illuminate\\View\\FileViewFinder->findInPaths('layouts.app', Array)
#1 F:\\.My Projects\\Databse\\Attendance_Management_System\\vendor\\laravel\\framework\\src\\Illuminate\\View\\Factory.php(137): Illuminate\\View\\FileViewFinder->find('layouts.app')
#2 F:\\.My Projects\\Databse\\Attendance_Management_System\\resources\\views/welcome.blade.php(69): Illuminate\\View\\Factory->make('layouts.app', Array)
#3 F:\\.My Projects\\Databse\\Attendance_Management_System\\vendor\\laravel\\framework\\src\\Illuminate\\Filesystem\\Filesystem.php(107): require('F:\\\\.My Projects...')
#4 F:\\.My Projects\\Databse\\Attendance_Management_System\\vendor\\laravel\\framework\\src\\Illuminate\\Filesystem\\Filesystem.php(108): Illuminate\\Filesystem\\Filesystem::Illuminate\\Filesystem\\{closure}()
#5 F:\\.My Projects\\Databse\\Attendance_Management_System\\vendor\\laravel\\framework\\src\\Illuminate\\View\\Engines\\PhpEngine.php(58): Illuminate\\Filesystem\\Filesystem->getRequire('F:\\\\.My Projects...', Array)
#6 F:\\.My Projects\\Databse\\Attendance_Management_System\\vendor\\laravel\\framework\\src\\Illuminate\\View\\Engines\\CompilerEngine.php(61): Illuminate\\View\\Engines\\PhpEngine->evaluatePath('F:\\\\.My Projects...', Array)
#7 F:\\.My Projects\\Databse\\Attendance_Management_System\\vendor\\facade\\ignition\\src\\Views\\Engines\\CompilerEngine.php(37): Illuminate\\View\\Engines\\CompilerEngine->get('F:\\\\.My Projects...', Array)
#8 F:\\.My Projects\\Databse\\Attendance_Management_System\\vendor\\laravel\\framework\\src\\Illuminate\\View\\View.php(139): Facade\\Ignition\\Views\\Engines\\CompilerEngine->get('F:\\\\.My Projects...', Array)
#9 F:\\.My Projects\\Databse\\Attendance_Management_System\\vendor\\laravel\\framework\\src\\Illuminate\\View\\View.php(122): Illuminate\\View\\View->getContents()
#10 F:\\.My Projects\\Databse\\Attendance_Management_System\\vendor\\laravel\\framework\\src\\Illuminate\\View\\View.php(91): Illuminate\\View\\View->renderContents()
#11 F:\\.My Projects\\Databse\\Attendance_Management_System\\vendor\\laravel\\framework\\src\\Illuminate\\Http\\Response.php(69): Illuminate\\View\\View->render()
#12 F:\\.My Projects\\Databse\\Attendance_Management_System\\vendor\\laravel\\framework\\src\\Illuminate\\Http\\Response.php(35): Illuminate\\Http\\Response->setContent(Object(Illuminate\\View\\View))
#13 F:\\.My Projects\\Databse\\Attendance_Management_System\\vendor\\laravel\\framework\\src\\Illuminate\\Routing\\Router.php(820): Illuminate\\Http\\Response->__construct(Object(Illuminate\\View\\View), 200, Array)
#14 F:\\.My Projects\\Databse\\Attendance_Management_System\\vendor\\laravel\\framework\\src\\Illuminate\\Routing\\Router.php(789): Illuminate\\Routing\\Router::toResponse(Object(Illuminate\\Http\\Request), Object(Illuminate\\View\\View))
#15 F:\\.My Projects\\Databse\\Attendance_Management_System\\vendor\\laravel\\framework\\src\\Illuminate\\Routing\\Router.php(720): Illuminate\\Routing\\Router->prepareResponse(Object(Illuminate\\Http\\Request), Object(Illuminate\\View\\View))
#16 F:\\.My Projects\\Databse\\Attendance_Management_System\\vendor\\laravel\\framework\\src\\Illuminate\\Pipeline\\Pipeline.php(128): Illuminate\\Routing\\Router->Illuminate\\Routing\\{closure}(Object(Illuminate\\Http\\Request))
#17 F:\\.My Projects\\Databse\\Attendance_Management_System\\vendor\\laravel\\framework\\src\\Illuminate\\Routing\\Middleware\\SubstituteBindings.php(50): Illuminate\\Pipeline\\Pipeline->Illuminate\\Pipeline\\{closure}(Object(Illuminate\\Http\\Request))
#18 F:\\.My Projects\\Databse\\Attendance_Management_System\\vendor\\laravel\\framework\\src\\Illuminate\\Pipeline\\Pipeline.php(167): Illuminate\\Routing\\Middleware\\SubstituteBindings->handle(Object(Illuminate\\Http\\Request), Object(Closure))
#19 F:\\.My Projects\\Databse\\Attendance_Management_System\\vendor\\laravel\\framework\\src\\Illuminate\\Foundation\\Http\\Middleware\\VerifyCsrfToken.php(78): Illuminate\\Pipeline\\Pipeline->Illuminate\\Pipeline\\{closure}(Object(Illuminate\\Http\\Request))
#20 F:\\.My Projects\\Databse\\Attendance_Management_System\\vendor\\laravel\\framework\\src\\Illuminate\\Pipeline\\Pipeline.php(167): Illuminate\\Foundation\\Http\\Middleware\\VerifyCsrfToken->handle(Object(Illuminate\\Http\\Request), Object(Closure))
#21 F:\\.My Projects\\Databse\\Attendance_Management_System\\vendor\\laravel\\framework\\src\\Illuminate\\View\\Middleware\\ShareErrorsFromSession.php(49): Illuminate\\Pipeline\\Pipeline->Illuminate\\Pipeline\\{closure}(Object(Illuminate\\Http\\Request))
#22 F:\\.My Projects\\Databse\\Attendance_Management_System\\vendor\\laravel\\framework\\src\\Illuminate\\Pipeline\\Pipeline.php(167): Illuminate\\View\\Middleware\\ShareErrorsFromSession->handle(Object(Illuminate\\Http\\Request), Object(Closure))
#23 F:\\.My Projects\\Databse\\Attendance_Management_System\\vendor\\laravel\\framework\\src\\Illuminate\\Session\\Middleware\\StartSession.php(121): Illuminate\\Pipeline\\Pipeline->Illuminate\\Pipeline\\{closure}(Object(Illuminate\\Http\\Request))
#24 F:\\.My Projects\\Databse\\Attendance_Management_System\\vendor\\laravel\\framework\\src\\Illuminate\\Session\\Middleware\\StartSession.php(64): Illuminate\\Session\\Middleware\\StartSession->handleStatefulRequest(Object(Illuminate\\Http\\Request), Object(Illuminate\\Session\\Store), Object(Closure))
#25 F:\\.My Projects\\Databse\\Attendance_Management_System\\vendor\\laravel\\framework\\src\\Illuminate\\Pipeline\\Pipeline.php(167): Illuminate\\Session\\Middleware\\StartSession->handle(Object(Illuminate\\Http\\Request), Object(Closure))
#26 F:\\.My Projects\\Databse\\Attendance_Management_System\\vendor\\laravel\\framework\\src\\Illuminate\\Cookie\\Middleware\\AddQueuedCookiesToResponse.php(37): Illuminate\\Pipeline\\Pipeline->Illuminate\\Pipeline\\{closure}(Object(Illuminate\\Http\\Request))
#27 F:\\.My Projects\\Databse\\Attendance_Management_System\\vendor\\laravel\\framework\\src\\Illuminate\\Pipeline\\Pipeline.php(167): Illuminate\\Cookie\\Middleware\\AddQueuedCookiesToResponse->handle(Object(Illuminate\\Http\\Request), Object(Closure))
#28 F:\\.My Projects\\Databse\\Attendance_Management_System\\vendor\\laravel\\framework\\src\\Illuminate\\Cookie\\Middleware\\EncryptCookies.php(67): Illuminate\\Pipeline\\Pipeline->Illuminate\\Pipeline\\{closure}(Object(Illuminate\\Http\\Request))
#29 F:\\.My Projects\\Databse\\Attendance_Management_System\\vendor\\laravel\\framework\\src\\Illuminate\\Pipeline\\Pipeline.php(167): Illuminate\\Cookie\\Middleware\\EncryptCookies->handle(Object(Illuminate\\Http\\Request), Object(Closure))
#30 F:\\.My Projects\\Databse\\Attendance_Management_System\\vendor\\laravel\\framework\\src\\Illuminate\\Pipeline\\Pipeline.php(103): Illuminate\\Pipeline\\Pipeline->Illuminate\\Pipeline\\{closure}(Object(Illuminate\\Http\\Request))
#31 F:\\.My Projects\\Databse\\Attendance_Management_System\\vendor\\laravel\\framework\\src\\Illuminate\\Routing\\Router.php(719): Illuminate\\Pipeline\\Pipeline->then(Object(Closure))
#32 F:\\.My Projects\\Databse\\Attendance_Management_System\\vendor\\laravel\\framework\\src\\Illuminate\\Routing\\Router.php(698): Illuminate\\Routing\\Router->runRouteWithinStack(Object(Illuminate\\Routing\\Route), Object(Illuminate\\Http\\Request))
#33 F:\\.My Projects\\Databse\\Attendance_Management_System\\vendor\\laravel\\framework\\src\\Illuminate\\Routing\\Router.php(662): Illuminate\\Routing\\Router->runRoute(Object(Illuminate\\Http\\Request), Object(Illuminate\\Routing\\Route))
#34 F:\\.My Projects\\Databse\\Attendance_Management_System\\vendor\\laravel\\framework\\src\\Illuminate\\Routing\\Router.php(651): Illuminate\\Routing\\Router->dispatchToRoute(Object(Illuminate\\Http\\Request))
#35 F:\\.My Projects\\Databse\\Attendance_Management_System\\vendor\\laravel\\framework\\src\\Illuminate\\Foundation\\Http\\Kernel.php(167): Illuminate\\Routing\\Router->dispatch(Object(Illuminate\\Http\\Request))
#36 F:\\.My Projects\\Databse\\Attendance_Management_System\\vendor\\laravel\\framework\\src\\Illuminate\\Pipeline\\Pipeline.php(128): Illuminate\\Foundation\\Http\\Kernel->Illuminate\\Foundation\\Http\\{closure}(Object(Illuminate\\Http\\Request))
#37 F:\\.My Projects\\Databse\\Attendance_Management_System\\vendor\\laravel\\framework\\src\\Illuminate\\Foundation\\Http\\Middleware\\TransformsRequest.php(21): Illuminate\\Pipeline\\Pipeline->Illuminate\\Pipeline\\{closure}(Object(Illuminate\\Http\\Request))
#38 F:\\.My Projects\\Databse\\Attendance_Management_System\\vendor\\laravel\\framework\\src\\Illuminate\\Foundation\\Http\\Middleware\\ConvertEmptyStringsToNull.php(31): Illuminate\\Foundation\\Http\\Middleware\\TransformsRequest->handle(Object(Illuminate\\Http\\Request), Object(Closure))
#39 F:\\.My Projects\\Databse\\Attendance_Management_System\\vendor\\laravel\\framework\\src\\Illuminate\\Pipeline\\Pipeline.php(167): Illuminate\\Foundation\\Http\\Middleware\\ConvertEmptyStringsToNull->handle(Object(Illuminate\\Http\\Request), Object(Closure))
#40 F:\\.My Projects\\Databse\\Attendance_Management_System\\vendor\\laravel\\framework\\src\\Illuminate\\Foundation\\Http\\Middleware\\TransformsRequest.php(21): Illuminate\\Pipeline\\Pipeline->Illuminate\\Pipeline\\{closure}(Object(Illuminate\\Http\\Request))
#41 F:\\.My Projects\\Databse\\Attendance_Management_System\\vendor\\laravel\\framework\\src\\Illuminate\\Foundation\\Http\\Middleware\\TrimStrings.php(40): Illuminate\\Foundation\\Http\\Middleware\\TransformsRequest->handle(Object(Illuminate\\Http\\Request), Object(Closure))
#42 F:\\.My Projects\\Databse\\Attendance_Management_System\\vendor\\laravel\\framework\\src\\Illuminate\\Pipeline\\Pipeline.php(167): Illuminate\\Foundation\\Http\\Middleware\\TrimStrings->handle(Object(Illuminate\\Http\\Request), Object(Closure))
#43 F:\\.My Projects\\Databse\\Attendance_Management_System\\vendor\\laravel\\framework\\src\\Illuminate\\Foundation\\Http\\Middleware\\ValidatePostSize.php(27): Illuminate\\Pipeline\\Pipeline->Illuminate\\Pipeline\\{closure}(Object(Illuminate\\Http\\Request))
#44 F:\\.My Projects\\Databse\\Attendance_Management_System\\vendor\\laravel\\framework\\src\\Illuminate\\Pipeline\\Pipeline.php(167): Illuminate\\Foundation\\Http\\Middleware\\ValidatePostSize->handle(Object(Illuminate\\Http\\Request), Object(Closure))
#45 F:\\.My Projects\\Databse\\Attendance_Management_System\\vendor\\laravel\\framework\\src\\Illuminate\\Foundation\\Http\\Middleware\\PreventRequestsDuringMaintenance.php(86): Illuminate\\Pipeline\\Pipeline->Illuminate\\Pipeline\\{closure}(Object(Illuminate\\Http\\Request))
#46 F:\\.My Projects\\Databse\\Attendance_Management_System\\vendor\\laravel\\framework\\src\\Illuminate\\Pipeline\\Pipeline.php(167): Illuminate\\Foundation\\Http\\Middleware\\PreventRequestsDuringMaintenance->handle(Object(Illuminate\\Http\\Request), Object(Closure))
#47 F:\\.My Projects\\Databse\\Attendance_Management_System\\vendor\\fruitcake\\laravel-cors\\src\\HandleCors.php(38): Illuminate\\Pipeline\\Pipeline->Illuminate\\Pipeline\\{closure}(Object(Illuminate\\Http\\Request))
#48 F:\\.My Projects\\Databse\\Attendance_Management_System\\vendor\\laravel\\framework\\src\\Illuminate\\Pipeline\\Pipeline.php(167): Fruitcake\\Cors\\HandleCors->handle(Object(Illuminate\\Http\\Request), Object(Closure))
#49 F:\\.My Projects\\Databse\\Attendance_Management_System\\vendor\\laravel\\framework\\src\\Illuminate\\Http\\Middleware\\TrustProxies.php(39): Illuminate\\Pipeline\\Pipeline->Illuminate\\Pipeline\\{closure}(Object(Illuminate\\Http\\Request))
#50 F:\\.My Projects\\Databse\\Attendance_Management_System\\vendor\\laravel\\framework\\src\\Illuminate\\Pipeline\\Pipeline.php(167): Illuminate\\Http\\Middleware\\TrustProxies->handle(Object(Illuminate\\Http\\Request), Object(Closure))
#51 F:\\.My Projects\\Databse\\Attendance_Management_System\\vendor\\laravel\\framework\\src\\Illuminate\\Pipeline\\Pipeline.php(103): Illuminate\\Pipeline\\Pipeline->Illuminate\\Pipeline\\{closure}(Object(Illuminate\\Http\\Request))
#52 F:\\.My Projects\\Databse\\Attendance_Management_System\\vendor\\laravel\\framework\\src\\Illuminate\\Foundation\\Http\\Kernel.php(142): Illuminate\\Pipeline\\Pipeline->then(Object(Closure))
#53 F:\\.My Projects\\Databse\\Attendance_Management_System\\vendor\\laravel\\framework\\src\\Illuminate\\Foundation\\Http\\Kernel.php(111): Illuminate\\Foundation\\Http\\Kernel->sendRequestThroughRouter(Object(Illuminate\\Http\\Request))
#54 F:\\.My Projects\\Databse\\Attendance_Management_System\\public\\index.php(54): Illuminate\\Foundation\\Http\\Kernel->handle(Object(Illuminate\\Http\\Request))
#55 F:\\.My Projects\\Databse\\Attendance_Management_System\\server.php(21): require_once('F:\\\\.My Projects...')
#56 {main}

[previous exception] [object] (InvalidArgumentException(code: 0): View [layouts.app] not found. at F:\\.My Projects\\Databse\\Attendance_Management_System\\vendor\\laravel\\framework\\src\\Illuminate\\View\\FileViewFinder.php:137)
[stacktrace]
#0 F:\\.My Projects\\Databse\\Attendance_Management_System\\vendor\\laravel\\framework\\src\\Illuminate\\View\\FileViewFinder.php(79): Illuminate\\View\\FileViewFinder->findInPaths('layouts.app', Array)
#1 F:\\.My Projects\\Databse\\Attendance_Management_System\\vendor\\laravel\\framework\\src\\Illuminate\\View\\Factory.php(137): Illuminate\\View\\FileViewFinder->find('layouts.app')
#2 F:\\.My Projects\\Databse\\Attendance_Management_System\\storage\\framework\\views\\1f5f93e2d57159b8be9e60f946248c836725e606.php(69): Illuminate\\View\\Factory->make('layouts.app', Array)
#3 F:\\.My Projects\\Databse\\Attendance_Management_System\\vendor\\laravel\\framework\\src\\Illuminate\\Filesystem\\Filesystem.php(107): require('F:\\\\.My Projects...')
#4 F:\\.My Projects\\Databse\\Attendance_Management_System\\vendor\\laravel\\framework\\src\\Illuminate\\Filesystem\\Filesystem.php(108): Illuminate\\Filesystem\\Filesystem::Illuminate\\Filesystem\\{closure}()
#5 F:\\.My Projects\\Databse\\Attendance_Management_System\\vendor\\laravel\\framework\\src\\Illuminate\\View\\Engines\\PhpEngine.php(58): Illuminate\\Filesystem\\Filesystem->getRequire('F:\\\\.My Projects...', Array)
#6 F:\\.My Projects\\Databse\\Attendance_Management_System\\vendor\\laravel\\framework\\src\\Illuminate\\View\\Engines\\CompilerEngine.php(61): Illuminate\\View\\Engines\\PhpEngine->evaluatePath('F:\\\\.My Projects...', Array)
#7 F:\\.My Projects\\Databse\\Attendance_Management_System\\vendor\\facade\\ignition\\src\\Views\\Engines\\CompilerEngine.php(37): Illuminate\\View\\Engines\\CompilerEngine->get('F:\\\\.My Projects...', Array)
#8 F:\\.My Projects\\Databse\\Attendance_Management_System\\vendor\\laravel\\framework\\src\\Illuminate\\View\\View.php(139): Facade\\Ignition\\Views\\Engines\\CompilerEngine->get('F:\\\\.My Projects...', Array)
#9 F:\\.My Projects\\Databse\\Attendance_Management_System\\vendor\\laravel\\framework\\src\\Illuminate\\View\\View.php(122): Illuminate\\View\\View->getContents()
#10 F:\\.My Projects\\Databse\\Attendance_Management_System\\vendor\\laravel\\framework\\src\\Illuminate\\View\\View.php(91): Illuminate\\View\\View->renderContents()
#11 F:\\.My Projects\\Databse\\Attendance_Management_System\\vendor\\laravel\\framework\\src\\Illuminate\\Http\\Response.php(69): Illuminate\\View\\View->render()
#12 F:\\.My Projects\\Databse\\Attendance_Management_System\\vendor\\laravel\\framework\\src\\Illuminate\\Http\\Response.php(35): Illuminate\\Http\\Response->setContent(Object(Illuminate\\View\\View))
#13 F:\\.My Projects\\Databse\\Attendance_Management_System\\vendor\\laravel\\framework\\src\\Illuminate\\Routing\\Router.php(820): Illuminate\\Http\\Response->__construct(Object(Illuminate\\View\\View), 200, Array)
#14 F:\\.My Projects\\Databse\\Attendance_Management_System\\vendor\\laravel\\framework\\src\\Illuminate\\Routing\\Router.php(789): Illuminate\\Routing\\Router::toResponse(Object(Illuminate\\Http\\Request), Object(Illuminate\\View\\View))
#15 F:\\.My Projects\\Databse\\Attendance_Management_System\\vendor\\laravel\\framework\\src\\Illuminate\\Routing\\Router.php(720): Illuminate\\Routing\\Router->prepareResponse(Object(Illuminate\\Http\\Request), Object(Illuminate\\View\\View))
#16 F:\\.My Projects\\Databse\\Attendance_Management_System\\vendor\\laravel\\framework\\src\\Illuminate\\Pipeline\\Pipeline.php(128): Illuminate\\Routing\\Router->Illuminate\\Routing\\{closure}(Object(Illuminate\\Http\\Request))
#17 F:\\.My Projects\\Databse\\Attendance_Management_System\\vendor\\laravel\\framework\\src\\Illuminate\\Routing\\Middleware\\SubstituteBindings.php(50): Illuminate\\Pipeline\\Pipeline->Illuminate\\Pipeline\\{closure}(Object(Illuminate\\Http\\Request))
#18 F:\\.My Projects\\Databse\\Attendance_Management_System\\vendor\\laravel\\framework\\src\\Illuminate\\Pipeline\\Pipeline.php(167): Illuminate\\Routing\\Middleware\\SubstituteBindings->handle(Object(Illuminate\\Http\\Request), Object(Closure))
#19 F:\\.My Projects\\Databse\\Attendance_Management_System\\vendor\\laravel\\framework\\src\\Illuminate\\Foundation\\Http\\Middleware\\VerifyCsrfToken.php(78): Illuminate\\Pipeline\\Pipeline->Illuminate\\Pipeline\\{closure}(Object(Illuminate\\Http\\Request))
#20 F:\\.My Projects\\Databse\\Attendance_Management_System\\vendor\\laravel\\framework\\src\\Illuminate\\Pipeline\\Pipeline.php(167): Illuminate\\Foundation\\Http\\Middleware\\VerifyCsrfToken->handle(Object(Illuminate\\Http\\Request), Object(Closure))
#21 F:\\.My Projects\\Databse\\Attendance_Management_System\\vendor\\laravel\\framework\\src\\Illuminate\\View\\Middleware\\ShareErrorsFromSession.php(49): Illuminate\\Pipeline\\Pipeline->Illuminate\\Pipeline\\{closure}(Object(Illuminate\\Http\\Request))
#22 F:\\.My Projects\\Databse\\Attendance_Management_System\\vendor\\laravel\\framework\\src\\Illuminate\\Pipeline\\Pipeline.php(167): Illuminate\\View\\Middleware\\ShareErrorsFromSession->handle(Object(Illuminate\\Http\\Request), Object(Closure))
#23 F:\\.My Projects\\Databse\\Attendance_Management_System\\vendor\\laravel\\framework\\src\\Illuminate\\Session\\Middleware\\StartSession.php(121): Illuminate\\Pipeline\\Pipeline->Illuminate\\Pipeline\\{closure}(Object(Illuminate\\Http\\Request))
#24 F:\\.My Projects\\Databse\\Attendance_Management_System\\vendor\\laravel\\framework\\src\\Illuminate\\Session\\Middleware\\StartSession.php(64): Illuminate\\Session\\Middleware\\StartSession->handleStatefulRequest(Object(Illuminate\\Http\\Request), Object(Illuminate\\Session\\Store), Object(Closure))
#25 F:\\.My Projects\\Databse\\Attendance_Management_System\\vendor\\laravel\\framework\\src\\Illuminate\\Pipeline\\Pipeline.php(167): Illuminate\\Session\\Middleware\\StartSession->handle(Object(Illuminate\\Http\\Request), Object(Closure))
#26 F:\\.My Projects\\Databse\\Attendance_Management_System\\vendor\\laravel\\framework\\src\\Illuminate\\Cookie\\Middleware\\AddQueuedCookiesToResponse.php(37): Illuminate\\Pipeline\\Pipeline->Illuminate\\Pipeline\\{closure}(Object(Illuminate\\Http\\Request))
#27 F:\\.My Projects\\Databse\\Attendance_Management_System\\vendor\\laravel\\framework\\src\\Illuminate\\Pipeline\\Pipeline.php(167): Illuminate\\Cookie\\Middleware\\AddQueuedCookiesToResponse->handle(Object(Illuminate\\Http\\Request), Object(Closure))
#28 F:\\.My Projects\\Databse\\Attendance_Management_System\\vendor\\laravel\\framework\\src\\Illuminate\\Cookie\\Middleware\\EncryptCookies.php(67): Illuminate\\Pipeline\\Pipeline->Illuminate\\Pipeline\\{closure}(Object(Illuminate\\Http\\Request))
#29 F:\\.My Projects\\Databse\\Attendance_Management_System\\vendor\\laravel\\framework\\src\\Illuminate\\Pipeline\\Pipeline.php(167): Illuminate\\Cookie\\Middleware\\EncryptCookies->handle(Object(Illuminate\\Http\\Request), Object(Closure))
#30 F:\\.My Projects\\Databse\\Attendance_Management_System\\vendor\\laravel\\framework\\src\\Illuminate\\Pipeline\\Pipeline.php(103): Illuminate\\Pipeline\\Pipeline->Illuminate\\Pipeline\\{closure}(Object(Illuminate\\Http\\Request))
#31 F:\\.My Projects\\Databse\\Attendance_Management_System\\vendor\\laravel\\framework\\src\\Illuminate\\Routing\\Router.php(719): Illuminate\\Pipeline\\Pipeline->then(Object(Closure))
#32 F:\\.My Projects\\Databse\\Attendance_Management_System\\vendor\\laravel\\framework\\src\\Illuminate\\Routing\\Router.php(698): Illuminate\\Routing\\Router->runRouteWithinStack(Object(Illuminate\\Routing\\Route), Object(Illuminate\\Http\\Request))
#33 F:\\.My Projects\\Databse\\Attendance_Management_System\\vendor\\laravel\\framework\\src\\Illuminate\\Routing\\Router.php(662): Illuminate\\Routing\\Router->runRoute(Object(Illuminate\\Http\\Request), Object(Illuminate\\Routing\\Route))
#34 F:\\.My Projects\\Databse\\Attendance_Management_System\\vendor\\laravel\\framework\\src\\Illuminate\\Routing\\Router.php(651): Illuminate\\Routing\\Router->dispatchToRoute(Object(Illuminate\\Http\\Request))
#35 F:\\.My Projects\\Databse\\Attendance_Management_System\\vendor\\laravel\\framework\\src\\Illuminate\\Foundation\\Http\\Kernel.php(167): Illuminate\\Routing\\Router->dispatch(Object(Illuminate\\Http\\Request))
#36 F:\\.My Projects\\Databse\\Attendance_Management_System\\vendor\\laravel\\framework\\src\\Illuminate\\Pipeline\\Pipeline.php(128): Illuminate\\Foundation\\Http\\Kernel->Illuminate\\Foundation\\Http\\{closure}(Object(Illuminate\\Http\\Request))
#37 F:\\.My Projects\\Databse\\Attendance_Management_System\\vendor\\laravel\\framework\\src\\Illuminate\\Foundation\\Http\\Middleware\\TransformsRequest.php(21): Illuminate\\Pipeline\\Pipeline->Illuminate\\Pipeline\\{closure}(Object(Illuminate\\Http\\Request))
#38 F:\\.My Projects\\Databse\\Attendance_Management_System\\vendor\\laravel\\framework\\src\\Illuminate\\Foundation\\Http\\Middleware\\ConvertEmptyStringsToNull.php(31): Illuminate\\Foundation\\Http\\Middleware\\TransformsRequest->handle(Object(Illuminate\\Http\\Request), Object(Closure))
#39 F:\\.My Projects\\Databse\\Attendance_Management_System\\vendor\\laravel\\framework\\src\\Illuminate\\Pipeline\\Pipeline.php(167): Illuminate\\Foundation\\Http\\Middleware\\ConvertEmptyStringsToNull->handle(Object(Illuminate\\Http\\Request), Object(Closure))
#40 F:\\.My Projects\\Databse\\Attendance_Management_System\\vendor\\laravel\\framework\\src\\Illuminate\\Foundation\\Http\\Middleware\\TransformsRequest.php(21): Illuminate\\Pipeline\\Pipeline->Illuminate\\Pipeline\\{closure}(Object(Illuminate\\Http\\Request))
#41 F:\\.My Projects\\Databse\\Attendance_Management_System\\vendor\\laravel\\framework\\src\\Illuminate\\Foundation\\Http\\Middleware\\TrimStrings.php(40): Illuminate\\Foundation\\Http\\Middleware\\TransformsRequest->handle(Object(Illuminate\\Http\\Request), Object(Closure))
#42 F:\\.My Projects\\Databse\\Attendance_Management_System\\vendor\\laravel\\framework\\src\\Illuminate\\Pipeline\\Pipeline.php(167): Illuminate\\Foundation\\Http\\Middleware\\TrimStrings->handle(Object(Illuminate\\Http\\Request), Object(Closure))
#43 F:\\.My Projects\\Databse\\Attendance_Management_System\\vendor\\laravel\\framework\\src\\Illuminate\\Foundation\\Http\\Middleware\\ValidatePostSize.php(27): Illuminate\\Pipeline\\Pipeline->Illuminate\\Pipeline\\{closure}(Object(Illuminate\\Http\\Request))
#44 F:\\.My Projects\\Databse\\Attendance_Management_System\\vendor\\laravel\\framework\\src\\Illuminate\\Pipeline\\Pipeline.php(167): Illuminate\\Foundation\\Http\\Middleware\\ValidatePostSize->handle(Object(Illuminate\\Http\\Request), Object(Closure))
#45 F:\\.My Projects\\Databse\\Attendance_Management_System\\vendor\\laravel\\framework\\src\\Illuminate\\Foundation\\Http\\Middleware\\PreventRequestsDuringMaintenance.php(86): Illuminate\\Pipeline\\Pipeline->Illuminate\\Pipeline\\{closure}(Object(Illuminate\\Http\\Request))
#46 F:\\.My Projects\\Databse\\Attendance_Management_System\\vendor\\laravel\\framework\\src\\Illuminate\\Pipeline\\Pipeline.php(167): Illuminate\\Foundation\\Http\\Middleware\\PreventRequestsDuringMaintenance->handle(Object(Illuminate\\Http\\Request), Object(Closure))
#47 F:\\.My Projects\\Databse\\Attendance_Management_System\\vendor\\fruitcake\\laravel-cors\\src\\HandleCors.php(38): Illuminate\\Pipeline\\Pipeline->Illuminate\\Pipeline\\{closure}(Object(Illuminate\\Http\\Request))
#48 F:\\.My Projects\\Databse\\Attendance_Management_System\\vendor\\laravel\\framework\\src\\Illuminate\\Pipeline\\Pipeline.php(167): Fruitcake\\Cors\\HandleCors->handle(Object(Illuminate\\Http\\Request), Object(Closure))
#49 F:\\.My Projects\\Databse\\Attendance_Management_System\\vendor\\laravel\\framework\\src\\Illuminate\\Http\\Middleware\\TrustProxies.php(39): Illuminate\\Pipeline\\Pipeline->Illuminate\\Pipeline\\{closure}(Object(Illuminate\\Http\\Request))
#50 F:\\.My Projects\\Databse\\Attendance_Management_System\\vendor\\laravel\\framework\\src\\Illuminate\\Pipeline\\Pipeline.php(167): Illuminate\\Http\\Middleware\\TrustProxies->handle(Object(Illuminate\\Http\\Request), Object(Closure))
#51 F:\\.My Projects\\Databse\\Attendance_Management_System\\vendor\\laravel\\framework\\src\\Illuminate\\Pipeline\\Pipeline.php(103): Illuminate\\Pipeline\\Pipeline->Illuminate\\Pipeline\\{closure}(Object(Illuminate\\Http\\Request))
#52 F:\\.My Projects\\Databse\\Attendance_Management_System\\vendor\\laravel\\framework\\src\\Illuminate\\Foundation\\Http\\Kernel.php(142): Illuminate\\Pipeline\\Pipeline->then(Object(Closure))
#53 F:\\.My Projects\\Databse\\Attendance_Management_System\\vendor\\laravel\\framework\\src\\Illuminate\\Foundation\\Http\\Kernel.php(111): Illuminate\\Foundation\\Http\\Kernel->sendRequestThroughRouter(Object(Illuminate\\Http\\Request))
#54 F:\\.My Projects\\Databse\\Attendance_Management_System\\public\\index.php(54): Illuminate\\Foundation\\Http\\Kernel->handle(Object(Illuminate\\Http\\Request))
#55 F:\\.My Projects\\Databse\\Attendance_Management_System\\server.php(21): require_once('F:\\\\.My Projects...')
#56 {main}
"} 
[2025-05-01 13:24:57] local.ERROR: Cannot end a section without first starting one. (View: F:\.My Projects\Databse\Attendance_Management_System\resources\views\welcome.blade.php) {"view":{"view":"F:\\.My Projects\\Databse\\Attendance_Management_System\\vendor\\laravel\\framework\\src\\Illuminate\\View\\Concerns\\ManagesLayouts.php","data":[]},"userId":1,"exception":"[object] (Facade\\Ignition\\Exceptions\\ViewException(code: 0): Cannot end a section without first starting one. (View: F:\\.My Projects\\Databse\\Attendance_Management_System\\resources\\views\\welcome.blade.php) at F:\\.My Projects\\Databse\\Attendance_Management_System\\vendor\\laravel\\framework\\src\\Illuminate\\View\\Concerns\\ManagesLayouts.php:94)
[stacktrace]
#0 F:\\.My Projects\\Databse\\Attendance_Management_System\\resources\\views/welcome.blade.php(66): Illuminate\\View\\Factory->stopSection()
#1 F:\\.My Projects\\Databse\\Attendance_Management_System\\vendor\\laravel\\framework\\src\\Illuminate\\Filesystem\\Filesystem.php(107): require('F:\\\\.My Projects...')
#2 F:\\.My Projects\\Databse\\Attendance_Management_System\\vendor\\laravel\\framework\\src\\Illuminate\\Filesystem\\Filesystem.php(108): Illuminate\\Filesystem\\Filesystem::Illuminate\\Filesystem\\{closure}()
#3 F:\\.My Projects\\Databse\\Attendance_Management_System\\vendor\\laravel\\framework\\src\\Illuminate\\View\\Engines\\PhpEngine.php(58): Illuminate\\Filesystem\\Filesystem->getRequire('F:\\\\.My Projects...', Array)
#4 F:\\.My Projects\\Databse\\Attendance_Management_System\\vendor\\laravel\\framework\\src\\Illuminate\\View\\Engines\\CompilerEngine.php(61): Illuminate\\View\\Engines\\PhpEngine->evaluatePath('F:\\\\.My Projects...', Array)
#5 F:\\.My Projects\\Databse\\Attendance_Management_System\\vendor\\facade\\ignition\\src\\Views\\Engines\\CompilerEngine.php(37): Illuminate\\View\\Engines\\CompilerEngine->get('F:\\\\.My Projects...', Array)
#6 F:\\.My Projects\\Databse\\Attendance_Management_System\\vendor\\laravel\\framework\\src\\Illuminate\\View\\View.php(139): Facade\\Ignition\\Views\\Engines\\CompilerEngine->get('F:\\\\.My Projects...', Array)
#7 F:\\.My Projects\\Databse\\Attendance_Management_System\\vendor\\laravel\\framework\\src\\Illuminate\\View\\View.php(122): Illuminate\\View\\View->getContents()
#8 F:\\.My Projects\\Databse\\Attendance_Management_System\\vendor\\laravel\\framework\\src\\Illuminate\\View\\View.php(91): Illuminate\\View\\View->renderContents()
#9 F:\\.My Projects\\Databse\\Attendance_Management_System\\vendor\\laravel\\framework\\src\\Illuminate\\Http\\Response.php(69): Illuminate\\View\\View->render()
#10 F:\\.My Projects\\Databse\\Attendance_Management_System\\vendor\\laravel\\framework\\src\\Illuminate\\Http\\Response.php(35): Illuminate\\Http\\Response->setContent(Object(Illuminate\\View\\View))
#11 F:\\.My Projects\\Databse\\Attendance_Management_System\\vendor\\laravel\\framework\\src\\Illuminate\\Routing\\Router.php(820): Illuminate\\Http\\Response->__construct(Object(Illuminate\\View\\View), 200, Array)
#12 F:\\.My Projects\\Databse\\Attendance_Management_System\\vendor\\laravel\\framework\\src\\Illuminate\\Routing\\Router.php(789): Illuminate\\Routing\\Router::toResponse(Object(Illuminate\\Http\\Request), Object(Illuminate\\View\\View))
#13 F:\\.My Projects\\Databse\\Attendance_Management_System\\vendor\\laravel\\framework\\src\\Illuminate\\Routing\\Router.php(720): Illuminate\\Routing\\Router->prepareResponse(Object(Illuminate\\Http\\Request), Object(Illuminate\\View\\View))
#14 F:\\.My Projects\\Databse\\Attendance_Management_System\\vendor\\laravel\\framework\\src\\Illuminate\\Pipeline\\Pipeline.php(128): Illuminate\\Routing\\Router->Illuminate\\Routing\\{closure}(Object(Illuminate\\Http\\Request))
#15 F:\\.My Projects\\Databse\\Attendance_Management_System\\vendor\\laravel\\framework\\src\\Illuminate\\Routing\\Middleware\\SubstituteBindings.php(50): Illuminate\\Pipeline\\Pipeline->Illuminate\\Pipeline\\{closure}(Object(Illuminate\\Http\\Request))
#16 F:\\.My Projects\\Databse\\Attendance_Management_System\\vendor\\laravel\\framework\\src\\Illuminate\\Pipeline\\Pipeline.php(167): Illuminate\\Routing\\Middleware\\SubstituteBindings->handle(Object(Illuminate\\Http\\Request), Object(Closure))
#17 F:\\.My Projects\\Databse\\Attendance_Management_System\\vendor\\laravel\\framework\\src\\Illuminate\\Foundation\\Http\\Middleware\\VerifyCsrfToken.php(78): Illuminate\\Pipeline\\Pipeline->Illuminate\\Pipeline\\{closure}(Object(Illuminate\\Http\\Request))
#18 F:\\.My Projects\\Databse\\Attendance_Management_System\\vendor\\laravel\\framework\\src\\Illuminate\\Pipeline\\Pipeline.php(167): Illuminate\\Foundation\\Http\\Middleware\\VerifyCsrfToken->handle(Object(Illuminate\\Http\\Request), Object(Closure))
#19 F:\\.My Projects\\Databse\\Attendance_Management_System\\vendor\\laravel\\framework\\src\\Illuminate\\View\\Middleware\\ShareErrorsFromSession.php(49): Illuminate\\Pipeline\\Pipeline->Illuminate\\Pipeline\\{closure}(Object(Illuminate\\Http\\Request))
#20 F:\\.My Projects\\Databse\\Attendance_Management_System\\vendor\\laravel\\framework\\src\\Illuminate\\Pipeline\\Pipeline.php(167): Illuminate\\View\\Middleware\\ShareErrorsFromSession->handle(Object(Illuminate\\Http\\Request), Object(Closure))
#21 F:\\.My Projects\\Databse\\Attendance_Management_System\\vendor\\laravel\\framework\\src\\Illuminate\\Session\\Middleware\\StartSession.php(121): Illuminate\\Pipeline\\Pipeline->Illuminate\\Pipeline\\{closure}(Object(Illuminate\\Http\\Request))
#22 F:\\.My Projects\\Databse\\Attendance_Management_System\\vendor\\laravel\\framework\\src\\Illuminate\\Session\\Middleware\\StartSession.php(64): Illuminate\\Session\\Middleware\\StartSession->handleStatefulRequest(Object(Illuminate\\Http\\Request), Object(Illuminate\\Session\\Store), Object(Closure))
#23 F:\\.My Projects\\Databse\\Attendance_Management_System\\vendor\\laravel\\framework\\src\\Illuminate\\Pipeline\\Pipeline.php(167): Illuminate\\Session\\Middleware\\StartSession->handle(Object(Illuminate\\Http\\Request), Object(Closure))
#24 F:\\.My Projects\\Databse\\Attendance_Management_System\\vendor\\laravel\\framework\\src\\Illuminate\\Cookie\\Middleware\\AddQueuedCookiesToResponse.php(37): Illuminate\\Pipeline\\Pipeline->Illuminate\\Pipeline\\{closure}(Object(Illuminate\\Http\\Request))
#25 F:\\.My Projects\\Databse\\Attendance_Management_System\\vendor\\laravel\\framework\\src\\Illuminate\\Pipeline\\Pipeline.php(167): Illuminate\\Cookie\\Middleware\\AddQueuedCookiesToResponse->handle(Object(Illuminate\\Http\\Request), Object(Closure))
#26 F:\\.My Projects\\Databse\\Attendance_Management_System\\vendor\\laravel\\framework\\src\\Illuminate\\Cookie\\Middleware\\EncryptCookies.php(67): Illuminate\\Pipeline\\Pipeline->Illuminate\\Pipeline\\{closure}(Object(Illuminate\\Http\\Request))
#27 F:\\.My Projects\\Databse\\Attendance_Management_System\\vendor\\laravel\\framework\\src\\Illuminate\\Pipeline\\Pipeline.php(167): Illuminate\\Cookie\\Middleware\\EncryptCookies->handle(Object(Illuminate\\Http\\Request), Object(Closure))
#28 F:\\.My Projects\\Databse\\Attendance_Management_System\\vendor\\laravel\\framework\\src\\Illuminate\\Pipeline\\Pipeline.php(103): Illuminate\\Pipeline\\Pipeline->Illuminate\\Pipeline\\{closure}(Object(Illuminate\\Http\\Request))
#29 F:\\.My Projects\\Databse\\Attendance_Management_System\\vendor\\laravel\\framework\\src\\Illuminate\\Routing\\Router.php(719): Illuminate\\Pipeline\\Pipeline->then(Object(Closure))
#30 F:\\.My Projects\\Databse\\Attendance_Management_System\\vendor\\laravel\\framework\\src\\Illuminate\\Routing\\Router.php(698): Illuminate\\Routing\\Router->runRouteWithinStack(Object(Illuminate\\Routing\\Route), Object(Illuminate\\Http\\Request))
#31 F:\\.My Projects\\Databse\\Attendance_Management_System\\vendor\\laravel\\framework\\src\\Illuminate\\Routing\\Router.php(662): Illuminate\\Routing\\Router->runRoute(Object(Illuminate\\Http\\Request), Object(Illuminate\\Routing\\Route))
#32 F:\\.My Projects\\Databse\\Attendance_Management_System\\vendor\\laravel\\framework\\src\\Illuminate\\Routing\\Router.php(651): Illuminate\\Routing\\Router->dispatchToRoute(Object(Illuminate\\Http\\Request))
#33 F:\\.My Projects\\Databse\\Attendance_Management_System\\vendor\\laravel\\framework\\src\\Illuminate\\Foundation\\Http\\Kernel.php(167): Illuminate\\Routing\\Router->dispatch(Object(Illuminate\\Http\\Request))
#34 F:\\.My Projects\\Databse\\Attendance_Management_System\\vendor\\laravel\\framework\\src\\Illuminate\\Pipeline\\Pipeline.php(128): Illuminate\\Foundation\\Http\\Kernel->Illuminate\\Foundation\\Http\\{closure}(Object(Illuminate\\Http\\Request))
#35 F:\\.My Projects\\Databse\\Attendance_Management_System\\vendor\\laravel\\framework\\src\\Illuminate\\Foundation\\Http\\Middleware\\TransformsRequest.php(21): Illuminate\\Pipeline\\Pipeline->Illuminate\\Pipeline\\{closure}(Object(Illuminate\\Http\\Request))
#36 F:\\.My Projects\\Databse\\Attendance_Management_System\\vendor\\laravel\\framework\\src\\Illuminate\\Foundation\\Http\\Middleware\\ConvertEmptyStringsToNull.php(31): Illuminate\\Foundation\\Http\\Middleware\\TransformsRequest->handle(Object(Illuminate\\Http\\Request), Object(Closure))
#37 F:\\.My Projects\\Databse\\Attendance_Management_System\\vendor\\laravel\\framework\\src\\Illuminate\\Pipeline\\Pipeline.php(167): Illuminate\\Foundation\\Http\\Middleware\\ConvertEmptyStringsToNull->handle(Object(Illuminate\\Http\\Request), Object(Closure))
#38 F:\\.My Projects\\Databse\\Attendance_Management_System\\vendor\\laravel\\framework\\src\\Illuminate\\Foundation\\Http\\Middleware\\TransformsRequest.php(21): Illuminate\\Pipeline\\Pipeline->Illuminate\\Pipeline\\{closure}(Object(Illuminate\\Http\\Request))
#39 F:\\.My Projects\\Databse\\Attendance_Management_System\\vendor\\laravel\\framework\\src\\Illuminate\\Foundation\\Http\\Middleware\\TrimStrings.php(40): Illuminate\\Foundation\\Http\\Middleware\\TransformsRequest->handle(Object(Illuminate\\Http\\Request), Object(Closure))
#40 F:\\.My Projects\\Databse\\Attendance_Management_System\\vendor\\laravel\\framework\\src\\Illuminate\\Pipeline\\Pipeline.php(167): Illuminate\\Foundation\\Http\\Middleware\\TrimStrings->handle(Object(Illuminate\\Http\\Request), Object(Closure))
#41 F:\\.My Projects\\Databse\\Attendance_Management_System\\vendor\\laravel\\framework\\src\\Illuminate\\Foundation\\Http\\Middleware\\ValidatePostSize.php(27): Illuminate\\Pipeline\\Pipeline->Illuminate\\Pipeline\\{closure}(Object(Illuminate\\Http\\Request))
#42 F:\\.My Projects\\Databse\\Attendance_Management_System\\vendor\\laravel\\framework\\src\\Illuminate\\Pipeline\\Pipeline.php(167): Illuminate\\Foundation\\Http\\Middleware\\ValidatePostSize->handle(Object(Illuminate\\Http\\Request), Object(Closure))
#43 F:\\.My Projects\\Databse\\Attendance_Management_System\\vendor\\laravel\\framework\\src\\Illuminate\\Foundation\\Http\\Middleware\\PreventRequestsDuringMaintenance.php(86): Illuminate\\Pipeline\\Pipeline->Illuminate\\Pipeline\\{closure}(Object(Illuminate\\Http\\Request))
#44 F:\\.My Projects\\Databse\\Attendance_Management_System\\vendor\\laravel\\framework\\src\\Illuminate\\Pipeline\\Pipeline.php(167): Illuminate\\Foundation\\Http\\Middleware\\PreventRequestsDuringMaintenance->handle(Object(Illuminate\\Http\\Request), Object(Closure))
#45 F:\\.My Projects\\Databse\\Attendance_Management_System\\vendor\\fruitcake\\laravel-cors\\src\\HandleCors.php(38): Illuminate\\Pipeline\\Pipeline->Illuminate\\Pipeline\\{closure}(Object(Illuminate\\Http\\Request))
#46 F:\\.My Projects\\Databse\\Attendance_Management_System\\vendor\\laravel\\framework\\src\\Illuminate\\Pipeline\\Pipeline.php(167): Fruitcake\\Cors\\HandleCors->handle(Object(Illuminate\\Http\\Request), Object(Closure))
#47 F:\\.My Projects\\Databse\\Attendance_Management_System\\vendor\\laravel\\framework\\src\\Illuminate\\Http\\Middleware\\TrustProxies.php(39): Illuminate\\Pipeline\\Pipeline->Illuminate\\Pipeline\\{closure}(Object(Illuminate\\Http\\Request))
#48 F:\\.My Projects\\Databse\\Attendance_Management_System\\vendor\\laravel\\framework\\src\\Illuminate\\Pipeline\\Pipeline.php(167): Illuminate\\Http\\Middleware\\TrustProxies->handle(Object(Illuminate\\Http\\Request), Object(Closure))
#49 F:\\.My Projects\\Databse\\Attendance_Management_System\\vendor\\laravel\\framework\\src\\Illuminate\\Pipeline\\Pipeline.php(103): Illuminate\\Pipeline\\Pipeline->Illuminate\\Pipeline\\{closure}(Object(Illuminate\\Http\\Request))
#50 F:\\.My Projects\\Databse\\Attendance_Management_System\\vendor\\laravel\\framework\\src\\Illuminate\\Foundation\\Http\\Kernel.php(142): Illuminate\\Pipeline\\Pipeline->then(Object(Closure))
#51 F:\\.My Projects\\Databse\\Attendance_Management_System\\vendor\\laravel\\framework\\src\\Illuminate\\Foundation\\Http\\Kernel.php(111): Illuminate\\Foundation\\Http\\Kernel->sendRequestThroughRouter(Object(Illuminate\\Http\\Request))
#52 F:\\.My Projects\\Databse\\Attendance_Management_System\\public\\index.php(54): Illuminate\\Foundation\\Http\\Kernel->handle(Object(Illuminate\\Http\\Request))
#53 F:\\.My Projects\\Databse\\Attendance_Management_System\\server.php(21): require_once('F:\\\\.My Projects...')
#54 {main}

[previous exception] [object] (InvalidArgumentException(code: 0): Cannot end a section without first starting one. at F:\\.My Projects\\Databse\\Attendance_Management_System\\vendor\\laravel\\framework\\src\\Illuminate\\View\\Concerns\\ManagesLayouts.php:94)
[stacktrace]
#0 F:\\.My Projects\\Databse\\Attendance_Management_System\\storage\\framework\\views\\1f5f93e2d57159b8be9e60f946248c836725e606.php(66): Illuminate\\View\\Factory->stopSection()
#1 F:\\.My Projects\\Databse\\Attendance_Management_System\\vendor\\laravel\\framework\\src\\Illuminate\\Filesystem\\Filesystem.php(107): require('F:\\\\.My Projects...')
#2 F:\\.My Projects\\Databse\\Attendance_Management_System\\vendor\\laravel\\framework\\src\\Illuminate\\Filesystem\\Filesystem.php(108): Illuminate\\Filesystem\\Filesystem::Illuminate\\Filesystem\\{closure}()
#3 F:\\.My Projects\\Databse\\Attendance_Management_System\\vendor\\laravel\\framework\\src\\Illuminate\\View\\Engines\\PhpEngine.php(58): Illuminate\\Filesystem\\Filesystem->getRequire('F:\\\\.My Projects...', Array)
#4 F:\\.My Projects\\Databse\\Attendance_Management_System\\vendor\\laravel\\framework\\src\\Illuminate\\View\\Engines\\CompilerEngine.php(61): Illuminate\\View\\Engines\\PhpEngine->evaluatePath('F:\\\\.My Projects...', Array)
#5 F:\\.My Projects\\Databse\\Attendance_Management_System\\vendor\\facade\\ignition\\src\\Views\\Engines\\CompilerEngine.php(37): Illuminate\\View\\Engines\\CompilerEngine->get('F:\\\\.My Projects...', Array)
#6 F:\\.My Projects\\Databse\\Attendance_Management_System\\vendor\\laravel\\framework\\src\\Illuminate\\View\\View.php(139): Facade\\Ignition\\Views\\Engines\\CompilerEngine->get('F:\\\\.My Projects...', Array)
#7 F:\\.My Projects\\Databse\\Attendance_Management_System\\vendor\\laravel\\framework\\src\\Illuminate\\View\\View.php(122): Illuminate\\View\\View->getContents()
#8 F:\\.My Projects\\Databse\\Attendance_Management_System\\vendor\\laravel\\framework\\src\\Illuminate\\View\\View.php(91): Illuminate\\View\\View->renderContents()
#9 F:\\.My Projects\\Databse\\Attendance_Management_System\\vendor\\laravel\\framework\\src\\Illuminate\\Http\\Response.php(69): Illuminate\\View\\View->render()
#10 F:\\.My Projects\\Databse\\Attendance_Management_System\\vendor\\laravel\\framework\\src\\Illuminate\\Http\\Response.php(35): Illuminate\\Http\\Response->setContent(Object(Illuminate\\View\\View))
#11 F:\\.My Projects\\Databse\\Attendance_Management_System\\vendor\\laravel\\framework\\src\\Illuminate\\Routing\\Router.php(820): Illuminate\\Http\\Response->__construct(Object(Illuminate\\View\\View), 200, Array)
#12 F:\\.My Projects\\Databse\\Attendance_Management_System\\vendor\\laravel\\framework\\src\\Illuminate\\Routing\\Router.php(789): Illuminate\\Routing\\Router::toResponse(Object(Illuminate\\Http\\Request), Object(Illuminate\\View\\View))
#13 F:\\.My Projects\\Databse\\Attendance_Management_System\\vendor\\laravel\\framework\\src\\Illuminate\\Routing\\Router.php(720): Illuminate\\Routing\\Router->prepareResponse(Object(Illuminate\\Http\\Request), Object(Illuminate\\View\\View))
#14 F:\\.My Projects\\Databse\\Attendance_Management_System\\vendor\\laravel\\framework\\src\\Illuminate\\Pipeline\\Pipeline.php(128): Illuminate\\Routing\\Router->Illuminate\\Routing\\{closure}(Object(Illuminate\\Http\\Request))
#15 F:\\.My Projects\\Databse\\Attendance_Management_System\\vendor\\laravel\\framework\\src\\Illuminate\\Routing\\Middleware\\SubstituteBindings.php(50): Illuminate\\Pipeline\\Pipeline->Illuminate\\Pipeline\\{closure}(Object(Illuminate\\Http\\Request))
#16 F:\\.My Projects\\Databse\\Attendance_Management_System\\vendor\\laravel\\framework\\src\\Illuminate\\Pipeline\\Pipeline.php(167): Illuminate\\Routing\\Middleware\\SubstituteBindings->handle(Object(Illuminate\\Http\\Request), Object(Closure))
#17 F:\\.My Projects\\Databse\\Attendance_Management_System\\vendor\\laravel\\framework\\src\\Illuminate\\Foundation\\Http\\Middleware\\VerifyCsrfToken.php(78): Illuminate\\Pipeline\\Pipeline->Illuminate\\Pipeline\\{closure}(Object(Illuminate\\Http\\Request))
#18 F:\\.My Projects\\Databse\\Attendance_Management_System\\vendor\\laravel\\framework\\src\\Illuminate\\Pipeline\\Pipeline.php(167): Illuminate\\Foundation\\Http\\Middleware\\VerifyCsrfToken->handle(Object(Illuminate\\Http\\Request), Object(Closure))
#19 F:\\.My Projects\\Databse\\Attendance_Management_System\\vendor\\laravel\\framework\\src\\Illuminate\\View\\Middleware\\ShareErrorsFromSession.php(49): Illuminate\\Pipeline\\Pipeline->Illuminate\\Pipeline\\{closure}(Object(Illuminate\\Http\\Request))
#20 F:\\.My Projects\\Databse\\Attendance_Management_System\\vendor\\laravel\\framework\\src\\Illuminate\\Pipeline\\Pipeline.php(167): Illuminate\\View\\Middleware\\ShareErrorsFromSession->handle(Object(Illuminate\\Http\\Request), Object(Closure))
#21 F:\\.My Projects\\Databse\\Attendance_Management_System\\vendor\\laravel\\framework\\src\\Illuminate\\Session\\Middleware\\StartSession.php(121): Illuminate\\Pipeline\\Pipeline->Illuminate\\Pipeline\\{closure}(Object(Illuminate\\Http\\Request))
#22 F:\\.My Projects\\Databse\\Attendance_Management_System\\vendor\\laravel\\framework\\src\\Illuminate\\Session\\Middleware\\StartSession.php(64): Illuminate\\Session\\Middleware\\StartSession->handleStatefulRequest(Object(Illuminate\\Http\\Request), Object(Illuminate\\Session\\Store), Object(Closure))
#23 F:\\.My Projects\\Databse\\Attendance_Management_System\\vendor\\laravel\\framework\\src\\Illuminate\\Pipeline\\Pipeline.php(167): Illuminate\\Session\\Middleware\\StartSession->handle(Object(Illuminate\\Http\\Request), Object(Closure))
#24 F:\\.My Projects\\Databse\\Attendance_Management_System\\vendor\\laravel\\framework\\src\\Illuminate\\Cookie\\Middleware\\AddQueuedCookiesToResponse.php(37): Illuminate\\Pipeline\\Pipeline->Illuminate\\Pipeline\\{closure}(Object(Illuminate\\Http\\Request))
#25 F:\\.My Projects\\Databse\\Attendance_Management_System\\vendor\\laravel\\framework\\src\\Illuminate\\Pipeline\\Pipeline.php(167): Illuminate\\Cookie\\Middleware\\AddQueuedCookiesToResponse->handle(Object(Illuminate\\Http\\Request), Object(Closure))
#26 F:\\.My Projects\\Databse\\Attendance_Management_System\\vendor\\laravel\\framework\\src\\Illuminate\\Cookie\\Middleware\\EncryptCookies.php(67): Illuminate\\Pipeline\\Pipeline->Illuminate\\Pipeline\\{closure}(Object(Illuminate\\Http\\Request))
#27 F:\\.My Projects\\Databse\\Attendance_Management_System\\vendor\\laravel\\framework\\src\\Illuminate\\Pipeline\\Pipeline.php(167): Illuminate\\Cookie\\Middleware\\EncryptCookies->handle(Object(Illuminate\\Http\\Request), Object(Closure))
#28 F:\\.My Projects\\Databse\\Attendance_Management_System\\vendor\\laravel\\framework\\src\\Illuminate\\Pipeline\\Pipeline.php(103): Illuminate\\Pipeline\\Pipeline->Illuminate\\Pipeline\\{closure}(Object(Illuminate\\Http\\Request))
#29 F:\\.My Projects\\Databse\\Attendance_Management_System\\vendor\\laravel\\framework\\src\\Illuminate\\Routing\\Router.php(719): Illuminate\\Pipeline\\Pipeline->then(Object(Closure))
#30 F:\\.My Projects\\Databse\\Attendance_Management_System\\vendor\\laravel\\framework\\src\\Illuminate\\Routing\\Router.php(698): Illuminate\\Routing\\Router->runRouteWithinStack(Object(Illuminate\\Routing\\Route), Object(Illuminate\\Http\\Request))
#31 F:\\.My Projects\\Databse\\Attendance_Management_System\\vendor\\laravel\\framework\\src\\Illuminate\\Routing\\Router.php(662): Illuminate\\Routing\\Router->runRoute(Object(Illuminate\\Http\\Request), Object(Illuminate\\Routing\\Route))
#32 F:\\.My Projects\\Databse\\Attendance_Management_System\\vendor\\laravel\\framework\\src\\Illuminate\\Routing\\Router.php(651): Illuminate\\Routing\\Router->dispatchToRoute(Object(Illuminate\\Http\\Request))
#33 F:\\.My Projects\\Databse\\Attendance_Management_System\\vendor\\laravel\\framework\\src\\Illuminate\\Foundation\\Http\\Kernel.php(167): Illuminate\\Routing\\Router->dispatch(Object(Illuminate\\Http\\Request))
#34 F:\\.My Projects\\Databse\\Attendance_Management_System\\vendor\\laravel\\framework\\src\\Illuminate\\Pipeline\\Pipeline.php(128): Illuminate\\Foundation\\Http\\Kernel->Illuminate\\Foundation\\Http\\{closure}(Object(Illuminate\\Http\\Request))
#35 F:\\.My Projects\\Databse\\Attendance_Management_System\\vendor\\laravel\\framework\\src\\Illuminate\\Foundation\\Http\\Middleware\\TransformsRequest.php(21): Illuminate\\Pipeline\\Pipeline->Illuminate\\Pipeline\\{closure}(Object(Illuminate\\Http\\Request))
#36 F:\\.My Projects\\Databse\\Attendance_Management_System\\vendor\\laravel\\framework\\src\\Illuminate\\Foundation\\Http\\Middleware\\ConvertEmptyStringsToNull.php(31): Illuminate\\Foundation\\Http\\Middleware\\TransformsRequest->handle(Object(Illuminate\\Http\\Request), Object(Closure))
#37 F:\\.My Projects\\Databse\\Attendance_Management_System\\vendor\\laravel\\framework\\src\\Illuminate\\Pipeline\\Pipeline.php(167): Illuminate\\Foundation\\Http\\Middleware\\ConvertEmptyStringsToNull->handle(Object(Illuminate\\Http\\Request), Object(Closure))
#38 F:\\.My Projects\\Databse\\Attendance_Management_System\\vendor\\laravel\\framework\\src\\Illuminate\\Foundation\\Http\\Middleware\\TransformsRequest.php(21): Illuminate\\Pipeline\\Pipeline->Illuminate\\Pipeline\\{closure}(Object(Illuminate\\Http\\Request))
#39 F:\\.My Projects\\Databse\\Attendance_Management_System\\vendor\\laravel\\framework\\src\\Illuminate\\Foundation\\Http\\Middleware\\TrimStrings.php(40): Illuminate\\Foundation\\Http\\Middleware\\TransformsRequest->handle(Object(Illuminate\\Http\\Request), Object(Closure))
#40 F:\\.My Projects\\Databse\\Attendance_Management_System\\vendor\\laravel\\framework\\src\\Illuminate\\Pipeline\\Pipeline.php(167): Illuminate\\Foundation\\Http\\Middleware\\TrimStrings->handle(Object(Illuminate\\Http\\Request), Object(Closure))
#41 F:\\.My Projects\\Databse\\Attendance_Management_System\\vendor\\laravel\\framework\\src\\Illuminate\\Foundation\\Http\\Middleware\\ValidatePostSize.php(27): Illuminate\\Pipeline\\Pipeline->Illuminate\\Pipeline\\{closure}(Object(Illuminate\\Http\\Request))
#42 F:\\.My Projects\\Databse\\Attendance_Management_System\\vendor\\laravel\\framework\\src\\Illuminate\\Pipeline\\Pipeline.php(167): Illuminate\\Foundation\\Http\\Middleware\\ValidatePostSize->handle(Object(Illuminate\\Http\\Request), Object(Closure))
#43 F:\\.My Projects\\Databse\\Attendance_Management_System\\vendor\\laravel\\framework\\src\\Illuminate\\Foundation\\Http\\Middleware\\PreventRequestsDuringMaintenance.php(86): Illuminate\\Pipeline\\Pipeline->Illuminate\\Pipeline\\{closure}(Object(Illuminate\\Http\\Request))
#44 F:\\.My Projects\\Databse\\Attendance_Management_System\\vendor\\laravel\\framework\\src\\Illuminate\\Pipeline\\Pipeline.php(167): Illuminate\\Foundation\\Http\\Middleware\\PreventRequestsDuringMaintenance->handle(Object(Illuminate\\Http\\Request), Object(Closure))
#45 F:\\.My Projects\\Databse\\Attendance_Management_System\\vendor\\fruitcake\\laravel-cors\\src\\HandleCors.php(38): Illuminate\\Pipeline\\Pipeline->Illuminate\\Pipeline\\{closure}(Object(Illuminate\\Http\\Request))
#46 F:\\.My Projects\\Databse\\Attendance_Management_System\\vendor\\laravel\\framework\\src\\Illuminate\\Pipeline\\Pipeline.php(167): Fruitcake\\Cors\\HandleCors->handle(Object(Illuminate\\Http\\Request), Object(Closure))
#47 F:\\.My Projects\\Databse\\Attendance_Management_System\\vendor\\laravel\\framework\\src\\Illuminate\\Http\\Middleware\\TrustProxies.php(39): Illuminate\\Pipeline\\Pipeline->Illuminate\\Pipeline\\{closure}(Object(Illuminate\\Http\\Request))
#48 F:\\.My Projects\\Databse\\Attendance_Management_System\\vendor\\laravel\\framework\\src\\Illuminate\\Pipeline\\Pipeline.php(167): Illuminate\\Http\\Middleware\\TrustProxies->handle(Object(Illuminate\\Http\\Request), Object(Closure))
#49 F:\\.My Projects\\Databse\\Attendance_Management_System\\vendor\\laravel\\framework\\src\\Illuminate\\Pipeline\\Pipeline.php(103): Illuminate\\Pipeline\\Pipeline->Illuminate\\Pipeline\\{closure}(Object(Illuminate\\Http\\Request))
#50 F:\\.My Projects\\Databse\\Attendance_Management_System\\vendor\\laravel\\framework\\src\\Illuminate\\Foundation\\Http\\Kernel.php(142): Illuminate\\Pipeline\\Pipeline->then(Object(Closure))
#51 F:\\.My Projects\\Databse\\Attendance_Management_System\\vendor\\laravel\\framework\\src\\Illuminate\\Foundation\\Http\\Kernel.php(111): Illuminate\\Foundation\\Http\\Kernel->sendRequestThroughRouter(Object(Illuminate\\Http\\Request))
#52 F:\\.My Projects\\Databse\\Attendance_Management_System\\public\\index.php(54): Illuminate\\Foundation\\Http\\Kernel->handle(Object(Illuminate\\Http\\Request))
#53 F:\\.My Projects\\Databse\\Attendance_Management_System\\server.php(21): require_once('F:\\\\.My Projects...')
#54 {main}
"} 
[2025-05-01 13:26:08] local.ERROR: View [layouts.app] not found. (View: F:\.My Projects\Databse\Attendance_Management_System\resources\views\welcome.blade.php) {"view":{"view":"F:\\.My Projects\\Databse\\Attendance_Management_System\\vendor\\laravel\\framework\\src\\Illuminate\\View\\FileViewFinder.php","data":[]},"userId":1,"exception":"[object] (Facade\\Ignition\\Exceptions\\ViewException(code: 0): View [layouts.app] not found. (View: F:\\.My Projects\\Databse\\Attendance_Management_System\\resources\\views\\welcome.blade.php) at F:\\.My Projects\\Databse\\Attendance_Management_System\\vendor\\laravel\\framework\\src\\Illuminate\\View\\FileViewFinder.php:137)
[stacktrace]
#0 F:\\.My Projects\\Databse\\Attendance_Management_System\\vendor\\laravel\\framework\\src\\Illuminate\\View\\FileViewFinder.php(79): Illuminate\\View\\FileViewFinder->findInPaths('layouts.app', Array)
#1 F:\\.My Projects\\Databse\\Attendance_Management_System\\vendor\\laravel\\framework\\src\\Illuminate\\View\\Factory.php(137): Illuminate\\View\\FileViewFinder->find('layouts.app')
#2 F:\\.My Projects\\Databse\\Attendance_Management_System\\resources\\views/welcome.blade.php(49): Illuminate\\View\\Factory->make('layouts.app', Array)
#3 F:\\.My Projects\\Databse\\Attendance_Management_System\\vendor\\laravel\\framework\\src\\Illuminate\\Filesystem\\Filesystem.php(107): require('F:\\\\.My Projects...')
#4 F:\\.My Projects\\Databse\\Attendance_Management_System\\vendor\\laravel\\framework\\src\\Illuminate\\Filesystem\\Filesystem.php(108): Illuminate\\Filesystem\\Filesystem::Illuminate\\Filesystem\\{closure}()
#5 F:\\.My Projects\\Databse\\Attendance_Management_System\\vendor\\laravel\\framework\\src\\Illuminate\\View\\Engines\\PhpEngine.php(58): Illuminate\\Filesystem\\Filesystem->getRequire('F:\\\\.My Projects...', Array)
#6 F:\\.My Projects\\Databse\\Attendance_Management_System\\vendor\\laravel\\framework\\src\\Illuminate\\View\\Engines\\CompilerEngine.php(61): Illuminate\\View\\Engines\\PhpEngine->evaluatePath('F:\\\\.My Projects...', Array)
#7 F:\\.My Projects\\Databse\\Attendance_Management_System\\vendor\\facade\\ignition\\src\\Views\\Engines\\CompilerEngine.php(37): Illuminate\\View\\Engines\\CompilerEngine->get('F:\\\\.My Projects...', Array)
#8 F:\\.My Projects\\Databse\\Attendance_Management_System\\vendor\\laravel\\framework\\src\\Illuminate\\View\\View.php(139): Facade\\Ignition\\Views\\Engines\\CompilerEngine->get('F:\\\\.My Projects...', Array)
#9 F:\\.My Projects\\Databse\\Attendance_Management_System\\vendor\\laravel\\framework\\src\\Illuminate\\View\\View.php(122): Illuminate\\View\\View->getContents()
#10 F:\\.My Projects\\Databse\\Attendance_Management_System\\vendor\\laravel\\framework\\src\\Illuminate\\View\\View.php(91): Illuminate\\View\\View->renderContents()
#11 F:\\.My Projects\\Databse\\Attendance_Management_System\\vendor\\laravel\\framework\\src\\Illuminate\\Http\\Response.php(69): Illuminate\\View\\View->render()
#12 F:\\.My Projects\\Databse\\Attendance_Management_System\\vendor\\laravel\\framework\\src\\Illuminate\\Http\\Response.php(35): Illuminate\\Http\\Response->setContent(Object(Illuminate\\View\\View))
#13 F:\\.My Projects\\Databse\\Attendance_Management_System\\vendor\\laravel\\framework\\src\\Illuminate\\Routing\\Router.php(820): Illuminate\\Http\\Response->__construct(Object(Illuminate\\View\\View), 200, Array)
#14 F:\\.My Projects\\Databse\\Attendance_Management_System\\vendor\\laravel\\framework\\src\\Illuminate\\Routing\\Router.php(789): Illuminate\\Routing\\Router::toResponse(Object(Illuminate\\Http\\Request), Object(Illuminate\\View\\View))
#15 F:\\.My Projects\\Databse\\Attendance_Management_System\\vendor\\laravel\\framework\\src\\Illuminate\\Routing\\Router.php(720): Illuminate\\Routing\\Router->prepareResponse(Object(Illuminate\\Http\\Request), Object(Illuminate\\View\\View))
#16 F:\\.My Projects\\Databse\\Attendance_Management_System\\vendor\\laravel\\framework\\src\\Illuminate\\Pipeline\\Pipeline.php(128): Illuminate\\Routing\\Router->Illuminate\\Routing\\{closure}(Object(Illuminate\\Http\\Request))
#17 F:\\.My Projects\\Databse\\Attendance_Management_System\\vendor\\laravel\\framework\\src\\Illuminate\\Routing\\Middleware\\SubstituteBindings.php(50): Illuminate\\Pipeline\\Pipeline->Illuminate\\Pipeline\\{closure}(Object(Illuminate\\Http\\Request))
#18 F:\\.My Projects\\Databse\\Attendance_Management_System\\vendor\\laravel\\framework\\src\\Illuminate\\Pipeline\\Pipeline.php(167): Illuminate\\Routing\\Middleware\\SubstituteBindings->handle(Object(Illuminate\\Http\\Request), Object(Closure))
#19 F:\\.My Projects\\Databse\\Attendance_Management_System\\vendor\\laravel\\framework\\src\\Illuminate\\Foundation\\Http\\Middleware\\VerifyCsrfToken.php(78): Illuminate\\Pipeline\\Pipeline->Illuminate\\Pipeline\\{closure}(Object(Illuminate\\Http\\Request))
#20 F:\\.My Projects\\Databse\\Attendance_Management_System\\vendor\\laravel\\framework\\src\\Illuminate\\Pipeline\\Pipeline.php(167): Illuminate\\Foundation\\Http\\Middleware\\VerifyCsrfToken->handle(Object(Illuminate\\Http\\Request), Object(Closure))
#21 F:\\.My Projects\\Databse\\Attendance_Management_System\\vendor\\laravel\\framework\\src\\Illuminate\\View\\Middleware\\ShareErrorsFromSession.php(49): Illuminate\\Pipeline\\Pipeline->Illuminate\\Pipeline\\{closure}(Object(Illuminate\\Http\\Request))
#22 F:\\.My Projects\\Databse\\Attendance_Management_System\\vendor\\laravel\\framework\\src\\Illuminate\\Pipeline\\Pipeline.php(167): Illuminate\\View\\Middleware\\ShareErrorsFromSession->handle(Object(Illuminate\\Http\\Request), Object(Closure))
#23 F:\\.My Projects\\Databse\\Attendance_Management_System\\vendor\\laravel\\framework\\src\\Illuminate\\Session\\Middleware\\StartSession.php(121): Illuminate\\Pipeline\\Pipeline->Illuminate\\Pipeline\\{closure}(Object(Illuminate\\Http\\Request))
#24 F:\\.My Projects\\Databse\\Attendance_Management_System\\vendor\\laravel\\framework\\src\\Illuminate\\Session\\Middleware\\StartSession.php(64): Illuminate\\Session\\Middleware\\StartSession->handleStatefulRequest(Object(Illuminate\\Http\\Request), Object(Illuminate\\Session\\Store), Object(Closure))
#25 F:\\.My Projects\\Databse\\Attendance_Management_System\\vendor\\laravel\\framework\\src\\Illuminate\\Pipeline\\Pipeline.php(167): Illuminate\\Session\\Middleware\\StartSession->handle(Object(Illuminate\\Http\\Request), Object(Closure))
#26 F:\\.My Projects\\Databse\\Attendance_Management_System\\vendor\\laravel\\framework\\src\\Illuminate\\Cookie\\Middleware\\AddQueuedCookiesToResponse.php(37): Illuminate\\Pipeline\\Pipeline->Illuminate\\Pipeline\\{closure}(Object(Illuminate\\Http\\Request))
#27 F:\\.My Projects\\Databse\\Attendance_Management_System\\vendor\\laravel\\framework\\src\\Illuminate\\Pipeline\\Pipeline.php(167): Illuminate\\Cookie\\Middleware\\AddQueuedCookiesToResponse->handle(Object(Illuminate\\Http\\Request), Object(Closure))
#28 F:\\.My Projects\\Databse\\Attendance_Management_System\\vendor\\laravel\\framework\\src\\Illuminate\\Cookie\\Middleware\\EncryptCookies.php(67): Illuminate\\Pipeline\\Pipeline->Illuminate\\Pipeline\\{closure}(Object(Illuminate\\Http\\Request))
#29 F:\\.My Projects\\Databse\\Attendance_Management_System\\vendor\\laravel\\framework\\src\\Illuminate\\Pipeline\\Pipeline.php(167): Illuminate\\Cookie\\Middleware\\EncryptCookies->handle(Object(Illuminate\\Http\\Request), Object(Closure))
#30 F:\\.My Projects\\Databse\\Attendance_Management_System\\vendor\\laravel\\framework\\src\\Illuminate\\Pipeline\\Pipeline.php(103): Illuminate\\Pipeline\\Pipeline->Illuminate\\Pipeline\\{closure}(Object(Illuminate\\Http\\Request))
#31 F:\\.My Projects\\Databse\\Attendance_Management_System\\vendor\\laravel\\framework\\src\\Illuminate\\Routing\\Router.php(719): Illuminate\\Pipeline\\Pipeline->then(Object(Closure))
#32 F:\\.My Projects\\Databse\\Attendance_Management_System\\vendor\\laravel\\framework\\src\\Illuminate\\Routing\\Router.php(698): Illuminate\\Routing\\Router->runRouteWithinStack(Object(Illuminate\\Routing\\Route), Object(Illuminate\\Http\\Request))
#33 F:\\.My Projects\\Databse\\Attendance_Management_System\\vendor\\laravel\\framework\\src\\Illuminate\\Routing\\Router.php(662): Illuminate\\Routing\\Router->runRoute(Object(Illuminate\\Http\\Request), Object(Illuminate\\Routing\\Route))
#34 F:\\.My Projects\\Databse\\Attendance_Management_System\\vendor\\laravel\\framework\\src\\Illuminate\\Routing\\Router.php(651): Illuminate\\Routing\\Router->dispatchToRoute(Object(Illuminate\\Http\\Request))
#35 F:\\.My Projects\\Databse\\Attendance_Management_System\\vendor\\laravel\\framework\\src\\Illuminate\\Foundation\\Http\\Kernel.php(167): Illuminate\\Routing\\Router->dispatch(Object(Illuminate\\Http\\Request))
#36 F:\\.My Projects\\Databse\\Attendance_Management_System\\vendor\\laravel\\framework\\src\\Illuminate\\Pipeline\\Pipeline.php(128): Illuminate\\Foundation\\Http\\Kernel->Illuminate\\Foundation\\Http\\{closure}(Object(Illuminate\\Http\\Request))
#37 F:\\.My Projects\\Databse\\Attendance_Management_System\\vendor\\laravel\\framework\\src\\Illuminate\\Foundation\\Http\\Middleware\\TransformsRequest.php(21): Illuminate\\Pipeline\\Pipeline->Illuminate\\Pipeline\\{closure}(Object(Illuminate\\Http\\Request))
#38 F:\\.My Projects\\Databse\\Attendance_Management_System\\vendor\\laravel\\framework\\src\\Illuminate\\Foundation\\Http\\Middleware\\ConvertEmptyStringsToNull.php(31): Illuminate\\Foundation\\Http\\Middleware\\TransformsRequest->handle(Object(Illuminate\\Http\\Request), Object(Closure))
#39 F:\\.My Projects\\Databse\\Attendance_Management_System\\vendor\\laravel\\framework\\src\\Illuminate\\Pipeline\\Pipeline.php(167): Illuminate\\Foundation\\Http\\Middleware\\ConvertEmptyStringsToNull->handle(Object(Illuminate\\Http\\Request), Object(Closure))
#40 F:\\.My Projects\\Databse\\Attendance_Management_System\\vendor\\laravel\\framework\\src\\Illuminate\\Foundation\\Http\\Middleware\\TransformsRequest.php(21): Illuminate\\Pipeline\\Pipeline->Illuminate\\Pipeline\\{closure}(Object(Illuminate\\Http\\Request))
#41 F:\\.My Projects\\Databse\\Attendance_Management_System\\vendor\\laravel\\framework\\src\\Illuminate\\Foundation\\Http\\Middleware\\TrimStrings.php(40): Illuminate\\Foundation\\Http\\Middleware\\TransformsRequest->handle(Object(Illuminate\\Http\\Request), Object(Closure))
#42 F:\\.My Projects\\Databse\\Attendance_Management_System\\vendor\\laravel\\framework\\src\\Illuminate\\Pipeline\\Pipeline.php(167): Illuminate\\Foundation\\Http\\Middleware\\TrimStrings->handle(Object(Illuminate\\Http\\Request), Object(Closure))
#43 F:\\.My Projects\\Databse\\Attendance_Management_System\\vendor\\laravel\\framework\\src\\Illuminate\\Foundation\\Http\\Middleware\\ValidatePostSize.php(27): Illuminate\\Pipeline\\Pipeline->Illuminate\\Pipeline\\{closure}(Object(Illuminate\\Http\\Request))
#44 F:\\.My Projects\\Databse\\Attendance_Management_System\\vendor\\laravel\\framework\\src\\Illuminate\\Pipeline\\Pipeline.php(167): Illuminate\\Foundation\\Http\\Middleware\\ValidatePostSize->handle(Object(Illuminate\\Http\\Request), Object(Closure))
#45 F:\\.My Projects\\Databse\\Attendance_Management_System\\vendor\\laravel\\framework\\src\\Illuminate\\Foundation\\Http\\Middleware\\PreventRequestsDuringMaintenance.php(86): Illuminate\\Pipeline\\Pipeline->Illuminate\\Pipeline\\{closure}(Object(Illuminate\\Http\\Request))
#46 F:\\.My Projects\\Databse\\Attendance_Management_System\\vendor\\laravel\\framework\\src\\Illuminate\\Pipeline\\Pipeline.php(167): Illuminate\\Foundation\\Http\\Middleware\\PreventRequestsDuringMaintenance->handle(Object(Illuminate\\Http\\Request), Object(Closure))
#47 F:\\.My Projects\\Databse\\Attendance_Management_System\\vendor\\fruitcake\\laravel-cors\\src\\HandleCors.php(38): Illuminate\\Pipeline\\Pipeline->Illuminate\\Pipeline\\{closure}(Object(Illuminate\\Http\\Request))
#48 F:\\.My Projects\\Databse\\Attendance_Management_System\\vendor\\laravel\\framework\\src\\Illuminate\\Pipeline\\Pipeline.php(167): Fruitcake\\Cors\\HandleCors->handle(Object(Illuminate\\Http\\Request), Object(Closure))
#49 F:\\.My Projects\\Databse\\Attendance_Management_System\\vendor\\laravel\\framework\\src\\Illuminate\\Http\\Middleware\\TrustProxies.php(39): Illuminate\\Pipeline\\Pipeline->Illuminate\\Pipeline\\{closure}(Object(Illuminate\\Http\\Request))
#50 F:\\.My Projects\\Databse\\Attendance_Management_System\\vendor\\laravel\\framework\\src\\Illuminate\\Pipeline\\Pipeline.php(167): Illuminate\\Http\\Middleware\\TrustProxies->handle(Object(Illuminate\\Http\\Request), Object(Closure))
#51 F:\\.My Projects\\Databse\\Attendance_Management_System\\vendor\\laravel\\framework\\src\\Illuminate\\Pipeline\\Pipeline.php(103): Illuminate\\Pipeline\\Pipeline->Illuminate\\Pipeline\\{closure}(Object(Illuminate\\Http\\Request))
#52 F:\\.My Projects\\Databse\\Attendance_Management_System\\vendor\\laravel\\framework\\src\\Illuminate\\Foundation\\Http\\Kernel.php(142): Illuminate\\Pipeline\\Pipeline->then(Object(Closure))
#53 F:\\.My Projects\\Databse\\Attendance_Management_System\\vendor\\laravel\\framework\\src\\Illuminate\\Foundation\\Http\\Kernel.php(111): Illuminate\\Foundation\\Http\\Kernel->sendRequestThroughRouter(Object(Illuminate\\Http\\Request))
#54 F:\\.My Projects\\Databse\\Attendance_Management_System\\public\\index.php(54): Illuminate\\Foundation\\Http\\Kernel->handle(Object(Illuminate\\Http\\Request))
#55 F:\\.My Projects\\Databse\\Attendance_Management_System\\server.php(21): require_once('F:\\\\.My Projects...')
#56 {main}

[previous exception] [object] (InvalidArgumentException(code: 0): View [layouts.app] not found. at F:\\.My Projects\\Databse\\Attendance_Management_System\\vendor\\laravel\\framework\\src\\Illuminate\\View\\FileViewFinder.php:137)
[stacktrace]
#0 F:\\.My Projects\\Databse\\Attendance_Management_System\\vendor\\laravel\\framework\\src\\Illuminate\\View\\FileViewFinder.php(79): Illuminate\\View\\FileViewFinder->findInPaths('layouts.app', Array)
#1 F:\\.My Projects\\Databse\\Attendance_Management_System\\vendor\\laravel\\framework\\src\\Illuminate\\View\\Factory.php(137): Illuminate\\View\\FileViewFinder->find('layouts.app')
#2 F:\\.My Projects\\Databse\\Attendance_Management_System\\storage\\framework\\views\\1f5f93e2d57159b8be9e60f946248c836725e606.php(49): Illuminate\\View\\Factory->make('layouts.app', Array)
#3 F:\\.My Projects\\Databse\\Attendance_Management_System\\vendor\\laravel\\framework\\src\\Illuminate\\Filesystem\\Filesystem.php(107): require('F:\\\\.My Projects...')
#4 F:\\.My Projects\\Databse\\Attendance_Management_System\\vendor\\laravel\\framework\\src\\Illuminate\\Filesystem\\Filesystem.php(108): Illuminate\\Filesystem\\Filesystem::Illuminate\\Filesystem\\{closure}()
#5 F:\\.My Projects\\Databse\\Attendance_Management_System\\vendor\\laravel\\framework\\src\\Illuminate\\View\\Engines\\PhpEngine.php(58): Illuminate\\Filesystem\\Filesystem->getRequire('F:\\\\.My Projects...', Array)
#6 F:\\.My Projects\\Databse\\Attendance_Management_System\\vendor\\laravel\\framework\\src\\Illuminate\\View\\Engines\\CompilerEngine.php(61): Illuminate\\View\\Engines\\PhpEngine->evaluatePath('F:\\\\.My Projects...', Array)
#7 F:\\.My Projects\\Databse\\Attendance_Management_System\\vendor\\facade\\ignition\\src\\Views\\Engines\\CompilerEngine.php(37): Illuminate\\View\\Engines\\CompilerEngine->get('F:\\\\.My Projects...', Array)
#8 F:\\.My Projects\\Databse\\Attendance_Management_System\\vendor\\laravel\\framework\\src\\Illuminate\\View\\View.php(139): Facade\\Ignition\\Views\\Engines\\CompilerEngine->get('F:\\\\.My Projects...', Array)
#9 F:\\.My Projects\\Databse\\Attendance_Management_System\\vendor\\laravel\\framework\\src\\Illuminate\\View\\View.php(122): Illuminate\\View\\View->getContents()
#10 F:\\.My Projects\\Databse\\Attendance_Management_System\\vendor\\laravel\\framework\\src\\Illuminate\\View\\View.php(91): Illuminate\\View\\View->renderContents()
#11 F:\\.My Projects\\Databse\\Attendance_Management_System\\vendor\\laravel\\framework\\src\\Illuminate\\Http\\Response.php(69): Illuminate\\View\\View->render()
#12 F:\\.My Projects\\Databse\\Attendance_Management_System\\vendor\\laravel\\framework\\src\\Illuminate\\Http\\Response.php(35): Illuminate\\Http\\Response->setContent(Object(Illuminate\\View\\View))
#13 F:\\.My Projects\\Databse\\Attendance_Management_System\\vendor\\laravel\\framework\\src\\Illuminate\\Routing\\Router.php(820): Illuminate\\Http\\Response->__construct(Object(Illuminate\\View\\View), 200, Array)
#14 F:\\.My Projects\\Databse\\Attendance_Management_System\\vendor\\laravel\\framework\\src\\Illuminate\\Routing\\Router.php(789): Illuminate\\Routing\\Router::toResponse(Object(Illuminate\\Http\\Request), Object(Illuminate\\View\\View))
#15 F:\\.My Projects\\Databse\\Attendance_Management_System\\vendor\\laravel\\framework\\src\\Illuminate\\Routing\\Router.php(720): Illuminate\\Routing\\Router->prepareResponse(Object(Illuminate\\Http\\Request), Object(Illuminate\\View\\View))
#16 F:\\.My Projects\\Databse\\Attendance_Management_System\\vendor\\laravel\\framework\\src\\Illuminate\\Pipeline\\Pipeline.php(128): Illuminate\\Routing\\Router->Illuminate\\Routing\\{closure}(Object(Illuminate\\Http\\Request))
#17 F:\\.My Projects\\Databse\\Attendance_Management_System\\vendor\\laravel\\framework\\src\\Illuminate\\Routing\\Middleware\\SubstituteBindings.php(50): Illuminate\\Pipeline\\Pipeline->Illuminate\\Pipeline\\{closure}(Object(Illuminate\\Http\\Request))
#18 F:\\.My Projects\\Databse\\Attendance_Management_System\\vendor\\laravel\\framework\\src\\Illuminate\\Pipeline\\Pipeline.php(167): Illuminate\\Routing\\Middleware\\SubstituteBindings->handle(Object(Illuminate\\Http\\Request), Object(Closure))
#19 F:\\.My Projects\\Databse\\Attendance_Management_System\\vendor\\laravel\\framework\\src\\Illuminate\\Foundation\\Http\\Middleware\\VerifyCsrfToken.php(78): Illuminate\\Pipeline\\Pipeline->Illuminate\\Pipeline\\{closure}(Object(Illuminate\\Http\\Request))
#20 F:\\.My Projects\\Databse\\Attendance_Management_System\\vendor\\laravel\\framework\\src\\Illuminate\\Pipeline\\Pipeline.php(167): Illuminate\\Foundation\\Http\\Middleware\\VerifyCsrfToken->handle(Object(Illuminate\\Http\\Request), Object(Closure))
#21 F:\\.My Projects\\Databse\\Attendance_Management_System\\vendor\\laravel\\framework\\src\\Illuminate\\View\\Middleware\\ShareErrorsFromSession.php(49): Illuminate\\Pipeline\\Pipeline->Illuminate\\Pipeline\\{closure}(Object(Illuminate\\Http\\Request))
#22 F:\\.My Projects\\Databse\\Attendance_Management_System\\vendor\\laravel\\framework\\src\\Illuminate\\Pipeline\\Pipeline.php(167): Illuminate\\View\\Middleware\\ShareErrorsFromSession->handle(Object(Illuminate\\Http\\Request), Object(Closure))
#23 F:\\.My Projects\\Databse\\Attendance_Management_System\\vendor\\laravel\\framework\\src\\Illuminate\\Session\\Middleware\\StartSession.php(121): Illuminate\\Pipeline\\Pipeline->Illuminate\\Pipeline\\{closure}(Object(Illuminate\\Http\\Request))
#24 F:\\.My Projects\\Databse\\Attendance_Management_System\\vendor\\laravel\\framework\\src\\Illuminate\\Session\\Middleware\\StartSession.php(64): Illuminate\\Session\\Middleware\\StartSession->handleStatefulRequest(Object(Illuminate\\Http\\Request), Object(Illuminate\\Session\\Store), Object(Closure))
#25 F:\\.My Projects\\Databse\\Attendance_Management_System\\vendor\\laravel\\framework\\src\\Illuminate\\Pipeline\\Pipeline.php(167): Illuminate\\Session\\Middleware\\StartSession->handle(Object(Illuminate\\Http\\Request), Object(Closure))
#26 F:\\.My Projects\\Databse\\Attendance_Management_System\\vendor\\laravel\\framework\\src\\Illuminate\\Cookie\\Middleware\\AddQueuedCookiesToResponse.php(37): Illuminate\\Pipeline\\Pipeline->Illuminate\\Pipeline\\{closure}(Object(Illuminate\\Http\\Request))
#27 F:\\.My Projects\\Databse\\Attendance_Management_System\\vendor\\laravel\\framework\\src\\Illuminate\\Pipeline\\Pipeline.php(167): Illuminate\\Cookie\\Middleware\\AddQueuedCookiesToResponse->handle(Object(Illuminate\\Http\\Request), Object(Closure))
#28 F:\\.My Projects\\Databse\\Attendance_Management_System\\vendor\\laravel\\framework\\src\\Illuminate\\Cookie\\Middleware\\EncryptCookies.php(67): Illuminate\\Pipeline\\Pipeline->Illuminate\\Pipeline\\{closure}(Object(Illuminate\\Http\\Request))
#29 F:\\.My Projects\\Databse\\Attendance_Management_System\\vendor\\laravel\\framework\\src\\Illuminate\\Pipeline\\Pipeline.php(167): Illuminate\\Cookie\\Middleware\\EncryptCookies->handle(Object(Illuminate\\Http\\Request), Object(Closure))
#30 F:\\.My Projects\\Databse\\Attendance_Management_System\\vendor\\laravel\\framework\\src\\Illuminate\\Pipeline\\Pipeline.php(103): Illuminate\\Pipeline\\Pipeline->Illuminate\\Pipeline\\{closure}(Object(Illuminate\\Http\\Request))
#31 F:\\.My Projects\\Databse\\Attendance_Management_System\\vendor\\laravel\\framework\\src\\Illuminate\\Routing\\Router.php(719): Illuminate\\Pipeline\\Pipeline->then(Object(Closure))
#32 F:\\.My Projects\\Databse\\Attendance_Management_System\\vendor\\laravel\\framework\\src\\Illuminate\\Routing\\Router.php(698): Illuminate\\Routing\\Router->runRouteWithinStack(Object(Illuminate\\Routing\\Route), Object(Illuminate\\Http\\Request))
#33 F:\\.My Projects\\Databse\\Attendance_Management_System\\vendor\\laravel\\framework\\src\\Illuminate\\Routing\\Router.php(662): Illuminate\\Routing\\Router->runRoute(Object(Illuminate\\Http\\Request), Object(Illuminate\\Routing\\Route))
#34 F:\\.My Projects\\Databse\\Attendance_Management_System\\vendor\\laravel\\framework\\src\\Illuminate\\Routing\\Router.php(651): Illuminate\\Routing\\Router->dispatchToRoute(Object(Illuminate\\Http\\Request))
#35 F:\\.My Projects\\Databse\\Attendance_Management_System\\vendor\\laravel\\framework\\src\\Illuminate\\Foundation\\Http\\Kernel.php(167): Illuminate\\Routing\\Router->dispatch(Object(Illuminate\\Http\\Request))
#36 F:\\.My Projects\\Databse\\Attendance_Management_System\\vendor\\laravel\\framework\\src\\Illuminate\\Pipeline\\Pipeline.php(128): Illuminate\\Foundation\\Http\\Kernel->Illuminate\\Foundation\\Http\\{closure}(Object(Illuminate\\Http\\Request))
#37 F:\\.My Projects\\Databse\\Attendance_Management_System\\vendor\\laravel\\framework\\src\\Illuminate\\Foundation\\Http\\Middleware\\TransformsRequest.php(21): Illuminate\\Pipeline\\Pipeline->Illuminate\\Pipeline\\{closure}(Object(Illuminate\\Http\\Request))
#38 F:\\.My Projects\\Databse\\Attendance_Management_System\\vendor\\laravel\\framework\\src\\Illuminate\\Foundation\\Http\\Middleware\\ConvertEmptyStringsToNull.php(31): Illuminate\\Foundation\\Http\\Middleware\\TransformsRequest->handle(Object(Illuminate\\Http\\Request), Object(Closure))
#39 F:\\.My Projects\\Databse\\Attendance_Management_System\\vendor\\laravel\\framework\\src\\Illuminate\\Pipeline\\Pipeline.php(167): Illuminate\\Foundation\\Http\\Middleware\\ConvertEmptyStringsToNull->handle(Object(Illuminate\\Http\\Request), Object(Closure))
#40 F:\\.My Projects\\Databse\\Attendance_Management_System\\vendor\\laravel\\framework\\src\\Illuminate\\Foundation\\Http\\Middleware\\TransformsRequest.php(21): Illuminate\\Pipeline\\Pipeline->Illuminate\\Pipeline\\{closure}(Object(Illuminate\\Http\\Request))
#41 F:\\.My Projects\\Databse\\Attendance_Management_System\\vendor\\laravel\\framework\\src\\Illuminate\\Foundation\\Http\\Middleware\\TrimStrings.php(40): Illuminate\\Foundation\\Http\\Middleware\\TransformsRequest->handle(Object(Illuminate\\Http\\Request), Object(Closure))
#42 F:\\.My Projects\\Databse\\Attendance_Management_System\\vendor\\laravel\\framework\\src\\Illuminate\\Pipeline\\Pipeline.php(167): Illuminate\\Foundation\\Http\\Middleware\\TrimStrings->handle(Object(Illuminate\\Http\\Request), Object(Closure))
#43 F:\\.My Projects\\Databse\\Attendance_Management_System\\vendor\\laravel\\framework\\src\\Illuminate\\Foundation\\Http\\Middleware\\ValidatePostSize.php(27): Illuminate\\Pipeline\\Pipeline->Illuminate\\Pipeline\\{closure}(Object(Illuminate\\Http\\Request))
#44 F:\\.My Projects\\Databse\\Attendance_Management_System\\vendor\\laravel\\framework\\src\\Illuminate\\Pipeline\\Pipeline.php(167): Illuminate\\Foundation\\Http\\Middleware\\ValidatePostSize->handle(Object(Illuminate\\Http\\Request), Object(Closure))
#45 F:\\.My Projects\\Databse\\Attendance_Management_System\\vendor\\laravel\\framework\\src\\Illuminate\\Foundation\\Http\\Middleware\\PreventRequestsDuringMaintenance.php(86): Illuminate\\Pipeline\\Pipeline->Illuminate\\Pipeline\\{closure}(Object(Illuminate\\Http\\Request))
#46 F:\\.My Projects\\Databse\\Attendance_Management_System\\vendor\\laravel\\framework\\src\\Illuminate\\Pipeline\\Pipeline.php(167): Illuminate\\Foundation\\Http\\Middleware\\PreventRequestsDuringMaintenance->handle(Object(Illuminate\\Http\\Request), Object(Closure))
#47 F:\\.My Projects\\Databse\\Attendance_Management_System\\vendor\\fruitcake\\laravel-cors\\src\\HandleCors.php(38): Illuminate\\Pipeline\\Pipeline->Illuminate\\Pipeline\\{closure}(Object(Illuminate\\Http\\Request))
#48 F:\\.My Projects\\Databse\\Attendance_Management_System\\vendor\\laravel\\framework\\src\\Illuminate\\Pipeline\\Pipeline.php(167): Fruitcake\\Cors\\HandleCors->handle(Object(Illuminate\\Http\\Request), Object(Closure))
#49 F:\\.My Projects\\Databse\\Attendance_Management_System\\vendor\\laravel\\framework\\src\\Illuminate\\Http\\Middleware\\TrustProxies.php(39): Illuminate\\Pipeline\\Pipeline->Illuminate\\Pipeline\\{closure}(Object(Illuminate\\Http\\Request))
#50 F:\\.My Projects\\Databse\\Attendance_Management_System\\vendor\\laravel\\framework\\src\\Illuminate\\Pipeline\\Pipeline.php(167): Illuminate\\Http\\Middleware\\TrustProxies->handle(Object(Illuminate\\Http\\Request), Object(Closure))
#51 F:\\.My Projects\\Databse\\Attendance_Management_System\\vendor\\laravel\\framework\\src\\Illuminate\\Pipeline\\Pipeline.php(103): Illuminate\\Pipeline\\Pipeline->Illuminate\\Pipeline\\{closure}(Object(Illuminate\\Http\\Request))
#52 F:\\.My Projects\\Databse\\Attendance_Management_System\\vendor\\laravel\\framework\\src\\Illuminate\\Foundation\\Http\\Kernel.php(142): Illuminate\\Pipeline\\Pipeline->then(Object(Closure))
#53 F:\\.My Projects\\Databse\\Attendance_Management_System\\vendor\\laravel\\framework\\src\\Illuminate\\Foundation\\Http\\Kernel.php(111): Illuminate\\Foundation\\Http\\Kernel->sendRequestThroughRouter(Object(Illuminate\\Http\\Request))
#54 F:\\.My Projects\\Databse\\Attendance_Management_System\\public\\index.php(54): Illuminate\\Foundation\\Http\\Kernel->handle(Object(Illuminate\\Http\\Request))
#55 F:\\.My Projects\\Databse\\Attendance_Management_System\\server.php(21): require_once('F:\\\\.My Projects...')
#56 {main}
"} 
[2025-05-01 13:26:53] local.ERROR: View [layouts.app] not found. (View: F:\.My Projects\Databse\Attendance_Management_System\resources\views\welcome.blade.php) {"view":{"view":"F:\\.My Projects\\Databse\\Attendance_Management_System\\vendor\\laravel\\framework\\src\\Illuminate\\View\\FileViewFinder.php","data":[]},"userId":1,"exception":"[object] (Facade\\Ignition\\Exceptions\\ViewException(code: 0): View [layouts.app] not found. (View: F:\\.My Projects\\Databse\\Attendance_Management_System\\resources\\views\\welcome.blade.php) at F:\\.My Projects\\Databse\\Attendance_Management_System\\vendor\\laravel\\framework\\src\\Illuminate\\View\\FileViewFinder.php:137)
[stacktrace]
#0 F:\\.My Projects\\Databse\\Attendance_Management_System\\vendor\\laravel\\framework\\src\\Illuminate\\View\\FileViewFinder.php(79): Illuminate\\View\\FileViewFinder->findInPaths('layouts.app', Array)
#1 F:\\.My Projects\\Databse\\Attendance_Management_System\\vendor\\laravel\\framework\\src\\Illuminate\\View\\Factory.php(137): Illuminate\\View\\FileViewFinder->find('layouts.app')
#2 F:\\.My Projects\\Databse\\Attendance_Management_System\\resources\\views/welcome.blade.php(49): Illuminate\\View\\Factory->make('layouts.app', Array)
#3 F:\\.My Projects\\Databse\\Attendance_Management_System\\vendor\\laravel\\framework\\src\\Illuminate\\Filesystem\\Filesystem.php(107): require('F:\\\\.My Projects...')
#4 F:\\.My Projects\\Databse\\Attendance_Management_System\\vendor\\laravel\\framework\\src\\Illuminate\\Filesystem\\Filesystem.php(108): Illuminate\\Filesystem\\Filesystem::Illuminate\\Filesystem\\{closure}()
#5 F:\\.My Projects\\Databse\\Attendance_Management_System\\vendor\\laravel\\framework\\src\\Illuminate\\View\\Engines\\PhpEngine.php(58): Illuminate\\Filesystem\\Filesystem->getRequire('F:\\\\.My Projects...', Array)
#6 F:\\.My Projects\\Databse\\Attendance_Management_System\\vendor\\laravel\\framework\\src\\Illuminate\\View\\Engines\\CompilerEngine.php(61): Illuminate\\View\\Engines\\PhpEngine->evaluatePath('F:\\\\.My Projects...', Array)
#7 F:\\.My Projects\\Databse\\Attendance_Management_System\\vendor\\facade\\ignition\\src\\Views\\Engines\\CompilerEngine.php(37): Illuminate\\View\\Engines\\CompilerEngine->get('F:\\\\.My Projects...', Array)
#8 F:\\.My Projects\\Databse\\Attendance_Management_System\\vendor\\laravel\\framework\\src\\Illuminate\\View\\View.php(139): Facade\\Ignition\\Views\\Engines\\CompilerEngine->get('F:\\\\.My Projects...', Array)
#9 F:\\.My Projects\\Databse\\Attendance_Management_System\\vendor\\laravel\\framework\\src\\Illuminate\\View\\View.php(122): Illuminate\\View\\View->getContents()
#10 F:\\.My Projects\\Databse\\Attendance_Management_System\\vendor\\laravel\\framework\\src\\Illuminate\\View\\View.php(91): Illuminate\\View\\View->renderContents()
#11 F:\\.My Projects\\Databse\\Attendance_Management_System\\vendor\\laravel\\framework\\src\\Illuminate\\Http\\Response.php(69): Illuminate\\View\\View->render()
#12 F:\\.My Projects\\Databse\\Attendance_Management_System\\vendor\\laravel\\framework\\src\\Illuminate\\Http\\Response.php(35): Illuminate\\Http\\Response->setContent(Object(Illuminate\\View\\View))
#13 F:\\.My Projects\\Databse\\Attendance_Management_System\\vendor\\laravel\\framework\\src\\Illuminate\\Routing\\Router.php(820): Illuminate\\Http\\Response->__construct(Object(Illuminate\\View\\View), 200, Array)
#14 F:\\.My Projects\\Databse\\Attendance_Management_System\\vendor\\laravel\\framework\\src\\Illuminate\\Routing\\Router.php(789): Illuminate\\Routing\\Router::toResponse(Object(Illuminate\\Http\\Request), Object(Illuminate\\View\\View))
#15 F:\\.My Projects\\Databse\\Attendance_Management_System\\vendor\\laravel\\framework\\src\\Illuminate\\Routing\\Router.php(720): Illuminate\\Routing\\Router->prepareResponse(Object(Illuminate\\Http\\Request), Object(Illuminate\\View\\View))
#16 F:\\.My Projects\\Databse\\Attendance_Management_System\\vendor\\laravel\\framework\\src\\Illuminate\\Pipeline\\Pipeline.php(128): Illuminate\\Routing\\Router->Illuminate\\Routing\\{closure}(Object(Illuminate\\Http\\Request))
#17 F:\\.My Projects\\Databse\\Attendance_Management_System\\vendor\\laravel\\framework\\src\\Illuminate\\Routing\\Middleware\\SubstituteBindings.php(50): Illuminate\\Pipeline\\Pipeline->Illuminate\\Pipeline\\{closure}(Object(Illuminate\\Http\\Request))
#18 F:\\.My Projects\\Databse\\Attendance_Management_System\\vendor\\laravel\\framework\\src\\Illuminate\\Pipeline\\Pipeline.php(167): Illuminate\\Routing\\Middleware\\SubstituteBindings->handle(Object(Illuminate\\Http\\Request), Object(Closure))
#19 F:\\.My Projects\\Databse\\Attendance_Management_System\\vendor\\laravel\\framework\\src\\Illuminate\\Foundation\\Http\\Middleware\\VerifyCsrfToken.php(78): Illuminate\\Pipeline\\Pipeline->Illuminate\\Pipeline\\{closure}(Object(Illuminate\\Http\\Request))
#20 F:\\.My Projects\\Databse\\Attendance_Management_System\\vendor\\laravel\\framework\\src\\Illuminate\\Pipeline\\Pipeline.php(167): Illuminate\\Foundation\\Http\\Middleware\\VerifyCsrfToken->handle(Object(Illuminate\\Http\\Request), Object(Closure))
#21 F:\\.My Projects\\Databse\\Attendance_Management_System\\vendor\\laravel\\framework\\src\\Illuminate\\View\\Middleware\\ShareErrorsFromSession.php(49): Illuminate\\Pipeline\\Pipeline->Illuminate\\Pipeline\\{closure}(Object(Illuminate\\Http\\Request))
#22 F:\\.My Projects\\Databse\\Attendance_Management_System\\vendor\\laravel\\framework\\src\\Illuminate\\Pipeline\\Pipeline.php(167): Illuminate\\View\\Middleware\\ShareErrorsFromSession->handle(Object(Illuminate\\Http\\Request), Object(Closure))
#23 F:\\.My Projects\\Databse\\Attendance_Management_System\\vendor\\laravel\\framework\\src\\Illuminate\\Session\\Middleware\\StartSession.php(121): Illuminate\\Pipeline\\Pipeline->Illuminate\\Pipeline\\{closure}(Object(Illuminate\\Http\\Request))
#24 F:\\.My Projects\\Databse\\Attendance_Management_System\\vendor\\laravel\\framework\\src\\Illuminate\\Session\\Middleware\\StartSession.php(64): Illuminate\\Session\\Middleware\\StartSession->handleStatefulRequest(Object(Illuminate\\Http\\Request), Object(Illuminate\\Session\\Store), Object(Closure))
#25 F:\\.My Projects\\Databse\\Attendance_Management_System\\vendor\\laravel\\framework\\src\\Illuminate\\Pipeline\\Pipeline.php(167): Illuminate\\Session\\Middleware\\StartSession->handle(Object(Illuminate\\Http\\Request), Object(Closure))
#26 F:\\.My Projects\\Databse\\Attendance_Management_System\\vendor\\laravel\\framework\\src\\Illuminate\\Cookie\\Middleware\\AddQueuedCookiesToResponse.php(37): Illuminate\\Pipeline\\Pipeline->Illuminate\\Pipeline\\{closure}(Object(Illuminate\\Http\\Request))
#27 F:\\.My Projects\\Databse\\Attendance_Management_System\\vendor\\laravel\\framework\\src\\Illuminate\\Pipeline\\Pipeline.php(167): Illuminate\\Cookie\\Middleware\\AddQueuedCookiesToResponse->handle(Object(Illuminate\\Http\\Request), Object(Closure))
#28 F:\\.My Projects\\Databse\\Attendance_Management_System\\vendor\\laravel\\framework\\src\\Illuminate\\Cookie\\Middleware\\EncryptCookies.php(67): Illuminate\\Pipeline\\Pipeline->Illuminate\\Pipeline\\{closure}(Object(Illuminate\\Http\\Request))
#29 F:\\.My Projects\\Databse\\Attendance_Management_System\\vendor\\laravel\\framework\\src\\Illuminate\\Pipeline\\Pipeline.php(167): Illuminate\\Cookie\\Middleware\\EncryptCookies->handle(Object(Illuminate\\Http\\Request), Object(Closure))
#30 F:\\.My Projects\\Databse\\Attendance_Management_System\\vendor\\laravel\\framework\\src\\Illuminate\\Pipeline\\Pipeline.php(103): Illuminate\\Pipeline\\Pipeline->Illuminate\\Pipeline\\{closure}(Object(Illuminate\\Http\\Request))
#31 F:\\.My Projects\\Databse\\Attendance_Management_System\\vendor\\laravel\\framework\\src\\Illuminate\\Routing\\Router.php(719): Illuminate\\Pipeline\\Pipeline->then(Object(Closure))
#32 F:\\.My Projects\\Databse\\Attendance_Management_System\\vendor\\laravel\\framework\\src\\Illuminate\\Routing\\Router.php(698): Illuminate\\Routing\\Router->runRouteWithinStack(Object(Illuminate\\Routing\\Route), Object(Illuminate\\Http\\Request))
#33 F:\\.My Projects\\Databse\\Attendance_Management_System\\vendor\\laravel\\framework\\src\\Illuminate\\Routing\\Router.php(662): Illuminate\\Routing\\Router->runRoute(Object(Illuminate\\Http\\Request), Object(Illuminate\\Routing\\Route))
#34 F:\\.My Projects\\Databse\\Attendance_Management_System\\vendor\\laravel\\framework\\src\\Illuminate\\Routing\\Router.php(651): Illuminate\\Routing\\Router->dispatchToRoute(Object(Illuminate\\Http\\Request))
#35 F:\\.My Projects\\Databse\\Attendance_Management_System\\vendor\\laravel\\framework\\src\\Illuminate\\Foundation\\Http\\Kernel.php(167): Illuminate\\Routing\\Router->dispatch(Object(Illuminate\\Http\\Request))
#36 F:\\.My Projects\\Databse\\Attendance_Management_System\\vendor\\laravel\\framework\\src\\Illuminate\\Pipeline\\Pipeline.php(128): Illuminate\\Foundation\\Http\\Kernel->Illuminate\\Foundation\\Http\\{closure}(Object(Illuminate\\Http\\Request))
#37 F:\\.My Projects\\Databse\\Attendance_Management_System\\vendor\\laravel\\framework\\src\\Illuminate\\Foundation\\Http\\Middleware\\TransformsRequest.php(21): Illuminate\\Pipeline\\Pipeline->Illuminate\\Pipeline\\{closure}(Object(Illuminate\\Http\\Request))
#38 F:\\.My Projects\\Databse\\Attendance_Management_System\\vendor\\laravel\\framework\\src\\Illuminate\\Foundation\\Http\\Middleware\\ConvertEmptyStringsToNull.php(31): Illuminate\\Foundation\\Http\\Middleware\\TransformsRequest->handle(Object(Illuminate\\Http\\Request), Object(Closure))
#39 F:\\.My Projects\\Databse\\Attendance_Management_System\\vendor\\laravel\\framework\\src\\Illuminate\\Pipeline\\Pipeline.php(167): Illuminate\\Foundation\\Http\\Middleware\\ConvertEmptyStringsToNull->handle(Object(Illuminate\\Http\\Request), Object(Closure))
#40 F:\\.My Projects\\Databse\\Attendance_Management_System\\vendor\\laravel\\framework\\src\\Illuminate\\Foundation\\Http\\Middleware\\TransformsRequest.php(21): Illuminate\\Pipeline\\Pipeline->Illuminate\\Pipeline\\{closure}(Object(Illuminate\\Http\\Request))
#41 F:\\.My Projects\\Databse\\Attendance_Management_System\\vendor\\laravel\\framework\\src\\Illuminate\\Foundation\\Http\\Middleware\\TrimStrings.php(40): Illuminate\\Foundation\\Http\\Middleware\\TransformsRequest->handle(Object(Illuminate\\Http\\Request), Object(Closure))
#42 F:\\.My Projects\\Databse\\Attendance_Management_System\\vendor\\laravel\\framework\\src\\Illuminate\\Pipeline\\Pipeline.php(167): Illuminate\\Foundation\\Http\\Middleware\\TrimStrings->handle(Object(Illuminate\\Http\\Request), Object(Closure))
#43 F:\\.My Projects\\Databse\\Attendance_Management_System\\vendor\\laravel\\framework\\src\\Illuminate\\Foundation\\Http\\Middleware\\ValidatePostSize.php(27): Illuminate\\Pipeline\\Pipeline->Illuminate\\Pipeline\\{closure}(Object(Illuminate\\Http\\Request))
#44 F:\\.My Projects\\Databse\\Attendance_Management_System\\vendor\\laravel\\framework\\src\\Illuminate\\Pipeline\\Pipeline.php(167): Illuminate\\Foundation\\Http\\Middleware\\ValidatePostSize->handle(Object(Illuminate\\Http\\Request), Object(Closure))
#45 F:\\.My Projects\\Databse\\Attendance_Management_System\\vendor\\laravel\\framework\\src\\Illuminate\\Foundation\\Http\\Middleware\\PreventRequestsDuringMaintenance.php(86): Illuminate\\Pipeline\\Pipeline->Illuminate\\Pipeline\\{closure}(Object(Illuminate\\Http\\Request))
#46 F:\\.My Projects\\Databse\\Attendance_Management_System\\vendor\\laravel\\framework\\src\\Illuminate\\Pipeline\\Pipeline.php(167): Illuminate\\Foundation\\Http\\Middleware\\PreventRequestsDuringMaintenance->handle(Object(Illuminate\\Http\\Request), Object(Closure))
#47 F:\\.My Projects\\Databse\\Attendance_Management_System\\vendor\\fruitcake\\laravel-cors\\src\\HandleCors.php(38): Illuminate\\Pipeline\\Pipeline->Illuminate\\Pipeline\\{closure}(Object(Illuminate\\Http\\Request))
#48 F:\\.My Projects\\Databse\\Attendance_Management_System\\vendor\\laravel\\framework\\src\\Illuminate\\Pipeline\\Pipeline.php(167): Fruitcake\\Cors\\HandleCors->handle(Object(Illuminate\\Http\\Request), Object(Closure))
#49 F:\\.My Projects\\Databse\\Attendance_Management_System\\vendor\\laravel\\framework\\src\\Illuminate\\Http\\Middleware\\TrustProxies.php(39): Illuminate\\Pipeline\\Pipeline->Illuminate\\Pipeline\\{closure}(Object(Illuminate\\Http\\Request))
#50 F:\\.My Projects\\Databse\\Attendance_Management_System\\vendor\\laravel\\framework\\src\\Illuminate\\Pipeline\\Pipeline.php(167): Illuminate\\Http\\Middleware\\TrustProxies->handle(Object(Illuminate\\Http\\Request), Object(Closure))
#51 F:\\.My Projects\\Databse\\Attendance_Management_System\\vendor\\laravel\\framework\\src\\Illuminate\\Pipeline\\Pipeline.php(103): Illuminate\\Pipeline\\Pipeline->Illuminate\\Pipeline\\{closure}(Object(Illuminate\\Http\\Request))
#52 F:\\.My Projects\\Databse\\Attendance_Management_System\\vendor\\laravel\\framework\\src\\Illuminate\\Foundation\\Http\\Kernel.php(142): Illuminate\\Pipeline\\Pipeline->then(Object(Closure))
#53 F:\\.My Projects\\Databse\\Attendance_Management_System\\vendor\\laravel\\framework\\src\\Illuminate\\Foundation\\Http\\Kernel.php(111): Illuminate\\Foundation\\Http\\Kernel->sendRequestThroughRouter(Object(Illuminate\\Http\\Request))
#54 F:\\.My Projects\\Databse\\Attendance_Management_System\\public\\index.php(54): Illuminate\\Foundation\\Http\\Kernel->handle(Object(Illuminate\\Http\\Request))
#55 F:\\.My Projects\\Databse\\Attendance_Management_System\\server.php(21): require_once('F:\\\\.My Projects...')
#56 {main}

[previous exception] [object] (InvalidArgumentException(code: 0): View [layouts.app] not found. at F:\\.My Projects\\Databse\\Attendance_Management_System\\vendor\\laravel\\framework\\src\\Illuminate\\View\\FileViewFinder.php:137)
[stacktrace]
#0 F:\\.My Projects\\Databse\\Attendance_Management_System\\vendor\\laravel\\framework\\src\\Illuminate\\View\\FileViewFinder.php(79): Illuminate\\View\\FileViewFinder->findInPaths('layouts.app', Array)
#1 F:\\.My Projects\\Databse\\Attendance_Management_System\\vendor\\laravel\\framework\\src\\Illuminate\\View\\Factory.php(137): Illuminate\\View\\FileViewFinder->find('layouts.app')
#2 F:\\.My Projects\\Databse\\Attendance_Management_System\\storage\\framework\\views\\1f5f93e2d57159b8be9e60f946248c836725e606.php(49): Illuminate\\View\\Factory->make('layouts.app', Array)
#3 F:\\.My Projects\\Databse\\Attendance_Management_System\\vendor\\laravel\\framework\\src\\Illuminate\\Filesystem\\Filesystem.php(107): require('F:\\\\.My Projects...')
#4 F:\\.My Projects\\Databse\\Attendance_Management_System\\vendor\\laravel\\framework\\src\\Illuminate\\Filesystem\\Filesystem.php(108): Illuminate\\Filesystem\\Filesystem::Illuminate\\Filesystem\\{closure}()
#5 F:\\.My Projects\\Databse\\Attendance_Management_System\\vendor\\laravel\\framework\\src\\Illuminate\\View\\Engines\\PhpEngine.php(58): Illuminate\\Filesystem\\Filesystem->getRequire('F:\\\\.My Projects...', Array)
#6 F:\\.My Projects\\Databse\\Attendance_Management_System\\vendor\\laravel\\framework\\src\\Illuminate\\View\\Engines\\CompilerEngine.php(61): Illuminate\\View\\Engines\\PhpEngine->evaluatePath('F:\\\\.My Projects...', Array)
#7 F:\\.My Projects\\Databse\\Attendance_Management_System\\vendor\\facade\\ignition\\src\\Views\\Engines\\CompilerEngine.php(37): Illuminate\\View\\Engines\\CompilerEngine->get('F:\\\\.My Projects...', Array)
#8 F:\\.My Projects\\Databse\\Attendance_Management_System\\vendor\\laravel\\framework\\src\\Illuminate\\View\\View.php(139): Facade\\Ignition\\Views\\Engines\\CompilerEngine->get('F:\\\\.My Projects...', Array)
#9 F:\\.My Projects\\Databse\\Attendance_Management_System\\vendor\\laravel\\framework\\src\\Illuminate\\View\\View.php(122): Illuminate\\View\\View->getContents()
#10 F:\\.My Projects\\Databse\\Attendance_Management_System\\vendor\\laravel\\framework\\src\\Illuminate\\View\\View.php(91): Illuminate\\View\\View->renderContents()
#11 F:\\.My Projects\\Databse\\Attendance_Management_System\\vendor\\laravel\\framework\\src\\Illuminate\\Http\\Response.php(69): Illuminate\\View\\View->render()
#12 F:\\.My Projects\\Databse\\Attendance_Management_System\\vendor\\laravel\\framework\\src\\Illuminate\\Http\\Response.php(35): Illuminate\\Http\\Response->setContent(Object(Illuminate\\View\\View))
#13 F:\\.My Projects\\Databse\\Attendance_Management_System\\vendor\\laravel\\framework\\src\\Illuminate\\Routing\\Router.php(820): Illuminate\\Http\\Response->__construct(Object(Illuminate\\View\\View), 200, Array)
#14 F:\\.My Projects\\Databse\\Attendance_Management_System\\vendor\\laravel\\framework\\src\\Illuminate\\Routing\\Router.php(789): Illuminate\\Routing\\Router::toResponse(Object(Illuminate\\Http\\Request), Object(Illuminate\\View\\View))
#15 F:\\.My Projects\\Databse\\Attendance_Management_System\\vendor\\laravel\\framework\\src\\Illuminate\\Routing\\Router.php(720): Illuminate\\Routing\\Router->prepareResponse(Object(Illuminate\\Http\\Request), Object(Illuminate\\View\\View))
#16 F:\\.My Projects\\Databse\\Attendance_Management_System\\vendor\\laravel\\framework\\src\\Illuminate\\Pipeline\\Pipeline.php(128): Illuminate\\Routing\\Router->Illuminate\\Routing\\{closure}(Object(Illuminate\\Http\\Request))
#17 F:\\.My Projects\\Databse\\Attendance_Management_System\\vendor\\laravel\\framework\\src\\Illuminate\\Routing\\Middleware\\SubstituteBindings.php(50): Illuminate\\Pipeline\\Pipeline->Illuminate\\Pipeline\\{closure}(Object(Illuminate\\Http\\Request))
#18 F:\\.My Projects\\Databse\\Attendance_Management_System\\vendor\\laravel\\framework\\src\\Illuminate\\Pipeline\\Pipeline.php(167): Illuminate\\Routing\\Middleware\\SubstituteBindings->handle(Object(Illuminate\\Http\\Request), Object(Closure))
#19 F:\\.My Projects\\Databse\\Attendance_Management_System\\vendor\\laravel\\framework\\src\\Illuminate\\Foundation\\Http\\Middleware\\VerifyCsrfToken.php(78): Illuminate\\Pipeline\\Pipeline->Illuminate\\Pipeline\\{closure}(Object(Illuminate\\Http\\Request))
#20 F:\\.My Projects\\Databse\\Attendance_Management_System\\vendor\\laravel\\framework\\src\\Illuminate\\Pipeline\\Pipeline.php(167): Illuminate\\Foundation\\Http\\Middleware\\VerifyCsrfToken->handle(Object(Illuminate\\Http\\Request), Object(Closure))
#21 F:\\.My Projects\\Databse\\Attendance_Management_System\\vendor\\laravel\\framework\\src\\Illuminate\\View\\Middleware\\ShareErrorsFromSession.php(49): Illuminate\\Pipeline\\Pipeline->Illuminate\\Pipeline\\{closure}(Object(Illuminate\\Http\\Request))
#22 F:\\.My Projects\\Databse\\Attendance_Management_System\\vendor\\laravel\\framework\\src\\Illuminate\\Pipeline\\Pipeline.php(167): Illuminate\\View\\Middleware\\ShareErrorsFromSession->handle(Object(Illuminate\\Http\\Request), Object(Closure))
#23 F:\\.My Projects\\Databse\\Attendance_Management_System\\vendor\\laravel\\framework\\src\\Illuminate\\Session\\Middleware\\StartSession.php(121): Illuminate\\Pipeline\\Pipeline->Illuminate\\Pipeline\\{closure}(Object(Illuminate\\Http\\Request))
#24 F:\\.My Projects\\Databse\\Attendance_Management_System\\vendor\\laravel\\framework\\src\\Illuminate\\Session\\Middleware\\StartSession.php(64): Illuminate\\Session\\Middleware\\StartSession->handleStatefulRequest(Object(Illuminate\\Http\\Request), Object(Illuminate\\Session\\Store), Object(Closure))
#25 F:\\.My Projects\\Databse\\Attendance_Management_System\\vendor\\laravel\\framework\\src\\Illuminate\\Pipeline\\Pipeline.php(167): Illuminate\\Session\\Middleware\\StartSession->handle(Object(Illuminate\\Http\\Request), Object(Closure))
#26 F:\\.My Projects\\Databse\\Attendance_Management_System\\vendor\\laravel\\framework\\src\\Illuminate\\Cookie\\Middleware\\AddQueuedCookiesToResponse.php(37): Illuminate\\Pipeline\\Pipeline->Illuminate\\Pipeline\\{closure}(Object(Illuminate\\Http\\Request))
#27 F:\\.My Projects\\Databse\\Attendance_Management_System\\vendor\\laravel\\framework\\src\\Illuminate\\Pipeline\\Pipeline.php(167): Illuminate\\Cookie\\Middleware\\AddQueuedCookiesToResponse->handle(Object(Illuminate\\Http\\Request), Object(Closure))
#28 F:\\.My Projects\\Databse\\Attendance_Management_System\\vendor\\laravel\\framework\\src\\Illuminate\\Cookie\\Middleware\\EncryptCookies.php(67): Illuminate\\Pipeline\\Pipeline->Illuminate\\Pipeline\\{closure}(Object(Illuminate\\Http\\Request))
#29 F:\\.My Projects\\Databse\\Attendance_Management_System\\vendor\\laravel\\framework\\src\\Illuminate\\Pipeline\\Pipeline.php(167): Illuminate\\Cookie\\Middleware\\EncryptCookies->handle(Object(Illuminate\\Http\\Request), Object(Closure))
#30 F:\\.My Projects\\Databse\\Attendance_Management_System\\vendor\\laravel\\framework\\src\\Illuminate\\Pipeline\\Pipeline.php(103): Illuminate\\Pipeline\\Pipeline->Illuminate\\Pipeline\\{closure}(Object(Illuminate\\Http\\Request))
#31 F:\\.My Projects\\Databse\\Attendance_Management_System\\vendor\\laravel\\framework\\src\\Illuminate\\Routing\\Router.php(719): Illuminate\\Pipeline\\Pipeline->then(Object(Closure))
#32 F:\\.My Projects\\Databse\\Attendance_Management_System\\vendor\\laravel\\framework\\src\\Illuminate\\Routing\\Router.php(698): Illuminate\\Routing\\Router->runRouteWithinStack(Object(Illuminate\\Routing\\Route), Object(Illuminate\\Http\\Request))
#33 F:\\.My Projects\\Databse\\Attendance_Management_System\\vendor\\laravel\\framework\\src\\Illuminate\\Routing\\Router.php(662): Illuminate\\Routing\\Router->runRoute(Object(Illuminate\\Http\\Request), Object(Illuminate\\Routing\\Route))
#34 F:\\.My Projects\\Databse\\Attendance_Management_System\\vendor\\laravel\\framework\\src\\Illuminate\\Routing\\Router.php(651): Illuminate\\Routing\\Router->dispatchToRoute(Object(Illuminate\\Http\\Request))
#35 F:\\.My Projects\\Databse\\Attendance_Management_System\\vendor\\laravel\\framework\\src\\Illuminate\\Foundation\\Http\\Kernel.php(167): Illuminate\\Routing\\Router->dispatch(Object(Illuminate\\Http\\Request))
#36 F:\\.My Projects\\Databse\\Attendance_Management_System\\vendor\\laravel\\framework\\src\\Illuminate\\Pipeline\\Pipeline.php(128): Illuminate\\Foundation\\Http\\Kernel->Illuminate\\Foundation\\Http\\{closure}(Object(Illuminate\\Http\\Request))
#37 F:\\.My Projects\\Databse\\Attendance_Management_System\\vendor\\laravel\\framework\\src\\Illuminate\\Foundation\\Http\\Middleware\\TransformsRequest.php(21): Illuminate\\Pipeline\\Pipeline->Illuminate\\Pipeline\\{closure}(Object(Illuminate\\Http\\Request))
#38 F:\\.My Projects\\Databse\\Attendance_Management_System\\vendor\\laravel\\framework\\src\\Illuminate\\Foundation\\Http\\Middleware\\ConvertEmptyStringsToNull.php(31): Illuminate\\Foundation\\Http\\Middleware\\TransformsRequest->handle(Object(Illuminate\\Http\\Request), Object(Closure))
#39 F:\\.My Projects\\Databse\\Attendance_Management_System\\vendor\\laravel\\framework\\src\\Illuminate\\Pipeline\\Pipeline.php(167): Illuminate\\Foundation\\Http\\Middleware\\ConvertEmptyStringsToNull->handle(Object(Illuminate\\Http\\Request), Object(Closure))
#40 F:\\.My Projects\\Databse\\Attendance_Management_System\\vendor\\laravel\\framework\\src\\Illuminate\\Foundation\\Http\\Middleware\\TransformsRequest.php(21): Illuminate\\Pipeline\\Pipeline->Illuminate\\Pipeline\\{closure}(Object(Illuminate\\Http\\Request))
#41 F:\\.My Projects\\Databse\\Attendance_Management_System\\vendor\\laravel\\framework\\src\\Illuminate\\Foundation\\Http\\Middleware\\TrimStrings.php(40): Illuminate\\Foundation\\Http\\Middleware\\TransformsRequest->handle(Object(Illuminate\\Http\\Request), Object(Closure))
#42 F:\\.My Projects\\Databse\\Attendance_Management_System\\vendor\\laravel\\framework\\src\\Illuminate\\Pipeline\\Pipeline.php(167): Illuminate\\Foundation\\Http\\Middleware\\TrimStrings->handle(Object(Illuminate\\Http\\Request), Object(Closure))
#43 F:\\.My Projects\\Databse\\Attendance_Management_System\\vendor\\laravel\\framework\\src\\Illuminate\\Foundation\\Http\\Middleware\\ValidatePostSize.php(27): Illuminate\\Pipeline\\Pipeline->Illuminate\\Pipeline\\{closure}(Object(Illuminate\\Http\\Request))
#44 F:\\.My Projects\\Databse\\Attendance_Management_System\\vendor\\laravel\\framework\\src\\Illuminate\\Pipeline\\Pipeline.php(167): Illuminate\\Foundation\\Http\\Middleware\\ValidatePostSize->handle(Object(Illuminate\\Http\\Request), Object(Closure))
#45 F:\\.My Projects\\Databse\\Attendance_Management_System\\vendor\\laravel\\framework\\src\\Illuminate\\Foundation\\Http\\Middleware\\PreventRequestsDuringMaintenance.php(86): Illuminate\\Pipeline\\Pipeline->Illuminate\\Pipeline\\{closure}(Object(Illuminate\\Http\\Request))
#46 F:\\.My Projects\\Databse\\Attendance_Management_System\\vendor\\laravel\\framework\\src\\Illuminate\\Pipeline\\Pipeline.php(167): Illuminate\\Foundation\\Http\\Middleware\\PreventRequestsDuringMaintenance->handle(Object(Illuminate\\Http\\Request), Object(Closure))
#47 F:\\.My Projects\\Databse\\Attendance_Management_System\\vendor\\fruitcake\\laravel-cors\\src\\HandleCors.php(38): Illuminate\\Pipeline\\Pipeline->Illuminate\\Pipeline\\{closure}(Object(Illuminate\\Http\\Request))
#48 F:\\.My Projects\\Databse\\Attendance_Management_System\\vendor\\laravel\\framework\\src\\Illuminate\\Pipeline\\Pipeline.php(167): Fruitcake\\Cors\\HandleCors->handle(Object(Illuminate\\Http\\Request), Object(Closure))
#49 F:\\.My Projects\\Databse\\Attendance_Management_System\\vendor\\laravel\\framework\\src\\Illuminate\\Http\\Middleware\\TrustProxies.php(39): Illuminate\\Pipeline\\Pipeline->Illuminate\\Pipeline\\{closure}(Object(Illuminate\\Http\\Request))
#50 F:\\.My Projects\\Databse\\Attendance_Management_System\\vendor\\laravel\\framework\\src\\Illuminate\\Pipeline\\Pipeline.php(167): Illuminate\\Http\\Middleware\\TrustProxies->handle(Object(Illuminate\\Http\\Request), Object(Closure))
#51 F:\\.My Projects\\Databse\\Attendance_Management_System\\vendor\\laravel\\framework\\src\\Illuminate\\Pipeline\\Pipeline.php(103): Illuminate\\Pipeline\\Pipeline->Illuminate\\Pipeline\\{closure}(Object(Illuminate\\Http\\Request))
#52 F:\\.My Projects\\Databse\\Attendance_Management_System\\vendor\\laravel\\framework\\src\\Illuminate\\Foundation\\Http\\Kernel.php(142): Illuminate\\Pipeline\\Pipeline->then(Object(Closure))
#53 F:\\.My Projects\\Databse\\Attendance_Management_System\\vendor\\laravel\\framework\\src\\Illuminate\\Foundation\\Http\\Kernel.php(111): Illuminate\\Foundation\\Http\\Kernel->sendRequestThroughRouter(Object(Illuminate\\Http\\Request))
#54 F:\\.My Projects\\Databse\\Attendance_Management_System\\public\\index.php(54): Illuminate\\Foundation\\Http\\Kernel->handle(Object(Illuminate\\Http\\Request))
#55 F:\\.My Projects\\Databse\\Attendance_Management_System\\server.php(21): require_once('F:\\\\.My Projects...')
#56 {main}
"} 
[2025-05-01 13:29:20] local.ERROR: Cannot end a section without first starting one. (View: F:\.My Projects\Databse\Attendance_Management_System\resources\views\welcome.blade.php) {"view":{"view":"F:\\.My Projects\\Databse\\Attendance_Management_System\\vendor\\laravel\\framework\\src\\Illuminate\\View\\Concerns\\ManagesLayouts.php","data":[]},"userId":1,"exception":"[object] (Facade\\Ignition\\Exceptions\\ViewException(code: 0): Cannot end a section without first starting one. (View: F:\\.My Projects\\Databse\\Attendance_Management_System\\resources\\views\\welcome.blade.php) at F:\\.My Projects\\Databse\\Attendance_Management_System\\vendor\\laravel\\framework\\src\\Illuminate\\View\\Concerns\\ManagesLayouts.php:94)
[stacktrace]
#0 F:\\.My Projects\\Databse\\Attendance_Management_System\\resources\\views/welcome.blade.php(63): Illuminate\\View\\Factory->stopSection()
#1 F:\\.My Projects\\Databse\\Attendance_Management_System\\vendor\\laravel\\framework\\src\\Illuminate\\Filesystem\\Filesystem.php(107): require('F:\\\\.My Projects...')
#2 F:\\.My Projects\\Databse\\Attendance_Management_System\\vendor\\laravel\\framework\\src\\Illuminate\\Filesystem\\Filesystem.php(108): Illuminate\\Filesystem\\Filesystem::Illuminate\\Filesystem\\{closure}()
#3 F:\\.My Projects\\Databse\\Attendance_Management_System\\vendor\\laravel\\framework\\src\\Illuminate\\View\\Engines\\PhpEngine.php(58): Illuminate\\Filesystem\\Filesystem->getRequire('F:\\\\.My Projects...', Array)
#4 F:\\.My Projects\\Databse\\Attendance_Management_System\\vendor\\laravel\\framework\\src\\Illuminate\\View\\Engines\\CompilerEngine.php(61): Illuminate\\View\\Engines\\PhpEngine->evaluatePath('F:\\\\.My Projects...', Array)
#5 F:\\.My Projects\\Databse\\Attendance_Management_System\\vendor\\facade\\ignition\\src\\Views\\Engines\\CompilerEngine.php(37): Illuminate\\View\\Engines\\CompilerEngine->get('F:\\\\.My Projects...', Array)
#6 F:\\.My Projects\\Databse\\Attendance_Management_System\\vendor\\laravel\\framework\\src\\Illuminate\\View\\View.php(139): Facade\\Ignition\\Views\\Engines\\CompilerEngine->get('F:\\\\.My Projects...', Array)
#7 F:\\.My Projects\\Databse\\Attendance_Management_System\\vendor\\laravel\\framework\\src\\Illuminate\\View\\View.php(122): Illuminate\\View\\View->getContents()
#8 F:\\.My Projects\\Databse\\Attendance_Management_System\\vendor\\laravel\\framework\\src\\Illuminate\\View\\View.php(91): Illuminate\\View\\View->renderContents()
#9 F:\\.My Projects\\Databse\\Attendance_Management_System\\vendor\\laravel\\framework\\src\\Illuminate\\Http\\Response.php(69): Illuminate\\View\\View->render()
#10 F:\\.My Projects\\Databse\\Attendance_Management_System\\vendor\\laravel\\framework\\src\\Illuminate\\Http\\Response.php(35): Illuminate\\Http\\Response->setContent(Object(Illuminate\\View\\View))
#11 F:\\.My Projects\\Databse\\Attendance_Management_System\\vendor\\laravel\\framework\\src\\Illuminate\\Routing\\Router.php(820): Illuminate\\Http\\Response->__construct(Object(Illuminate\\View\\View), 200, Array)
#12 F:\\.My Projects\\Databse\\Attendance_Management_System\\vendor\\laravel\\framework\\src\\Illuminate\\Routing\\Router.php(789): Illuminate\\Routing\\Router::toResponse(Object(Illuminate\\Http\\Request), Object(Illuminate\\View\\View))
#13 F:\\.My Projects\\Databse\\Attendance_Management_System\\vendor\\laravel\\framework\\src\\Illuminate\\Routing\\Router.php(720): Illuminate\\Routing\\Router->prepareResponse(Object(Illuminate\\Http\\Request), Object(Illuminate\\View\\View))
#14 F:\\.My Projects\\Databse\\Attendance_Management_System\\vendor\\laravel\\framework\\src\\Illuminate\\Pipeline\\Pipeline.php(128): Illuminate\\Routing\\Router->Illuminate\\Routing\\{closure}(Object(Illuminate\\Http\\Request))
#15 F:\\.My Projects\\Databse\\Attendance_Management_System\\vendor\\laravel\\framework\\src\\Illuminate\\Routing\\Middleware\\SubstituteBindings.php(50): Illuminate\\Pipeline\\Pipeline->Illuminate\\Pipeline\\{closure}(Object(Illuminate\\Http\\Request))
#16 F:\\.My Projects\\Databse\\Attendance_Management_System\\vendor\\laravel\\framework\\src\\Illuminate\\Pipeline\\Pipeline.php(167): Illuminate\\Routing\\Middleware\\SubstituteBindings->handle(Object(Illuminate\\Http\\Request), Object(Closure))
#17 F:\\.My Projects\\Databse\\Attendance_Management_System\\vendor\\laravel\\framework\\src\\Illuminate\\Foundation\\Http\\Middleware\\VerifyCsrfToken.php(78): Illuminate\\Pipeline\\Pipeline->Illuminate\\Pipeline\\{closure}(Object(Illuminate\\Http\\Request))
#18 F:\\.My Projects\\Databse\\Attendance_Management_System\\vendor\\laravel\\framework\\src\\Illuminate\\Pipeline\\Pipeline.php(167): Illuminate\\Foundation\\Http\\Middleware\\VerifyCsrfToken->handle(Object(Illuminate\\Http\\Request), Object(Closure))
#19 F:\\.My Projects\\Databse\\Attendance_Management_System\\vendor\\laravel\\framework\\src\\Illuminate\\View\\Middleware\\ShareErrorsFromSession.php(49): Illuminate\\Pipeline\\Pipeline->Illuminate\\Pipeline\\{closure}(Object(Illuminate\\Http\\Request))
#20 F:\\.My Projects\\Databse\\Attendance_Management_System\\vendor\\laravel\\framework\\src\\Illuminate\\Pipeline\\Pipeline.php(167): Illuminate\\View\\Middleware\\ShareErrorsFromSession->handle(Object(Illuminate\\Http\\Request), Object(Closure))
#21 F:\\.My Projects\\Databse\\Attendance_Management_System\\vendor\\laravel\\framework\\src\\Illuminate\\Session\\Middleware\\StartSession.php(121): Illuminate\\Pipeline\\Pipeline->Illuminate\\Pipeline\\{closure}(Object(Illuminate\\Http\\Request))
#22 F:\\.My Projects\\Databse\\Attendance_Management_System\\vendor\\laravel\\framework\\src\\Illuminate\\Session\\Middleware\\StartSession.php(64): Illuminate\\Session\\Middleware\\StartSession->handleStatefulRequest(Object(Illuminate\\Http\\Request), Object(Illuminate\\Session\\Store), Object(Closure))
#23 F:\\.My Projects\\Databse\\Attendance_Management_System\\vendor\\laravel\\framework\\src\\Illuminate\\Pipeline\\Pipeline.php(167): Illuminate\\Session\\Middleware\\StartSession->handle(Object(Illuminate\\Http\\Request), Object(Closure))
#24 F:\\.My Projects\\Databse\\Attendance_Management_System\\vendor\\laravel\\framework\\src\\Illuminate\\Cookie\\Middleware\\AddQueuedCookiesToResponse.php(37): Illuminate\\Pipeline\\Pipeline->Illuminate\\Pipeline\\{closure}(Object(Illuminate\\Http\\Request))
#25 F:\\.My Projects\\Databse\\Attendance_Management_System\\vendor\\laravel\\framework\\src\\Illuminate\\Pipeline\\Pipeline.php(167): Illuminate\\Cookie\\Middleware\\AddQueuedCookiesToResponse->handle(Object(Illuminate\\Http\\Request), Object(Closure))
#26 F:\\.My Projects\\Databse\\Attendance_Management_System\\vendor\\laravel\\framework\\src\\Illuminate\\Cookie\\Middleware\\EncryptCookies.php(67): Illuminate\\Pipeline\\Pipeline->Illuminate\\Pipeline\\{closure}(Object(Illuminate\\Http\\Request))
#27 F:\\.My Projects\\Databse\\Attendance_Management_System\\vendor\\laravel\\framework\\src\\Illuminate\\Pipeline\\Pipeline.php(167): Illuminate\\Cookie\\Middleware\\EncryptCookies->handle(Object(Illuminate\\Http\\Request), Object(Closure))
#28 F:\\.My Projects\\Databse\\Attendance_Management_System\\vendor\\laravel\\framework\\src\\Illuminate\\Pipeline\\Pipeline.php(103): Illuminate\\Pipeline\\Pipeline->Illuminate\\Pipeline\\{closure}(Object(Illuminate\\Http\\Request))
#29 F:\\.My Projects\\Databse\\Attendance_Management_System\\vendor\\laravel\\framework\\src\\Illuminate\\Routing\\Router.php(719): Illuminate\\Pipeline\\Pipeline->then(Object(Closure))
#30 F:\\.My Projects\\Databse\\Attendance_Management_System\\vendor\\laravel\\framework\\src\\Illuminate\\Routing\\Router.php(698): Illuminate\\Routing\\Router->runRouteWithinStack(Object(Illuminate\\Routing\\Route), Object(Illuminate\\Http\\Request))
#31 F:\\.My Projects\\Databse\\Attendance_Management_System\\vendor\\laravel\\framework\\src\\Illuminate\\Routing\\Router.php(662): Illuminate\\Routing\\Router->runRoute(Object(Illuminate\\Http\\Request), Object(Illuminate\\Routing\\Route))
#32 F:\\.My Projects\\Databse\\Attendance_Management_System\\vendor\\laravel\\framework\\src\\Illuminate\\Routing\\Router.php(651): Illuminate\\Routing\\Router->dispatchToRoute(Object(Illuminate\\Http\\Request))
#33 F:\\.My Projects\\Databse\\Attendance_Management_System\\vendor\\laravel\\framework\\src\\Illuminate\\Foundation\\Http\\Kernel.php(167): Illuminate\\Routing\\Router->dispatch(Object(Illuminate\\Http\\Request))
#34 F:\\.My Projects\\Databse\\Attendance_Management_System\\vendor\\laravel\\framework\\src\\Illuminate\\Pipeline\\Pipeline.php(128): Illuminate\\Foundation\\Http\\Kernel->Illuminate\\Foundation\\Http\\{closure}(Object(Illuminate\\Http\\Request))
#35 F:\\.My Projects\\Databse\\Attendance_Management_System\\vendor\\laravel\\framework\\src\\Illuminate\\Foundation\\Http\\Middleware\\TransformsRequest.php(21): Illuminate\\Pipeline\\Pipeline->Illuminate\\Pipeline\\{closure}(Object(Illuminate\\Http\\Request))
#36 F:\\.My Projects\\Databse\\Attendance_Management_System\\vendor\\laravel\\framework\\src\\Illuminate\\Foundation\\Http\\Middleware\\ConvertEmptyStringsToNull.php(31): Illuminate\\Foundation\\Http\\Middleware\\TransformsRequest->handle(Object(Illuminate\\Http\\Request), Object(Closure))
#37 F:\\.My Projects\\Databse\\Attendance_Management_System\\vendor\\laravel\\framework\\src\\Illuminate\\Pipeline\\Pipeline.php(167): Illuminate\\Foundation\\Http\\Middleware\\ConvertEmptyStringsToNull->handle(Object(Illuminate\\Http\\Request), Object(Closure))
#38 F:\\.My Projects\\Databse\\Attendance_Management_System\\vendor\\laravel\\framework\\src\\Illuminate\\Foundation\\Http\\Middleware\\TransformsRequest.php(21): Illuminate\\Pipeline\\Pipeline->Illuminate\\Pipeline\\{closure}(Object(Illuminate\\Http\\Request))
#39 F:\\.My Projects\\Databse\\Attendance_Management_System\\vendor\\laravel\\framework\\src\\Illuminate\\Foundation\\Http\\Middleware\\TrimStrings.php(40): Illuminate\\Foundation\\Http\\Middleware\\TransformsRequest->handle(Object(Illuminate\\Http\\Request), Object(Closure))
#40 F:\\.My Projects\\Databse\\Attendance_Management_System\\vendor\\laravel\\framework\\src\\Illuminate\\Pipeline\\Pipeline.php(167): Illuminate\\Foundation\\Http\\Middleware\\TrimStrings->handle(Object(Illuminate\\Http\\Request), Object(Closure))
#41 F:\\.My Projects\\Databse\\Attendance_Management_System\\vendor\\laravel\\framework\\src\\Illuminate\\Foundation\\Http\\Middleware\\ValidatePostSize.php(27): Illuminate\\Pipeline\\Pipeline->Illuminate\\Pipeline\\{closure}(Object(Illuminate\\Http\\Request))
#42 F:\\.My Projects\\Databse\\Attendance_Management_System\\vendor\\laravel\\framework\\src\\Illuminate\\Pipeline\\Pipeline.php(167): Illuminate\\Foundation\\Http\\Middleware\\ValidatePostSize->handle(Object(Illuminate\\Http\\Request), Object(Closure))
#43 F:\\.My Projects\\Databse\\Attendance_Management_System\\vendor\\laravel\\framework\\src\\Illuminate\\Foundation\\Http\\Middleware\\PreventRequestsDuringMaintenance.php(86): Illuminate\\Pipeline\\Pipeline->Illuminate\\Pipeline\\{closure}(Object(Illuminate\\Http\\Request))
#44 F:\\.My Projects\\Databse\\Attendance_Management_System\\vendor\\laravel\\framework\\src\\Illuminate\\Pipeline\\Pipeline.php(167): Illuminate\\Foundation\\Http\\Middleware\\PreventRequestsDuringMaintenance->handle(Object(Illuminate\\Http\\Request), Object(Closure))
#45 F:\\.My Projects\\Databse\\Attendance_Management_System\\vendor\\fruitcake\\laravel-cors\\src\\HandleCors.php(38): Illuminate\\Pipeline\\Pipeline->Illuminate\\Pipeline\\{closure}(Object(Illuminate\\Http\\Request))
#46 F:\\.My Projects\\Databse\\Attendance_Management_System\\vendor\\laravel\\framework\\src\\Illuminate\\Pipeline\\Pipeline.php(167): Fruitcake\\Cors\\HandleCors->handle(Object(Illuminate\\Http\\Request), Object(Closure))
#47 F:\\.My Projects\\Databse\\Attendance_Management_System\\vendor\\laravel\\framework\\src\\Illuminate\\Http\\Middleware\\TrustProxies.php(39): Illuminate\\Pipeline\\Pipeline->Illuminate\\Pipeline\\{closure}(Object(Illuminate\\Http\\Request))
#48 F:\\.My Projects\\Databse\\Attendance_Management_System\\vendor\\laravel\\framework\\src\\Illuminate\\Pipeline\\Pipeline.php(167): Illuminate\\Http\\Middleware\\TrustProxies->handle(Object(Illuminate\\Http\\Request), Object(Closure))
#49 F:\\.My Projects\\Databse\\Attendance_Management_System\\vendor\\laravel\\framework\\src\\Illuminate\\Pipeline\\Pipeline.php(103): Illuminate\\Pipeline\\Pipeline->Illuminate\\Pipeline\\{closure}(Object(Illuminate\\Http\\Request))
#50 F:\\.My Projects\\Databse\\Attendance_Management_System\\vendor\\laravel\\framework\\src\\Illuminate\\Foundation\\Http\\Kernel.php(142): Illuminate\\Pipeline\\Pipeline->then(Object(Closure))
#51 F:\\.My Projects\\Databse\\Attendance_Management_System\\vendor\\laravel\\framework\\src\\Illuminate\\Foundation\\Http\\Kernel.php(111): Illuminate\\Foundation\\Http\\Kernel->sendRequestThroughRouter(Object(Illuminate\\Http\\Request))
#52 F:\\.My Projects\\Databse\\Attendance_Management_System\\public\\index.php(54): Illuminate\\Foundation\\Http\\Kernel->handle(Object(Illuminate\\Http\\Request))
#53 F:\\.My Projects\\Databse\\Attendance_Management_System\\server.php(21): require_once('F:\\\\.My Projects...')
#54 {main}

[previous exception] [object] (InvalidArgumentException(code: 0): Cannot end a section without first starting one. at F:\\.My Projects\\Databse\\Attendance_Management_System\\vendor\\laravel\\framework\\src\\Illuminate\\View\\Concerns\\ManagesLayouts.php:94)
[stacktrace]
#0 F:\\.My Projects\\Databse\\Attendance_Management_System\\storage\\framework\\views\\1f5f93e2d57159b8be9e60f946248c836725e606.php(63): Illuminate\\View\\Factory->stopSection()
#1 F:\\.My Projects\\Databse\\Attendance_Management_System\\vendor\\laravel\\framework\\src\\Illuminate\\Filesystem\\Filesystem.php(107): require('F:\\\\.My Projects...')
#2 F:\\.My Projects\\Databse\\Attendance_Management_System\\vendor\\laravel\\framework\\src\\Illuminate\\Filesystem\\Filesystem.php(108): Illuminate\\Filesystem\\Filesystem::Illuminate\\Filesystem\\{closure}()
#3 F:\\.My Projects\\Databse\\Attendance_Management_System\\vendor\\laravel\\framework\\src\\Illuminate\\View\\Engines\\PhpEngine.php(58): Illuminate\\Filesystem\\Filesystem->getRequire('F:\\\\.My Projects...', Array)
#4 F:\\.My Projects\\Databse\\Attendance_Management_System\\vendor\\laravel\\framework\\src\\Illuminate\\View\\Engines\\CompilerEngine.php(61): Illuminate\\View\\Engines\\PhpEngine->evaluatePath('F:\\\\.My Projects...', Array)
#5 F:\\.My Projects\\Databse\\Attendance_Management_System\\vendor\\facade\\ignition\\src\\Views\\Engines\\CompilerEngine.php(37): Illuminate\\View\\Engines\\CompilerEngine->get('F:\\\\.My Projects...', Array)
#6 F:\\.My Projects\\Databse\\Attendance_Management_System\\vendor\\laravel\\framework\\src\\Illuminate\\View\\View.php(139): Facade\\Ignition\\Views\\Engines\\CompilerEngine->get('F:\\\\.My Projects...', Array)
#7 F:\\.My Projects\\Databse\\Attendance_Management_System\\vendor\\laravel\\framework\\src\\Illuminate\\View\\View.php(122): Illuminate\\View\\View->getContents()
#8 F:\\.My Projects\\Databse\\Attendance_Management_System\\vendor\\laravel\\framework\\src\\Illuminate\\View\\View.php(91): Illuminate\\View\\View->renderContents()
#9 F:\\.My Projects\\Databse\\Attendance_Management_System\\vendor\\laravel\\framework\\src\\Illuminate\\Http\\Response.php(69): Illuminate\\View\\View->render()
#10 F:\\.My Projects\\Databse\\Attendance_Management_System\\vendor\\laravel\\framework\\src\\Illuminate\\Http\\Response.php(35): Illuminate\\Http\\Response->setContent(Object(Illuminate\\View\\View))
#11 F:\\.My Projects\\Databse\\Attendance_Management_System\\vendor\\laravel\\framework\\src\\Illuminate\\Routing\\Router.php(820): Illuminate\\Http\\Response->__construct(Object(Illuminate\\View\\View), 200, Array)
#12 F:\\.My Projects\\Databse\\Attendance_Management_System\\vendor\\laravel\\framework\\src\\Illuminate\\Routing\\Router.php(789): Illuminate\\Routing\\Router::toResponse(Object(Illuminate\\Http\\Request), Object(Illuminate\\View\\View))
#13 F:\\.My Projects\\Databse\\Attendance_Management_System\\vendor\\laravel\\framework\\src\\Illuminate\\Routing\\Router.php(720): Illuminate\\Routing\\Router->prepareResponse(Object(Illuminate\\Http\\Request), Object(Illuminate\\View\\View))
#14 F:\\.My Projects\\Databse\\Attendance_Management_System\\vendor\\laravel\\framework\\src\\Illuminate\\Pipeline\\Pipeline.php(128): Illuminate\\Routing\\Router->Illuminate\\Routing\\{closure}(Object(Illuminate\\Http\\Request))
#15 F:\\.My Projects\\Databse\\Attendance_Management_System\\vendor\\laravel\\framework\\src\\Illuminate\\Routing\\Middleware\\SubstituteBindings.php(50): Illuminate\\Pipeline\\Pipeline->Illuminate\\Pipeline\\{closure}(Object(Illuminate\\Http\\Request))
#16 F:\\.My Projects\\Databse\\Attendance_Management_System\\vendor\\laravel\\framework\\src\\Illuminate\\Pipeline\\Pipeline.php(167): Illuminate\\Routing\\Middleware\\SubstituteBindings->handle(Object(Illuminate\\Http\\Request), Object(Closure))
#17 F:\\.My Projects\\Databse\\Attendance_Management_System\\vendor\\laravel\\framework\\src\\Illuminate\\Foundation\\Http\\Middleware\\VerifyCsrfToken.php(78): Illuminate\\Pipeline\\Pipeline->Illuminate\\Pipeline\\{closure}(Object(Illuminate\\Http\\Request))
#18 F:\\.My Projects\\Databse\\Attendance_Management_System\\vendor\\laravel\\framework\\src\\Illuminate\\Pipeline\\Pipeline.php(167): Illuminate\\Foundation\\Http\\Middleware\\VerifyCsrfToken->handle(Object(Illuminate\\Http\\Request), Object(Closure))
#19 F:\\.My Projects\\Databse\\Attendance_Management_System\\vendor\\laravel\\framework\\src\\Illuminate\\View\\Middleware\\ShareErrorsFromSession.php(49): Illuminate\\Pipeline\\Pipeline->Illuminate\\Pipeline\\{closure}(Object(Illuminate\\Http\\Request))
#20 F:\\.My Projects\\Databse\\Attendance_Management_System\\vendor\\laravel\\framework\\src\\Illuminate\\Pipeline\\Pipeline.php(167): Illuminate\\View\\Middleware\\ShareErrorsFromSession->handle(Object(Illuminate\\Http\\Request), Object(Closure))
#21 F:\\.My Projects\\Databse\\Attendance_Management_System\\vendor\\laravel\\framework\\src\\Illuminate\\Session\\Middleware\\StartSession.php(121): Illuminate\\Pipeline\\Pipeline->Illuminate\\Pipeline\\{closure}(Object(Illuminate\\Http\\Request))
#22 F:\\.My Projects\\Databse\\Attendance_Management_System\\vendor\\laravel\\framework\\src\\Illuminate\\Session\\Middleware\\StartSession.php(64): Illuminate\\Session\\Middleware\\StartSession->handleStatefulRequest(Object(Illuminate\\Http\\Request), Object(Illuminate\\Session\\Store), Object(Closure))
#23 F:\\.My Projects\\Databse\\Attendance_Management_System\\vendor\\laravel\\framework\\src\\Illuminate\\Pipeline\\Pipeline.php(167): Illuminate\\Session\\Middleware\\StartSession->handle(Object(Illuminate\\Http\\Request), Object(Closure))
#24 F:\\.My Projects\\Databse\\Attendance_Management_System\\vendor\\laravel\\framework\\src\\Illuminate\\Cookie\\Middleware\\AddQueuedCookiesToResponse.php(37): Illuminate\\Pipeline\\Pipeline->Illuminate\\Pipeline\\{closure}(Object(Illuminate\\Http\\Request))
#25 F:\\.My Projects\\Databse\\Attendance_Management_System\\vendor\\laravel\\framework\\src\\Illuminate\\Pipeline\\Pipeline.php(167): Illuminate\\Cookie\\Middleware\\AddQueuedCookiesToResponse->handle(Object(Illuminate\\Http\\Request), Object(Closure))
#26 F:\\.My Projects\\Databse\\Attendance_Management_System\\vendor\\laravel\\framework\\src\\Illuminate\\Cookie\\Middleware\\EncryptCookies.php(67): Illuminate\\Pipeline\\Pipeline->Illuminate\\Pipeline\\{closure}(Object(Illuminate\\Http\\Request))
#27 F:\\.My Projects\\Databse\\Attendance_Management_System\\vendor\\laravel\\framework\\src\\Illuminate\\Pipeline\\Pipeline.php(167): Illuminate\\Cookie\\Middleware\\EncryptCookies->handle(Object(Illuminate\\Http\\Request), Object(Closure))
#28 F:\\.My Projects\\Databse\\Attendance_Management_System\\vendor\\laravel\\framework\\src\\Illuminate\\Pipeline\\Pipeline.php(103): Illuminate\\Pipeline\\Pipeline->Illuminate\\Pipeline\\{closure}(Object(Illuminate\\Http\\Request))
#29 F:\\.My Projects\\Databse\\Attendance_Management_System\\vendor\\laravel\\framework\\src\\Illuminate\\Routing\\Router.php(719): Illuminate\\Pipeline\\Pipeline->then(Object(Closure))
#30 F:\\.My Projects\\Databse\\Attendance_Management_System\\vendor\\laravel\\framework\\src\\Illuminate\\Routing\\Router.php(698): Illuminate\\Routing\\Router->runRouteWithinStack(Object(Illuminate\\Routing\\Route), Object(Illuminate\\Http\\Request))
#31 F:\\.My Projects\\Databse\\Attendance_Management_System\\vendor\\laravel\\framework\\src\\Illuminate\\Routing\\Router.php(662): Illuminate\\Routing\\Router->runRoute(Object(Illuminate\\Http\\Request), Object(Illuminate\\Routing\\Route))
#32 F:\\.My Projects\\Databse\\Attendance_Management_System\\vendor\\laravel\\framework\\src\\Illuminate\\Routing\\Router.php(651): Illuminate\\Routing\\Router->dispatchToRoute(Object(Illuminate\\Http\\Request))
#33 F:\\.My Projects\\Databse\\Attendance_Management_System\\vendor\\laravel\\framework\\src\\Illuminate\\Foundation\\Http\\Kernel.php(167): Illuminate\\Routing\\Router->dispatch(Object(Illuminate\\Http\\Request))
#34 F:\\.My Projects\\Databse\\Attendance_Management_System\\vendor\\laravel\\framework\\src\\Illuminate\\Pipeline\\Pipeline.php(128): Illuminate\\Foundation\\Http\\Kernel->Illuminate\\Foundation\\Http\\{closure}(Object(Illuminate\\Http\\Request))
#35 F:\\.My Projects\\Databse\\Attendance_Management_System\\vendor\\laravel\\framework\\src\\Illuminate\\Foundation\\Http\\Middleware\\TransformsRequest.php(21): Illuminate\\Pipeline\\Pipeline->Illuminate\\Pipeline\\{closure}(Object(Illuminate\\Http\\Request))
#36 F:\\.My Projects\\Databse\\Attendance_Management_System\\vendor\\laravel\\framework\\src\\Illuminate\\Foundation\\Http\\Middleware\\ConvertEmptyStringsToNull.php(31): Illuminate\\Foundation\\Http\\Middleware\\TransformsRequest->handle(Object(Illuminate\\Http\\Request), Object(Closure))
#37 F:\\.My Projects\\Databse\\Attendance_Management_System\\vendor\\laravel\\framework\\src\\Illuminate\\Pipeline\\Pipeline.php(167): Illuminate\\Foundation\\Http\\Middleware\\ConvertEmptyStringsToNull->handle(Object(Illuminate\\Http\\Request), Object(Closure))
#38 F:\\.My Projects\\Databse\\Attendance_Management_System\\vendor\\laravel\\framework\\src\\Illuminate\\Foundation\\Http\\Middleware\\TransformsRequest.php(21): Illuminate\\Pipeline\\Pipeline->Illuminate\\Pipeline\\{closure}(Object(Illuminate\\Http\\Request))
#39 F:\\.My Projects\\Databse\\Attendance_Management_System\\vendor\\laravel\\framework\\src\\Illuminate\\Foundation\\Http\\Middleware\\TrimStrings.php(40): Illuminate\\Foundation\\Http\\Middleware\\TransformsRequest->handle(Object(Illuminate\\Http\\Request), Object(Closure))
#40 F:\\.My Projects\\Databse\\Attendance_Management_System\\vendor\\laravel\\framework\\src\\Illuminate\\Pipeline\\Pipeline.php(167): Illuminate\\Foundation\\Http\\Middleware\\TrimStrings->handle(Object(Illuminate\\Http\\Request), Object(Closure))
#41 F:\\.My Projects\\Databse\\Attendance_Management_System\\vendor\\laravel\\framework\\src\\Illuminate\\Foundation\\Http\\Middleware\\ValidatePostSize.php(27): Illuminate\\Pipeline\\Pipeline->Illuminate\\Pipeline\\{closure}(Object(Illuminate\\Http\\Request))
#42 F:\\.My Projects\\Databse\\Attendance_Management_System\\vendor\\laravel\\framework\\src\\Illuminate\\Pipeline\\Pipeline.php(167): Illuminate\\Foundation\\Http\\Middleware\\ValidatePostSize->handle(Object(Illuminate\\Http\\Request), Object(Closure))
#43 F:\\.My Projects\\Databse\\Attendance_Management_System\\vendor\\laravel\\framework\\src\\Illuminate\\Foundation\\Http\\Middleware\\PreventRequestsDuringMaintenance.php(86): Illuminate\\Pipeline\\Pipeline->Illuminate\\Pipeline\\{closure}(Object(Illuminate\\Http\\Request))
#44 F:\\.My Projects\\Databse\\Attendance_Management_System\\vendor\\laravel\\framework\\src\\Illuminate\\Pipeline\\Pipeline.php(167): Illuminate\\Foundation\\Http\\Middleware\\PreventRequestsDuringMaintenance->handle(Object(Illuminate\\Http\\Request), Object(Closure))
#45 F:\\.My Projects\\Databse\\Attendance_Management_System\\vendor\\fruitcake\\laravel-cors\\src\\HandleCors.php(38): Illuminate\\Pipeline\\Pipeline->Illuminate\\Pipeline\\{closure}(Object(Illuminate\\Http\\Request))
#46 F:\\.My Projects\\Databse\\Attendance_Management_System\\vendor\\laravel\\framework\\src\\Illuminate\\Pipeline\\Pipeline.php(167): Fruitcake\\Cors\\HandleCors->handle(Object(Illuminate\\Http\\Request), Object(Closure))
#47 F:\\.My Projects\\Databse\\Attendance_Management_System\\vendor\\laravel\\framework\\src\\Illuminate\\Http\\Middleware\\TrustProxies.php(39): Illuminate\\Pipeline\\Pipeline->Illuminate\\Pipeline\\{closure}(Object(Illuminate\\Http\\Request))
#48 F:\\.My Projects\\Databse\\Attendance_Management_System\\vendor\\laravel\\framework\\src\\Illuminate\\Pipeline\\Pipeline.php(167): Illuminate\\Http\\Middleware\\TrustProxies->handle(Object(Illuminate\\Http\\Request), Object(Closure))
#49 F:\\.My Projects\\Databse\\Attendance_Management_System\\vendor\\laravel\\framework\\src\\Illuminate\\Pipeline\\Pipeline.php(103): Illuminate\\Pipeline\\Pipeline->Illuminate\\Pipeline\\{closure}(Object(Illuminate\\Http\\Request))
#50 F:\\.My Projects\\Databse\\Attendance_Management_System\\vendor\\laravel\\framework\\src\\Illuminate\\Foundation\\Http\\Kernel.php(142): Illuminate\\Pipeline\\Pipeline->then(Object(Closure))
#51 F:\\.My Projects\\Databse\\Attendance_Management_System\\vendor\\laravel\\framework\\src\\Illuminate\\Foundation\\Http\\Kernel.php(111): Illuminate\\Foundation\\Http\\Kernel->sendRequestThroughRouter(Object(Illuminate\\Http\\Request))
#52 F:\\.My Projects\\Databse\\Attendance_Management_System\\public\\index.php(54): Illuminate\\Foundation\\Http\\Kernel->handle(Object(Illuminate\\Http\\Request))
#53 F:\\.My Projects\\Databse\\Attendance_Management_System\\server.php(21): require_once('F:\\\\.My Projects...')
#54 {main}
"} 
[2025-05-01 13:31:13] local.ERROR: View [layouts.app] not found. (View: F:\.My Projects\Databse\Attendance_Management_System\resources\views\welcome.blade.php) {"view":{"view":"F:\\.My Projects\\Databse\\Attendance_Management_System\\vendor\\laravel\\framework\\src\\Illuminate\\View\\FileViewFinder.php","data":[]},"userId":1,"exception":"[object] (Facade\\Ignition\\Exceptions\\ViewException(code: 0): View [layouts.app] not found. (View: F:\\.My Projects\\Databse\\Attendance_Management_System\\resources\\views\\welcome.blade.php) at F:\\.My Projects\\Databse\\Attendance_Management_System\\vendor\\laravel\\framework\\src\\Illuminate\\View\\FileViewFinder.php:137)
[stacktrace]
#0 F:\\.My Projects\\Databse\\Attendance_Management_System\\vendor\\laravel\\framework\\src\\Illuminate\\View\\FileViewFinder.php(79): Illuminate\\View\\FileViewFinder->findInPaths('layouts.app', Array)
#1 F:\\.My Projects\\Databse\\Attendance_Management_System\\vendor\\laravel\\framework\\src\\Illuminate\\View\\Factory.php(137): Illuminate\\View\\FileViewFinder->find('layouts.app')
#2 F:\\.My Projects\\Databse\\Attendance_Management_System\\resources\\views/welcome.blade.php(64): Illuminate\\View\\Factory->make('layouts.app', Array)
#3 F:\\.My Projects\\Databse\\Attendance_Management_System\\vendor\\laravel\\framework\\src\\Illuminate\\Filesystem\\Filesystem.php(107): require('F:\\\\.My Projects...')
#4 F:\\.My Projects\\Databse\\Attendance_Management_System\\vendor\\laravel\\framework\\src\\Illuminate\\Filesystem\\Filesystem.php(108): Illuminate\\Filesystem\\Filesystem::Illuminate\\Filesystem\\{closure}()
#5 F:\\.My Projects\\Databse\\Attendance_Management_System\\vendor\\laravel\\framework\\src\\Illuminate\\View\\Engines\\PhpEngine.php(58): Illuminate\\Filesystem\\Filesystem->getRequire('F:\\\\.My Projects...', Array)
#6 F:\\.My Projects\\Databse\\Attendance_Management_System\\vendor\\laravel\\framework\\src\\Illuminate\\View\\Engines\\CompilerEngine.php(61): Illuminate\\View\\Engines\\PhpEngine->evaluatePath('F:\\\\.My Projects...', Array)
#7 F:\\.My Projects\\Databse\\Attendance_Management_System\\vendor\\facade\\ignition\\src\\Views\\Engines\\CompilerEngine.php(37): Illuminate\\View\\Engines\\CompilerEngine->get('F:\\\\.My Projects...', Array)
#8 F:\\.My Projects\\Databse\\Attendance_Management_System\\vendor\\laravel\\framework\\src\\Illuminate\\View\\View.php(139): Facade\\Ignition\\Views\\Engines\\CompilerEngine->get('F:\\\\.My Projects...', Array)
#9 F:\\.My Projects\\Databse\\Attendance_Management_System\\vendor\\laravel\\framework\\src\\Illuminate\\View\\View.php(122): Illuminate\\View\\View->getContents()
#10 F:\\.My Projects\\Databse\\Attendance_Management_System\\vendor\\laravel\\framework\\src\\Illuminate\\View\\View.php(91): Illuminate\\View\\View->renderContents()
#11 F:\\.My Projects\\Databse\\Attendance_Management_System\\vendor\\laravel\\framework\\src\\Illuminate\\Http\\Response.php(69): Illuminate\\View\\View->render()
#12 F:\\.My Projects\\Databse\\Attendance_Management_System\\vendor\\laravel\\framework\\src\\Illuminate\\Http\\Response.php(35): Illuminate\\Http\\Response->setContent(Object(Illuminate\\View\\View))
#13 F:\\.My Projects\\Databse\\Attendance_Management_System\\vendor\\laravel\\framework\\src\\Illuminate\\Routing\\Router.php(820): Illuminate\\Http\\Response->__construct(Object(Illuminate\\View\\View), 200, Array)
#14 F:\\.My Projects\\Databse\\Attendance_Management_System\\vendor\\laravel\\framework\\src\\Illuminate\\Routing\\Router.php(789): Illuminate\\Routing\\Router::toResponse(Object(Illuminate\\Http\\Request), Object(Illuminate\\View\\View))
#15 F:\\.My Projects\\Databse\\Attendance_Management_System\\vendor\\laravel\\framework\\src\\Illuminate\\Routing\\Router.php(720): Illuminate\\Routing\\Router->prepareResponse(Object(Illuminate\\Http\\Request), Object(Illuminate\\View\\View))
#16 F:\\.My Projects\\Databse\\Attendance_Management_System\\vendor\\laravel\\framework\\src\\Illuminate\\Pipeline\\Pipeline.php(128): Illuminate\\Routing\\Router->Illuminate\\Routing\\{closure}(Object(Illuminate\\Http\\Request))
#17 F:\\.My Projects\\Databse\\Attendance_Management_System\\vendor\\laravel\\framework\\src\\Illuminate\\Routing\\Middleware\\SubstituteBindings.php(50): Illuminate\\Pipeline\\Pipeline->Illuminate\\Pipeline\\{closure}(Object(Illuminate\\Http\\Request))
#18 F:\\.My Projects\\Databse\\Attendance_Management_System\\vendor\\laravel\\framework\\src\\Illuminate\\Pipeline\\Pipeline.php(167): Illuminate\\Routing\\Middleware\\SubstituteBindings->handle(Object(Illuminate\\Http\\Request), Object(Closure))
#19 F:\\.My Projects\\Databse\\Attendance_Management_System\\vendor\\laravel\\framework\\src\\Illuminate\\Foundation\\Http\\Middleware\\VerifyCsrfToken.php(78): Illuminate\\Pipeline\\Pipeline->Illuminate\\Pipeline\\{closure}(Object(Illuminate\\Http\\Request))
#20 F:\\.My Projects\\Databse\\Attendance_Management_System\\vendor\\laravel\\framework\\src\\Illuminate\\Pipeline\\Pipeline.php(167): Illuminate\\Foundation\\Http\\Middleware\\VerifyCsrfToken->handle(Object(Illuminate\\Http\\Request), Object(Closure))
#21 F:\\.My Projects\\Databse\\Attendance_Management_System\\vendor\\laravel\\framework\\src\\Illuminate\\View\\Middleware\\ShareErrorsFromSession.php(49): Illuminate\\Pipeline\\Pipeline->Illuminate\\Pipeline\\{closure}(Object(Illuminate\\Http\\Request))
#22 F:\\.My Projects\\Databse\\Attendance_Management_System\\vendor\\laravel\\framework\\src\\Illuminate\\Pipeline\\Pipeline.php(167): Illuminate\\View\\Middleware\\ShareErrorsFromSession->handle(Object(Illuminate\\Http\\Request), Object(Closure))
#23 F:\\.My Projects\\Databse\\Attendance_Management_System\\vendor\\laravel\\framework\\src\\Illuminate\\Session\\Middleware\\StartSession.php(121): Illuminate\\Pipeline\\Pipeline->Illuminate\\Pipeline\\{closure}(Object(Illuminate\\Http\\Request))
#24 F:\\.My Projects\\Databse\\Attendance_Management_System\\vendor\\laravel\\framework\\src\\Illuminate\\Session\\Middleware\\StartSession.php(64): Illuminate\\Session\\Middleware\\StartSession->handleStatefulRequest(Object(Illuminate\\Http\\Request), Object(Illuminate\\Session\\Store), Object(Closure))
#25 F:\\.My Projects\\Databse\\Attendance_Management_System\\vendor\\laravel\\framework\\src\\Illuminate\\Pipeline\\Pipeline.php(167): Illuminate\\Session\\Middleware\\StartSession->handle(Object(Illuminate\\Http\\Request), Object(Closure))
#26 F:\\.My Projects\\Databse\\Attendance_Management_System\\vendor\\laravel\\framework\\src\\Illuminate\\Cookie\\Middleware\\AddQueuedCookiesToResponse.php(37): Illuminate\\Pipeline\\Pipeline->Illuminate\\Pipeline\\{closure}(Object(Illuminate\\Http\\Request))
#27 F:\\.My Projects\\Databse\\Attendance_Management_System\\vendor\\laravel\\framework\\src\\Illuminate\\Pipeline\\Pipeline.php(167): Illuminate\\Cookie\\Middleware\\AddQueuedCookiesToResponse->handle(Object(Illuminate\\Http\\Request), Object(Closure))
#28 F:\\.My Projects\\Databse\\Attendance_Management_System\\vendor\\laravel\\framework\\src\\Illuminate\\Cookie\\Middleware\\EncryptCookies.php(67): Illuminate\\Pipeline\\Pipeline->Illuminate\\Pipeline\\{closure}(Object(Illuminate\\Http\\Request))
#29 F:\\.My Projects\\Databse\\Attendance_Management_System\\vendor\\laravel\\framework\\src\\Illuminate\\Pipeline\\Pipeline.php(167): Illuminate\\Cookie\\Middleware\\EncryptCookies->handle(Object(Illuminate\\Http\\Request), Object(Closure))
#30 F:\\.My Projects\\Databse\\Attendance_Management_System\\vendor\\laravel\\framework\\src\\Illuminate\\Pipeline\\Pipeline.php(103): Illuminate\\Pipeline\\Pipeline->Illuminate\\Pipeline\\{closure}(Object(Illuminate\\Http\\Request))
#31 F:\\.My Projects\\Databse\\Attendance_Management_System\\vendor\\laravel\\framework\\src\\Illuminate\\Routing\\Router.php(719): Illuminate\\Pipeline\\Pipeline->then(Object(Closure))
#32 F:\\.My Projects\\Databse\\Attendance_Management_System\\vendor\\laravel\\framework\\src\\Illuminate\\Routing\\Router.php(698): Illuminate\\Routing\\Router->runRouteWithinStack(Object(Illuminate\\Routing\\Route), Object(Illuminate\\Http\\Request))
#33 F:\\.My Projects\\Databse\\Attendance_Management_System\\vendor\\laravel\\framework\\src\\Illuminate\\Routing\\Router.php(662): Illuminate\\Routing\\Router->runRoute(Object(Illuminate\\Http\\Request), Object(Illuminate\\Routing\\Route))
#34 F:\\.My Projects\\Databse\\Attendance_Management_System\\vendor\\laravel\\framework\\src\\Illuminate\\Routing\\Router.php(651): Illuminate\\Routing\\Router->dispatchToRoute(Object(Illuminate\\Http\\Request))
#35 F:\\.My Projects\\Databse\\Attendance_Management_System\\vendor\\laravel\\framework\\src\\Illuminate\\Foundation\\Http\\Kernel.php(167): Illuminate\\Routing\\Router->dispatch(Object(Illuminate\\Http\\Request))
#36 F:\\.My Projects\\Databse\\Attendance_Management_System\\vendor\\laravel\\framework\\src\\Illuminate\\Pipeline\\Pipeline.php(128): Illuminate\\Foundation\\Http\\Kernel->Illuminate\\Foundation\\Http\\{closure}(Object(Illuminate\\Http\\Request))
#37 F:\\.My Projects\\Databse\\Attendance_Management_System\\vendor\\laravel\\framework\\src\\Illuminate\\Foundation\\Http\\Middleware\\TransformsRequest.php(21): Illuminate\\Pipeline\\Pipeline->Illuminate\\Pipeline\\{closure}(Object(Illuminate\\Http\\Request))
#38 F:\\.My Projects\\Databse\\Attendance_Management_System\\vendor\\laravel\\framework\\src\\Illuminate\\Foundation\\Http\\Middleware\\ConvertEmptyStringsToNull.php(31): Illuminate\\Foundation\\Http\\Middleware\\TransformsRequest->handle(Object(Illuminate\\Http\\Request), Object(Closure))
#39 F:\\.My Projects\\Databse\\Attendance_Management_System\\vendor\\laravel\\framework\\src\\Illuminate\\Pipeline\\Pipeline.php(167): Illuminate\\Foundation\\Http\\Middleware\\ConvertEmptyStringsToNull->handle(Object(Illuminate\\Http\\Request), Object(Closure))
#40 F:\\.My Projects\\Databse\\Attendance_Management_System\\vendor\\laravel\\framework\\src\\Illuminate\\Foundation\\Http\\Middleware\\TransformsRequest.php(21): Illuminate\\Pipeline\\Pipeline->Illuminate\\Pipeline\\{closure}(Object(Illuminate\\Http\\Request))
#41 F:\\.My Projects\\Databse\\Attendance_Management_System\\vendor\\laravel\\framework\\src\\Illuminate\\Foundation\\Http\\Middleware\\TrimStrings.php(40): Illuminate\\Foundation\\Http\\Middleware\\TransformsRequest->handle(Object(Illuminate\\Http\\Request), Object(Closure))
#42 F:\\.My Projects\\Databse\\Attendance_Management_System\\vendor\\laravel\\framework\\src\\Illuminate\\Pipeline\\Pipeline.php(167): Illuminate\\Foundation\\Http\\Middleware\\TrimStrings->handle(Object(Illuminate\\Http\\Request), Object(Closure))
#43 F:\\.My Projects\\Databse\\Attendance_Management_System\\vendor\\laravel\\framework\\src\\Illuminate\\Foundation\\Http\\Middleware\\ValidatePostSize.php(27): Illuminate\\Pipeline\\Pipeline->Illuminate\\Pipeline\\{closure}(Object(Illuminate\\Http\\Request))
#44 F:\\.My Projects\\Databse\\Attendance_Management_System\\vendor\\laravel\\framework\\src\\Illuminate\\Pipeline\\Pipeline.php(167): Illuminate\\Foundation\\Http\\Middleware\\ValidatePostSize->handle(Object(Illuminate\\Http\\Request), Object(Closure))
#45 F:\\.My Projects\\Databse\\Attendance_Management_System\\vendor\\laravel\\framework\\src\\Illuminate\\Foundation\\Http\\Middleware\\PreventRequestsDuringMaintenance.php(86): Illuminate\\Pipeline\\Pipeline->Illuminate\\Pipeline\\{closure}(Object(Illuminate\\Http\\Request))
#46 F:\\.My Projects\\Databse\\Attendance_Management_System\\vendor\\laravel\\framework\\src\\Illuminate\\Pipeline\\Pipeline.php(167): Illuminate\\Foundation\\Http\\Middleware\\PreventRequestsDuringMaintenance->handle(Object(Illuminate\\Http\\Request), Object(Closure))
#47 F:\\.My Projects\\Databse\\Attendance_Management_System\\vendor\\fruitcake\\laravel-cors\\src\\HandleCors.php(38): Illuminate\\Pipeline\\Pipeline->Illuminate\\Pipeline\\{closure}(Object(Illuminate\\Http\\Request))
#48 F:\\.My Projects\\Databse\\Attendance_Management_System\\vendor\\laravel\\framework\\src\\Illuminate\\Pipeline\\Pipeline.php(167): Fruitcake\\Cors\\HandleCors->handle(Object(Illuminate\\Http\\Request), Object(Closure))
#49 F:\\.My Projects\\Databse\\Attendance_Management_System\\vendor\\laravel\\framework\\src\\Illuminate\\Http\\Middleware\\TrustProxies.php(39): Illuminate\\Pipeline\\Pipeline->Illuminate\\Pipeline\\{closure}(Object(Illuminate\\Http\\Request))
#50 F:\\.My Projects\\Databse\\Attendance_Management_System\\vendor\\laravel\\framework\\src\\Illuminate\\Pipeline\\Pipeline.php(167): Illuminate\\Http\\Middleware\\TrustProxies->handle(Object(Illuminate\\Http\\Request), Object(Closure))
#51 F:\\.My Projects\\Databse\\Attendance_Management_System\\vendor\\laravel\\framework\\src\\Illuminate\\Pipeline\\Pipeline.php(103): Illuminate\\Pipeline\\Pipeline->Illuminate\\Pipeline\\{closure}(Object(Illuminate\\Http\\Request))
#52 F:\\.My Projects\\Databse\\Attendance_Management_System\\vendor\\laravel\\framework\\src\\Illuminate\\Foundation\\Http\\Kernel.php(142): Illuminate\\Pipeline\\Pipeline->then(Object(Closure))
#53 F:\\.My Projects\\Databse\\Attendance_Management_System\\vendor\\laravel\\framework\\src\\Illuminate\\Foundation\\Http\\Kernel.php(111): Illuminate\\Foundation\\Http\\Kernel->sendRequestThroughRouter(Object(Illuminate\\Http\\Request))
#54 F:\\.My Projects\\Databse\\Attendance_Management_System\\public\\index.php(54): Illuminate\\Foundation\\Http\\Kernel->handle(Object(Illuminate\\Http\\Request))
#55 F:\\.My Projects\\Databse\\Attendance_Management_System\\server.php(21): require_once('F:\\\\.My Projects...')
#56 {main}

[previous exception] [object] (InvalidArgumentException(code: 0): View [layouts.app] not found. at F:\\.My Projects\\Databse\\Attendance_Management_System\\vendor\\laravel\\framework\\src\\Illuminate\\View\\FileViewFinder.php:137)
[stacktrace]
#0 F:\\.My Projects\\Databse\\Attendance_Management_System\\vendor\\laravel\\framework\\src\\Illuminate\\View\\FileViewFinder.php(79): Illuminate\\View\\FileViewFinder->findInPaths('layouts.app', Array)
#1 F:\\.My Projects\\Databse\\Attendance_Management_System\\vendor\\laravel\\framework\\src\\Illuminate\\View\\Factory.php(137): Illuminate\\View\\FileViewFinder->find('layouts.app')
#2 F:\\.My Projects\\Databse\\Attendance_Management_System\\storage\\framework\\views\\1f5f93e2d57159b8be9e60f946248c836725e606.php(64): Illuminate\\View\\Factory->make('layouts.app', Array)
#3 F:\\.My Projects\\Databse\\Attendance_Management_System\\vendor\\laravel\\framework\\src\\Illuminate\\Filesystem\\Filesystem.php(107): require('F:\\\\.My Projects...')
#4 F:\\.My Projects\\Databse\\Attendance_Management_System\\vendor\\laravel\\framework\\src\\Illuminate\\Filesystem\\Filesystem.php(108): Illuminate\\Filesystem\\Filesystem::Illuminate\\Filesystem\\{closure}()
#5 F:\\.My Projects\\Databse\\Attendance_Management_System\\vendor\\laravel\\framework\\src\\Illuminate\\View\\Engines\\PhpEngine.php(58): Illuminate\\Filesystem\\Filesystem->getRequire('F:\\\\.My Projects...', Array)
#6 F:\\.My Projects\\Databse\\Attendance_Management_System\\vendor\\laravel\\framework\\src\\Illuminate\\View\\Engines\\CompilerEngine.php(61): Illuminate\\View\\Engines\\PhpEngine->evaluatePath('F:\\\\.My Projects...', Array)
#7 F:\\.My Projects\\Databse\\Attendance_Management_System\\vendor\\facade\\ignition\\src\\Views\\Engines\\CompilerEngine.php(37): Illuminate\\View\\Engines\\CompilerEngine->get('F:\\\\.My Projects...', Array)
#8 F:\\.My Projects\\Databse\\Attendance_Management_System\\vendor\\laravel\\framework\\src\\Illuminate\\View\\View.php(139): Facade\\Ignition\\Views\\Engines\\CompilerEngine->get('F:\\\\.My Projects...', Array)
#9 F:\\.My Projects\\Databse\\Attendance_Management_System\\vendor\\laravel\\framework\\src\\Illuminate\\View\\View.php(122): Illuminate\\View\\View->getContents()
#10 F:\\.My Projects\\Databse\\Attendance_Management_System\\vendor\\laravel\\framework\\src\\Illuminate\\View\\View.php(91): Illuminate\\View\\View->renderContents()
#11 F:\\.My Projects\\Databse\\Attendance_Management_System\\vendor\\laravel\\framework\\src\\Illuminate\\Http\\Response.php(69): Illuminate\\View\\View->render()
#12 F:\\.My Projects\\Databse\\Attendance_Management_System\\vendor\\laravel\\framework\\src\\Illuminate\\Http\\Response.php(35): Illuminate\\Http\\Response->setContent(Object(Illuminate\\View\\View))
#13 F:\\.My Projects\\Databse\\Attendance_Management_System\\vendor\\laravel\\framework\\src\\Illuminate\\Routing\\Router.php(820): Illuminate\\Http\\Response->__construct(Object(Illuminate\\View\\View), 200, Array)
#14 F:\\.My Projects\\Databse\\Attendance_Management_System\\vendor\\laravel\\framework\\src\\Illuminate\\Routing\\Router.php(789): Illuminate\\Routing\\Router::toResponse(Object(Illuminate\\Http\\Request), Object(Illuminate\\View\\View))
#15 F:\\.My Projects\\Databse\\Attendance_Management_System\\vendor\\laravel\\framework\\src\\Illuminate\\Routing\\Router.php(720): Illuminate\\Routing\\Router->prepareResponse(Object(Illuminate\\Http\\Request), Object(Illuminate\\View\\View))
#16 F:\\.My Projects\\Databse\\Attendance_Management_System\\vendor\\laravel\\framework\\src\\Illuminate\\Pipeline\\Pipeline.php(128): Illuminate\\Routing\\Router->Illuminate\\Routing\\{closure}(Object(Illuminate\\Http\\Request))
#17 F:\\.My Projects\\Databse\\Attendance_Management_System\\vendor\\laravel\\framework\\src\\Illuminate\\Routing\\Middleware\\SubstituteBindings.php(50): Illuminate\\Pipeline\\Pipeline->Illuminate\\Pipeline\\{closure}(Object(Illuminate\\Http\\Request))
#18 F:\\.My Projects\\Databse\\Attendance_Management_System\\vendor\\laravel\\framework\\src\\Illuminate\\Pipeline\\Pipeline.php(167): Illuminate\\Routing\\Middleware\\SubstituteBindings->handle(Object(Illuminate\\Http\\Request), Object(Closure))
#19 F:\\.My Projects\\Databse\\Attendance_Management_System\\vendor\\laravel\\framework\\src\\Illuminate\\Foundation\\Http\\Middleware\\VerifyCsrfToken.php(78): Illuminate\\Pipeline\\Pipeline->Illuminate\\Pipeline\\{closure}(Object(Illuminate\\Http\\Request))
#20 F:\\.My Projects\\Databse\\Attendance_Management_System\\vendor\\laravel\\framework\\src\\Illuminate\\Pipeline\\Pipeline.php(167): Illuminate\\Foundation\\Http\\Middleware\\VerifyCsrfToken->handle(Object(Illuminate\\Http\\Request), Object(Closure))
#21 F:\\.My Projects\\Databse\\Attendance_Management_System\\vendor\\laravel\\framework\\src\\Illuminate\\View\\Middleware\\ShareErrorsFromSession.php(49): Illuminate\\Pipeline\\Pipeline->Illuminate\\Pipeline\\{closure}(Object(Illuminate\\Http\\Request))
#22 F:\\.My Projects\\Databse\\Attendance_Management_System\\vendor\\laravel\\framework\\src\\Illuminate\\Pipeline\\Pipeline.php(167): Illuminate\\View\\Middleware\\ShareErrorsFromSession->handle(Object(Illuminate\\Http\\Request), Object(Closure))
#23 F:\\.My Projects\\Databse\\Attendance_Management_System\\vendor\\laravel\\framework\\src\\Illuminate\\Session\\Middleware\\StartSession.php(121): Illuminate\\Pipeline\\Pipeline->Illuminate\\Pipeline\\{closure}(Object(Illuminate\\Http\\Request))
#24 F:\\.My Projects\\Databse\\Attendance_Management_System\\vendor\\laravel\\framework\\src\\Illuminate\\Session\\Middleware\\StartSession.php(64): Illuminate\\Session\\Middleware\\StartSession->handleStatefulRequest(Object(Illuminate\\Http\\Request), Object(Illuminate\\Session\\Store), Object(Closure))
#25 F:\\.My Projects\\Databse\\Attendance_Management_System\\vendor\\laravel\\framework\\src\\Illuminate\\Pipeline\\Pipeline.php(167): Illuminate\\Session\\Middleware\\StartSession->handle(Object(Illuminate\\Http\\Request), Object(Closure))
#26 F:\\.My Projects\\Databse\\Attendance_Management_System\\vendor\\laravel\\framework\\src\\Illuminate\\Cookie\\Middleware\\AddQueuedCookiesToResponse.php(37): Illuminate\\Pipeline\\Pipeline->Illuminate\\Pipeline\\{closure}(Object(Illuminate\\Http\\Request))
#27 F:\\.My Projects\\Databse\\Attendance_Management_System\\vendor\\laravel\\framework\\src\\Illuminate\\Pipeline\\Pipeline.php(167): Illuminate\\Cookie\\Middleware\\AddQueuedCookiesToResponse->handle(Object(Illuminate\\Http\\Request), Object(Closure))
#28 F:\\.My Projects\\Databse\\Attendance_Management_System\\vendor\\laravel\\framework\\src\\Illuminate\\Cookie\\Middleware\\EncryptCookies.php(67): Illuminate\\Pipeline\\Pipeline->Illuminate\\Pipeline\\{closure}(Object(Illuminate\\Http\\Request))
#29 F:\\.My Projects\\Databse\\Attendance_Management_System\\vendor\\laravel\\framework\\src\\Illuminate\\Pipeline\\Pipeline.php(167): Illuminate\\Cookie\\Middleware\\EncryptCookies->handle(Object(Illuminate\\Http\\Request), Object(Closure))
#30 F:\\.My Projects\\Databse\\Attendance_Management_System\\vendor\\laravel\\framework\\src\\Illuminate\\Pipeline\\Pipeline.php(103): Illuminate\\Pipeline\\Pipeline->Illuminate\\Pipeline\\{closure}(Object(Illuminate\\Http\\Request))
#31 F:\\.My Projects\\Databse\\Attendance_Management_System\\vendor\\laravel\\framework\\src\\Illuminate\\Routing\\Router.php(719): Illuminate\\Pipeline\\Pipeline->then(Object(Closure))
#32 F:\\.My Projects\\Databse\\Attendance_Management_System\\vendor\\laravel\\framework\\src\\Illuminate\\Routing\\Router.php(698): Illuminate\\Routing\\Router->runRouteWithinStack(Object(Illuminate\\Routing\\Route), Object(Illuminate\\Http\\Request))
#33 F:\\.My Projects\\Databse\\Attendance_Management_System\\vendor\\laravel\\framework\\src\\Illuminate\\Routing\\Router.php(662): Illuminate\\Routing\\Router->runRoute(Object(Illuminate\\Http\\Request), Object(Illuminate\\Routing\\Route))
#34 F:\\.My Projects\\Databse\\Attendance_Management_System\\vendor\\laravel\\framework\\src\\Illuminate\\Routing\\Router.php(651): Illuminate\\Routing\\Router->dispatchToRoute(Object(Illuminate\\Http\\Request))
#35 F:\\.My Projects\\Databse\\Attendance_Management_System\\vendor\\laravel\\framework\\src\\Illuminate\\Foundation\\Http\\Kernel.php(167): Illuminate\\Routing\\Router->dispatch(Object(Illuminate\\Http\\Request))
#36 F:\\.My Projects\\Databse\\Attendance_Management_System\\vendor\\laravel\\framework\\src\\Illuminate\\Pipeline\\Pipeline.php(128): Illuminate\\Foundation\\Http\\Kernel->Illuminate\\Foundation\\Http\\{closure}(Object(Illuminate\\Http\\Request))
#37 F:\\.My Projects\\Databse\\Attendance_Management_System\\vendor\\laravel\\framework\\src\\Illuminate\\Foundation\\Http\\Middleware\\TransformsRequest.php(21): Illuminate\\Pipeline\\Pipeline->Illuminate\\Pipeline\\{closure}(Object(Illuminate\\Http\\Request))
#38 F:\\.My Projects\\Databse\\Attendance_Management_System\\vendor\\laravel\\framework\\src\\Illuminate\\Foundation\\Http\\Middleware\\ConvertEmptyStringsToNull.php(31): Illuminate\\Foundation\\Http\\Middleware\\TransformsRequest->handle(Object(Illuminate\\Http\\Request), Object(Closure))
#39 F:\\.My Projects\\Databse\\Attendance_Management_System\\vendor\\laravel\\framework\\src\\Illuminate\\Pipeline\\Pipeline.php(167): Illuminate\\Foundation\\Http\\Middleware\\ConvertEmptyStringsToNull->handle(Object(Illuminate\\Http\\Request), Object(Closure))
#40 F:\\.My Projects\\Databse\\Attendance_Management_System\\vendor\\laravel\\framework\\src\\Illuminate\\Foundation\\Http\\Middleware\\TransformsRequest.php(21): Illuminate\\Pipeline\\Pipeline->Illuminate\\Pipeline\\{closure}(Object(Illuminate\\Http\\Request))
#41 F:\\.My Projects\\Databse\\Attendance_Management_System\\vendor\\laravel\\framework\\src\\Illuminate\\Foundation\\Http\\Middleware\\TrimStrings.php(40): Illuminate\\Foundation\\Http\\Middleware\\TransformsRequest->handle(Object(Illuminate\\Http\\Request), Object(Closure))
#42 F:\\.My Projects\\Databse\\Attendance_Management_System\\vendor\\laravel\\framework\\src\\Illuminate\\Pipeline\\Pipeline.php(167): Illuminate\\Foundation\\Http\\Middleware\\TrimStrings->handle(Object(Illuminate\\Http\\Request), Object(Closure))
#43 F:\\.My Projects\\Databse\\Attendance_Management_System\\vendor\\laravel\\framework\\src\\Illuminate\\Foundation\\Http\\Middleware\\ValidatePostSize.php(27): Illuminate\\Pipeline\\Pipeline->Illuminate\\Pipeline\\{closure}(Object(Illuminate\\Http\\Request))
#44 F:\\.My Projects\\Databse\\Attendance_Management_System\\vendor\\laravel\\framework\\src\\Illuminate\\Pipeline\\Pipeline.php(167): Illuminate\\Foundation\\Http\\Middleware\\ValidatePostSize->handle(Object(Illuminate\\Http\\Request), Object(Closure))
#45 F:\\.My Projects\\Databse\\Attendance_Management_System\\vendor\\laravel\\framework\\src\\Illuminate\\Foundation\\Http\\Middleware\\PreventRequestsDuringMaintenance.php(86): Illuminate\\Pipeline\\Pipeline->Illuminate\\Pipeline\\{closure}(Object(Illuminate\\Http\\Request))
#46 F:\\.My Projects\\Databse\\Attendance_Management_System\\vendor\\laravel\\framework\\src\\Illuminate\\Pipeline\\Pipeline.php(167): Illuminate\\Foundation\\Http\\Middleware\\PreventRequestsDuringMaintenance->handle(Object(Illuminate\\Http\\Request), Object(Closure))
#47 F:\\.My Projects\\Databse\\Attendance_Management_System\\vendor\\fruitcake\\laravel-cors\\src\\HandleCors.php(38): Illuminate\\Pipeline\\Pipeline->Illuminate\\Pipeline\\{closure}(Object(Illuminate\\Http\\Request))
#48 F:\\.My Projects\\Databse\\Attendance_Management_System\\vendor\\laravel\\framework\\src\\Illuminate\\Pipeline\\Pipeline.php(167): Fruitcake\\Cors\\HandleCors->handle(Object(Illuminate\\Http\\Request), Object(Closure))
#49 F:\\.My Projects\\Databse\\Attendance_Management_System\\vendor\\laravel\\framework\\src\\Illuminate\\Http\\Middleware\\TrustProxies.php(39): Illuminate\\Pipeline\\Pipeline->Illuminate\\Pipeline\\{closure}(Object(Illuminate\\Http\\Request))
#50 F:\\.My Projects\\Databse\\Attendance_Management_System\\vendor\\laravel\\framework\\src\\Illuminate\\Pipeline\\Pipeline.php(167): Illuminate\\Http\\Middleware\\TrustProxies->handle(Object(Illuminate\\Http\\Request), Object(Closure))
#51 F:\\.My Projects\\Databse\\Attendance_Management_System\\vendor\\laravel\\framework\\src\\Illuminate\\Pipeline\\Pipeline.php(103): Illuminate\\Pipeline\\Pipeline->Illuminate\\Pipeline\\{closure}(Object(Illuminate\\Http\\Request))
#52 F:\\.My Projects\\Databse\\Attendance_Management_System\\vendor\\laravel\\framework\\src\\Illuminate\\Foundation\\Http\\Kernel.php(142): Illuminate\\Pipeline\\Pipeline->then(Object(Closure))
#53 F:\\.My Projects\\Databse\\Attendance_Management_System\\vendor\\laravel\\framework\\src\\Illuminate\\Foundation\\Http\\Kernel.php(111): Illuminate\\Foundation\\Http\\Kernel->sendRequestThroughRouter(Object(Illuminate\\Http\\Request))
#54 F:\\.My Projects\\Databse\\Attendance_Management_System\\public\\index.php(54): Illuminate\\Foundation\\Http\\Kernel->handle(Object(Illuminate\\Http\\Request))
#55 F:\\.My Projects\\Databse\\Attendance_Management_System\\server.php(21): require_once('F:\\\\.My Projects...')
#56 {main}
"} 
[2025-05-01 13:31:58] local.ERROR: Cannot end a section without first starting one. (View: F:\.My Projects\Databse\Attendance_Management_System\resources\views\welcome.blade.php) {"view":{"view":"F:\\.My Projects\\Databse\\Attendance_Management_System\\vendor\\laravel\\framework\\src\\Illuminate\\View\\Concerns\\ManagesLayouts.php","data":[]},"userId":1,"exception":"[object] (Facade\\Ignition\\Exceptions\\ViewException(code: 0): Cannot end a section without first starting one. (View: F:\\.My Projects\\Databse\\Attendance_Management_System\\resources\\views\\welcome.blade.php) at F:\\.My Projects\\Databse\\Attendance_Management_System\\vendor\\laravel\\framework\\src\\Illuminate\\View\\Concerns\\ManagesLayouts.php:94)
[stacktrace]
#0 F:\\.My Projects\\Databse\\Attendance_Management_System\\resources\\views/welcome.blade.php(63): Illuminate\\View\\Factory->stopSection()
#1 F:\\.My Projects\\Databse\\Attendance_Management_System\\vendor\\laravel\\framework\\src\\Illuminate\\Filesystem\\Filesystem.php(107): require('F:\\\\.My Projects...')
#2 F:\\.My Projects\\Databse\\Attendance_Management_System\\vendor\\laravel\\framework\\src\\Illuminate\\Filesystem\\Filesystem.php(108): Illuminate\\Filesystem\\Filesystem::Illuminate\\Filesystem\\{closure}()
#3 F:\\.My Projects\\Databse\\Attendance_Management_System\\vendor\\laravel\\framework\\src\\Illuminate\\View\\Engines\\PhpEngine.php(58): Illuminate\\Filesystem\\Filesystem->getRequire('F:\\\\.My Projects...', Array)
#4 F:\\.My Projects\\Databse\\Attendance_Management_System\\vendor\\laravel\\framework\\src\\Illuminate\\View\\Engines\\CompilerEngine.php(61): Illuminate\\View\\Engines\\PhpEngine->evaluatePath('F:\\\\.My Projects...', Array)
#5 F:\\.My Projects\\Databse\\Attendance_Management_System\\vendor\\facade\\ignition\\src\\Views\\Engines\\CompilerEngine.php(37): Illuminate\\View\\Engines\\CompilerEngine->get('F:\\\\.My Projects...', Array)
#6 F:\\.My Projects\\Databse\\Attendance_Management_System\\vendor\\laravel\\framework\\src\\Illuminate\\View\\View.php(139): Facade\\Ignition\\Views\\Engines\\CompilerEngine->get('F:\\\\.My Projects...', Array)
#7 F:\\.My Projects\\Databse\\Attendance_Management_System\\vendor\\laravel\\framework\\src\\Illuminate\\View\\View.php(122): Illuminate\\View\\View->getContents()
#8 F:\\.My Projects\\Databse\\Attendance_Management_System\\vendor\\laravel\\framework\\src\\Illuminate\\View\\View.php(91): Illuminate\\View\\View->renderContents()
#9 F:\\.My Projects\\Databse\\Attendance_Management_System\\vendor\\laravel\\framework\\src\\Illuminate\\Http\\Response.php(69): Illuminate\\View\\View->render()
#10 F:\\.My Projects\\Databse\\Attendance_Management_System\\vendor\\laravel\\framework\\src\\Illuminate\\Http\\Response.php(35): Illuminate\\Http\\Response->setContent(Object(Illuminate\\View\\View))
#11 F:\\.My Projects\\Databse\\Attendance_Management_System\\vendor\\laravel\\framework\\src\\Illuminate\\Routing\\Router.php(820): Illuminate\\Http\\Response->__construct(Object(Illuminate\\View\\View), 200, Array)
#12 F:\\.My Projects\\Databse\\Attendance_Management_System\\vendor\\laravel\\framework\\src\\Illuminate\\Routing\\Router.php(789): Illuminate\\Routing\\Router::toResponse(Object(Illuminate\\Http\\Request), Object(Illuminate\\View\\View))
#13 F:\\.My Projects\\Databse\\Attendance_Management_System\\vendor\\laravel\\framework\\src\\Illuminate\\Routing\\Router.php(720): Illuminate\\Routing\\Router->prepareResponse(Object(Illuminate\\Http\\Request), Object(Illuminate\\View\\View))
#14 F:\\.My Projects\\Databse\\Attendance_Management_System\\vendor\\laravel\\framework\\src\\Illuminate\\Pipeline\\Pipeline.php(128): Illuminate\\Routing\\Router->Illuminate\\Routing\\{closure}(Object(Illuminate\\Http\\Request))
#15 F:\\.My Projects\\Databse\\Attendance_Management_System\\vendor\\laravel\\framework\\src\\Illuminate\\Routing\\Middleware\\SubstituteBindings.php(50): Illuminate\\Pipeline\\Pipeline->Illuminate\\Pipeline\\{closure}(Object(Illuminate\\Http\\Request))
#16 F:\\.My Projects\\Databse\\Attendance_Management_System\\vendor\\laravel\\framework\\src\\Illuminate\\Pipeline\\Pipeline.php(167): Illuminate\\Routing\\Middleware\\SubstituteBindings->handle(Object(Illuminate\\Http\\Request), Object(Closure))
#17 F:\\.My Projects\\Databse\\Attendance_Management_System\\vendor\\laravel\\framework\\src\\Illuminate\\Foundation\\Http\\Middleware\\VerifyCsrfToken.php(78): Illuminate\\Pipeline\\Pipeline->Illuminate\\Pipeline\\{closure}(Object(Illuminate\\Http\\Request))
#18 F:\\.My Projects\\Databse\\Attendance_Management_System\\vendor\\laravel\\framework\\src\\Illuminate\\Pipeline\\Pipeline.php(167): Illuminate\\Foundation\\Http\\Middleware\\VerifyCsrfToken->handle(Object(Illuminate\\Http\\Request), Object(Closure))
#19 F:\\.My Projects\\Databse\\Attendance_Management_System\\vendor\\laravel\\framework\\src\\Illuminate\\View\\Middleware\\ShareErrorsFromSession.php(49): Illuminate\\Pipeline\\Pipeline->Illuminate\\Pipeline\\{closure}(Object(Illuminate\\Http\\Request))
#20 F:\\.My Projects\\Databse\\Attendance_Management_System\\vendor\\laravel\\framework\\src\\Illuminate\\Pipeline\\Pipeline.php(167): Illuminate\\View\\Middleware\\ShareErrorsFromSession->handle(Object(Illuminate\\Http\\Request), Object(Closure))
#21 F:\\.My Projects\\Databse\\Attendance_Management_System\\vendor\\laravel\\framework\\src\\Illuminate\\Session\\Middleware\\StartSession.php(121): Illuminate\\Pipeline\\Pipeline->Illuminate\\Pipeline\\{closure}(Object(Illuminate\\Http\\Request))
#22 F:\\.My Projects\\Databse\\Attendance_Management_System\\vendor\\laravel\\framework\\src\\Illuminate\\Session\\Middleware\\StartSession.php(64): Illuminate\\Session\\Middleware\\StartSession->handleStatefulRequest(Object(Illuminate\\Http\\Request), Object(Illuminate\\Session\\Store), Object(Closure))
#23 F:\\.My Projects\\Databse\\Attendance_Management_System\\vendor\\laravel\\framework\\src\\Illuminate\\Pipeline\\Pipeline.php(167): Illuminate\\Session\\Middleware\\StartSession->handle(Object(Illuminate\\Http\\Request), Object(Closure))
#24 F:\\.My Projects\\Databse\\Attendance_Management_System\\vendor\\laravel\\framework\\src\\Illuminate\\Cookie\\Middleware\\AddQueuedCookiesToResponse.php(37): Illuminate\\Pipeline\\Pipeline->Illuminate\\Pipeline\\{closure}(Object(Illuminate\\Http\\Request))
#25 F:\\.My Projects\\Databse\\Attendance_Management_System\\vendor\\laravel\\framework\\src\\Illuminate\\Pipeline\\Pipeline.php(167): Illuminate\\Cookie\\Middleware\\AddQueuedCookiesToResponse->handle(Object(Illuminate\\Http\\Request), Object(Closure))
#26 F:\\.My Projects\\Databse\\Attendance_Management_System\\vendor\\laravel\\framework\\src\\Illuminate\\Cookie\\Middleware\\EncryptCookies.php(67): Illuminate\\Pipeline\\Pipeline->Illuminate\\Pipeline\\{closure}(Object(Illuminate\\Http\\Request))
#27 F:\\.My Projects\\Databse\\Attendance_Management_System\\vendor\\laravel\\framework\\src\\Illuminate\\Pipeline\\Pipeline.php(167): Illuminate\\Cookie\\Middleware\\EncryptCookies->handle(Object(Illuminate\\Http\\Request), Object(Closure))
#28 F:\\.My Projects\\Databse\\Attendance_Management_System\\vendor\\laravel\\framework\\src\\Illuminate\\Pipeline\\Pipeline.php(103): Illuminate\\Pipeline\\Pipeline->Illuminate\\Pipeline\\{closure}(Object(Illuminate\\Http\\Request))
#29 F:\\.My Projects\\Databse\\Attendance_Management_System\\vendor\\laravel\\framework\\src\\Illuminate\\Routing\\Router.php(719): Illuminate\\Pipeline\\Pipeline->then(Object(Closure))
#30 F:\\.My Projects\\Databse\\Attendance_Management_System\\vendor\\laravel\\framework\\src\\Illuminate\\Routing\\Router.php(698): Illuminate\\Routing\\Router->runRouteWithinStack(Object(Illuminate\\Routing\\Route), Object(Illuminate\\Http\\Request))
#31 F:\\.My Projects\\Databse\\Attendance_Management_System\\vendor\\laravel\\framework\\src\\Illuminate\\Routing\\Router.php(662): Illuminate\\Routing\\Router->runRoute(Object(Illuminate\\Http\\Request), Object(Illuminate\\Routing\\Route))
#32 F:\\.My Projects\\Databse\\Attendance_Management_System\\vendor\\laravel\\framework\\src\\Illuminate\\Routing\\Router.php(651): Illuminate\\Routing\\Router->dispatchToRoute(Object(Illuminate\\Http\\Request))
#33 F:\\.My Projects\\Databse\\Attendance_Management_System\\vendor\\laravel\\framework\\src\\Illuminate\\Foundation\\Http\\Kernel.php(167): Illuminate\\Routing\\Router->dispatch(Object(Illuminate\\Http\\Request))
#34 F:\\.My Projects\\Databse\\Attendance_Management_System\\vendor\\laravel\\framework\\src\\Illuminate\\Pipeline\\Pipeline.php(128): Illuminate\\Foundation\\Http\\Kernel->Illuminate\\Foundation\\Http\\{closure}(Object(Illuminate\\Http\\Request))
#35 F:\\.My Projects\\Databse\\Attendance_Management_System\\vendor\\laravel\\framework\\src\\Illuminate\\Foundation\\Http\\Middleware\\TransformsRequest.php(21): Illuminate\\Pipeline\\Pipeline->Illuminate\\Pipeline\\{closure}(Object(Illuminate\\Http\\Request))
#36 F:\\.My Projects\\Databse\\Attendance_Management_System\\vendor\\laravel\\framework\\src\\Illuminate\\Foundation\\Http\\Middleware\\ConvertEmptyStringsToNull.php(31): Illuminate\\Foundation\\Http\\Middleware\\TransformsRequest->handle(Object(Illuminate\\Http\\Request), Object(Closure))
#37 F:\\.My Projects\\Databse\\Attendance_Management_System\\vendor\\laravel\\framework\\src\\Illuminate\\Pipeline\\Pipeline.php(167): Illuminate\\Foundation\\Http\\Middleware\\ConvertEmptyStringsToNull->handle(Object(Illuminate\\Http\\Request), Object(Closure))
#38 F:\\.My Projects\\Databse\\Attendance_Management_System\\vendor\\laravel\\framework\\src\\Illuminate\\Foundation\\Http\\Middleware\\TransformsRequest.php(21): Illuminate\\Pipeline\\Pipeline->Illuminate\\Pipeline\\{closure}(Object(Illuminate\\Http\\Request))
#39 F:\\.My Projects\\Databse\\Attendance_Management_System\\vendor\\laravel\\framework\\src\\Illuminate\\Foundation\\Http\\Middleware\\TrimStrings.php(40): Illuminate\\Foundation\\Http\\Middleware\\TransformsRequest->handle(Object(Illuminate\\Http\\Request), Object(Closure))
#40 F:\\.My Projects\\Databse\\Attendance_Management_System\\vendor\\laravel\\framework\\src\\Illuminate\\Pipeline\\Pipeline.php(167): Illuminate\\Foundation\\Http\\Middleware\\TrimStrings->handle(Object(Illuminate\\Http\\Request), Object(Closure))
#41 F:\\.My Projects\\Databse\\Attendance_Management_System\\vendor\\laravel\\framework\\src\\Illuminate\\Foundation\\Http\\Middleware\\ValidatePostSize.php(27): Illuminate\\Pipeline\\Pipeline->Illuminate\\Pipeline\\{closure}(Object(Illuminate\\Http\\Request))
#42 F:\\.My Projects\\Databse\\Attendance_Management_System\\vendor\\laravel\\framework\\src\\Illuminate\\Pipeline\\Pipeline.php(167): Illuminate\\Foundation\\Http\\Middleware\\ValidatePostSize->handle(Object(Illuminate\\Http\\Request), Object(Closure))
#43 F:\\.My Projects\\Databse\\Attendance_Management_System\\vendor\\laravel\\framework\\src\\Illuminate\\Foundation\\Http\\Middleware\\PreventRequestsDuringMaintenance.php(86): Illuminate\\Pipeline\\Pipeline->Illuminate\\Pipeline\\{closure}(Object(Illuminate\\Http\\Request))
#44 F:\\.My Projects\\Databse\\Attendance_Management_System\\vendor\\laravel\\framework\\src\\Illuminate\\Pipeline\\Pipeline.php(167): Illuminate\\Foundation\\Http\\Middleware\\PreventRequestsDuringMaintenance->handle(Object(Illuminate\\Http\\Request), Object(Closure))
#45 F:\\.My Projects\\Databse\\Attendance_Management_System\\vendor\\fruitcake\\laravel-cors\\src\\HandleCors.php(38): Illuminate\\Pipeline\\Pipeline->Illuminate\\Pipeline\\{closure}(Object(Illuminate\\Http\\Request))
#46 F:\\.My Projects\\Databse\\Attendance_Management_System\\vendor\\laravel\\framework\\src\\Illuminate\\Pipeline\\Pipeline.php(167): Fruitcake\\Cors\\HandleCors->handle(Object(Illuminate\\Http\\Request), Object(Closure))
#47 F:\\.My Projects\\Databse\\Attendance_Management_System\\vendor\\laravel\\framework\\src\\Illuminate\\Http\\Middleware\\TrustProxies.php(39): Illuminate\\Pipeline\\Pipeline->Illuminate\\Pipeline\\{closure}(Object(Illuminate\\Http\\Request))
#48 F:\\.My Projects\\Databse\\Attendance_Management_System\\vendor\\laravel\\framework\\src\\Illuminate\\Pipeline\\Pipeline.php(167): Illuminate\\Http\\Middleware\\TrustProxies->handle(Object(Illuminate\\Http\\Request), Object(Closure))
#49 F:\\.My Projects\\Databse\\Attendance_Management_System\\vendor\\laravel\\framework\\src\\Illuminate\\Pipeline\\Pipeline.php(103): Illuminate\\Pipeline\\Pipeline->Illuminate\\Pipeline\\{closure}(Object(Illuminate\\Http\\Request))
#50 F:\\.My Projects\\Databse\\Attendance_Management_System\\vendor\\laravel\\framework\\src\\Illuminate\\Foundation\\Http\\Kernel.php(142): Illuminate\\Pipeline\\Pipeline->then(Object(Closure))
#51 F:\\.My Projects\\Databse\\Attendance_Management_System\\vendor\\laravel\\framework\\src\\Illuminate\\Foundation\\Http\\Kernel.php(111): Illuminate\\Foundation\\Http\\Kernel->sendRequestThroughRouter(Object(Illuminate\\Http\\Request))
#52 F:\\.My Projects\\Databse\\Attendance_Management_System\\public\\index.php(54): Illuminate\\Foundation\\Http\\Kernel->handle(Object(Illuminate\\Http\\Request))
#53 F:\\.My Projects\\Databse\\Attendance_Management_System\\server.php(21): require_once('F:\\\\.My Projects...')
#54 {main}

[previous exception] [object] (InvalidArgumentException(code: 0): Cannot end a section without first starting one. at F:\\.My Projects\\Databse\\Attendance_Management_System\\vendor\\laravel\\framework\\src\\Illuminate\\View\\Concerns\\ManagesLayouts.php:94)
[stacktrace]
#0 F:\\.My Projects\\Databse\\Attendance_Management_System\\storage\\framework\\views\\1f5f93e2d57159b8be9e60f946248c836725e606.php(63): Illuminate\\View\\Factory->stopSection()
#1 F:\\.My Projects\\Databse\\Attendance_Management_System\\vendor\\laravel\\framework\\src\\Illuminate\\Filesystem\\Filesystem.php(107): require('F:\\\\.My Projects...')
#2 F:\\.My Projects\\Databse\\Attendance_Management_System\\vendor\\laravel\\framework\\src\\Illuminate\\Filesystem\\Filesystem.php(108): Illuminate\\Filesystem\\Filesystem::Illuminate\\Filesystem\\{closure}()
#3 F:\\.My Projects\\Databse\\Attendance_Management_System\\vendor\\laravel\\framework\\src\\Illuminate\\View\\Engines\\PhpEngine.php(58): Illuminate\\Filesystem\\Filesystem->getRequire('F:\\\\.My Projects...', Array)
#4 F:\\.My Projects\\Databse\\Attendance_Management_System\\vendor\\laravel\\framework\\src\\Illuminate\\View\\Engines\\CompilerEngine.php(61): Illuminate\\View\\Engines\\PhpEngine->evaluatePath('F:\\\\.My Projects...', Array)
#5 F:\\.My Projects\\Databse\\Attendance_Management_System\\vendor\\facade\\ignition\\src\\Views\\Engines\\CompilerEngine.php(37): Illuminate\\View\\Engines\\CompilerEngine->get('F:\\\\.My Projects...', Array)
#6 F:\\.My Projects\\Databse\\Attendance_Management_System\\vendor\\laravel\\framework\\src\\Illuminate\\View\\View.php(139): Facade\\Ignition\\Views\\Engines\\CompilerEngine->get('F:\\\\.My Projects...', Array)
#7 F:\\.My Projects\\Databse\\Attendance_Management_System\\vendor\\laravel\\framework\\src\\Illuminate\\View\\View.php(122): Illuminate\\View\\View->getContents()
#8 F:\\.My Projects\\Databse\\Attendance_Management_System\\vendor\\laravel\\framework\\src\\Illuminate\\View\\View.php(91): Illuminate\\View\\View->renderContents()
#9 F:\\.My Projects\\Databse\\Attendance_Management_System\\vendor\\laravel\\framework\\src\\Illuminate\\Http\\Response.php(69): Illuminate\\View\\View->render()
#10 F:\\.My Projects\\Databse\\Attendance_Management_System\\vendor\\laravel\\framework\\src\\Illuminate\\Http\\Response.php(35): Illuminate\\Http\\Response->setContent(Object(Illuminate\\View\\View))
#11 F:\\.My Projects\\Databse\\Attendance_Management_System\\vendor\\laravel\\framework\\src\\Illuminate\\Routing\\Router.php(820): Illuminate\\Http\\Response->__construct(Object(Illuminate\\View\\View), 200, Array)
#12 F:\\.My Projects\\Databse\\Attendance_Management_System\\vendor\\laravel\\framework\\src\\Illuminate\\Routing\\Router.php(789): Illuminate\\Routing\\Router::toResponse(Object(Illuminate\\Http\\Request), Object(Illuminate\\View\\View))
#13 F:\\.My Projects\\Databse\\Attendance_Management_System\\vendor\\laravel\\framework\\src\\Illuminate\\Routing\\Router.php(720): Illuminate\\Routing\\Router->prepareResponse(Object(Illuminate\\Http\\Request), Object(Illuminate\\View\\View))
#14 F:\\.My Projects\\Databse\\Attendance_Management_System\\vendor\\laravel\\framework\\src\\Illuminate\\Pipeline\\Pipeline.php(128): Illuminate\\Routing\\Router->Illuminate\\Routing\\{closure}(Object(Illuminate\\Http\\Request))
#15 F:\\.My Projects\\Databse\\Attendance_Management_System\\vendor\\laravel\\framework\\src\\Illuminate\\Routing\\Middleware\\SubstituteBindings.php(50): Illuminate\\Pipeline\\Pipeline->Illuminate\\Pipeline\\{closure}(Object(Illuminate\\Http\\Request))
#16 F:\\.My Projects\\Databse\\Attendance_Management_System\\vendor\\laravel\\framework\\src\\Illuminate\\Pipeline\\Pipeline.php(167): Illuminate\\Routing\\Middleware\\SubstituteBindings->handle(Object(Illuminate\\Http\\Request), Object(Closure))
#17 F:\\.My Projects\\Databse\\Attendance_Management_System\\vendor\\laravel\\framework\\src\\Illuminate\\Foundation\\Http\\Middleware\\VerifyCsrfToken.php(78): Illuminate\\Pipeline\\Pipeline->Illuminate\\Pipeline\\{closure}(Object(Illuminate\\Http\\Request))
#18 F:\\.My Projects\\Databse\\Attendance_Management_System\\vendor\\laravel\\framework\\src\\Illuminate\\Pipeline\\Pipeline.php(167): Illuminate\\Foundation\\Http\\Middleware\\VerifyCsrfToken->handle(Object(Illuminate\\Http\\Request), Object(Closure))
#19 F:\\.My Projects\\Databse\\Attendance_Management_System\\vendor\\laravel\\framework\\src\\Illuminate\\View\\Middleware\\ShareErrorsFromSession.php(49): Illuminate\\Pipeline\\Pipeline->Illuminate\\Pipeline\\{closure}(Object(Illuminate\\Http\\Request))
#20 F:\\.My Projects\\Databse\\Attendance_Management_System\\vendor\\laravel\\framework\\src\\Illuminate\\Pipeline\\Pipeline.php(167): Illuminate\\View\\Middleware\\ShareErrorsFromSession->handle(Object(Illuminate\\Http\\Request), Object(Closure))
#21 F:\\.My Projects\\Databse\\Attendance_Management_System\\vendor\\laravel\\framework\\src\\Illuminate\\Session\\Middleware\\StartSession.php(121): Illuminate\\Pipeline\\Pipeline->Illuminate\\Pipeline\\{closure}(Object(Illuminate\\Http\\Request))
#22 F:\\.My Projects\\Databse\\Attendance_Management_System\\vendor\\laravel\\framework\\src\\Illuminate\\Session\\Middleware\\StartSession.php(64): Illuminate\\Session\\Middleware\\StartSession->handleStatefulRequest(Object(Illuminate\\Http\\Request), Object(Illuminate\\Session\\Store), Object(Closure))
#23 F:\\.My Projects\\Databse\\Attendance_Management_System\\vendor\\laravel\\framework\\src\\Illuminate\\Pipeline\\Pipeline.php(167): Illuminate\\Session\\Middleware\\StartSession->handle(Object(Illuminate\\Http\\Request), Object(Closure))
#24 F:\\.My Projects\\Databse\\Attendance_Management_System\\vendor\\laravel\\framework\\src\\Illuminate\\Cookie\\Middleware\\AddQueuedCookiesToResponse.php(37): Illuminate\\Pipeline\\Pipeline->Illuminate\\Pipeline\\{closure}(Object(Illuminate\\Http\\Request))
#25 F:\\.My Projects\\Databse\\Attendance_Management_System\\vendor\\laravel\\framework\\src\\Illuminate\\Pipeline\\Pipeline.php(167): Illuminate\\Cookie\\Middleware\\AddQueuedCookiesToResponse->handle(Object(Illuminate\\Http\\Request), Object(Closure))
#26 F:\\.My Projects\\Databse\\Attendance_Management_System\\vendor\\laravel\\framework\\src\\Illuminate\\Cookie\\Middleware\\EncryptCookies.php(67): Illuminate\\Pipeline\\Pipeline->Illuminate\\Pipeline\\{closure}(Object(Illuminate\\Http\\Request))
#27 F:\\.My Projects\\Databse\\Attendance_Management_System\\vendor\\laravel\\framework\\src\\Illuminate\\Pipeline\\Pipeline.php(167): Illuminate\\Cookie\\Middleware\\EncryptCookies->handle(Object(Illuminate\\Http\\Request), Object(Closure))
#28 F:\\.My Projects\\Databse\\Attendance_Management_System\\vendor\\laravel\\framework\\src\\Illuminate\\Pipeline\\Pipeline.php(103): Illuminate\\Pipeline\\Pipeline->Illuminate\\Pipeline\\{closure}(Object(Illuminate\\Http\\Request))
#29 F:\\.My Projects\\Databse\\Attendance_Management_System\\vendor\\laravel\\framework\\src\\Illuminate\\Routing\\Router.php(719): Illuminate\\Pipeline\\Pipeline->then(Object(Closure))
#30 F:\\.My Projects\\Databse\\Attendance_Management_System\\vendor\\laravel\\framework\\src\\Illuminate\\Routing\\Router.php(698): Illuminate\\Routing\\Router->runRouteWithinStack(Object(Illuminate\\Routing\\Route), Object(Illuminate\\Http\\Request))
#31 F:\\.My Projects\\Databse\\Attendance_Management_System\\vendor\\laravel\\framework\\src\\Illuminate\\Routing\\Router.php(662): Illuminate\\Routing\\Router->runRoute(Object(Illuminate\\Http\\Request), Object(Illuminate\\Routing\\Route))
#32 F:\\.My Projects\\Databse\\Attendance_Management_System\\vendor\\laravel\\framework\\src\\Illuminate\\Routing\\Router.php(651): Illuminate\\Routing\\Router->dispatchToRoute(Object(Illuminate\\Http\\Request))
#33 F:\\.My Projects\\Databse\\Attendance_Management_System\\vendor\\laravel\\framework\\src\\Illuminate\\Foundation\\Http\\Kernel.php(167): Illuminate\\Routing\\Router->dispatch(Object(Illuminate\\Http\\Request))
#34 F:\\.My Projects\\Databse\\Attendance_Management_System\\vendor\\laravel\\framework\\src\\Illuminate\\Pipeline\\Pipeline.php(128): Illuminate\\Foundation\\Http\\Kernel->Illuminate\\Foundation\\Http\\{closure}(Object(Illuminate\\Http\\Request))
#35 F:\\.My Projects\\Databse\\Attendance_Management_System\\vendor\\laravel\\framework\\src\\Illuminate\\Foundation\\Http\\Middleware\\TransformsRequest.php(21): Illuminate\\Pipeline\\Pipeline->Illuminate\\Pipeline\\{closure}(Object(Illuminate\\Http\\Request))
#36 F:\\.My Projects\\Databse\\Attendance_Management_System\\vendor\\laravel\\framework\\src\\Illuminate\\Foundation\\Http\\Middleware\\ConvertEmptyStringsToNull.php(31): Illuminate\\Foundation\\Http\\Middleware\\TransformsRequest->handle(Object(Illuminate\\Http\\Request), Object(Closure))
#37 F:\\.My Projects\\Databse\\Attendance_Management_System\\vendor\\laravel\\framework\\src\\Illuminate\\Pipeline\\Pipeline.php(167): Illuminate\\Foundation\\Http\\Middleware\\ConvertEmptyStringsToNull->handle(Object(Illuminate\\Http\\Request), Object(Closure))
#38 F:\\.My Projects\\Databse\\Attendance_Management_System\\vendor\\laravel\\framework\\src\\Illuminate\\Foundation\\Http\\Middleware\\TransformsRequest.php(21): Illuminate\\Pipeline\\Pipeline->Illuminate\\Pipeline\\{closure}(Object(Illuminate\\Http\\Request))
#39 F:\\.My Projects\\Databse\\Attendance_Management_System\\vendor\\laravel\\framework\\src\\Illuminate\\Foundation\\Http\\Middleware\\TrimStrings.php(40): Illuminate\\Foundation\\Http\\Middleware\\TransformsRequest->handle(Object(Illuminate\\Http\\Request), Object(Closure))
#40 F:\\.My Projects\\Databse\\Attendance_Management_System\\vendor\\laravel\\framework\\src\\Illuminate\\Pipeline\\Pipeline.php(167): Illuminate\\Foundation\\Http\\Middleware\\TrimStrings->handle(Object(Illuminate\\Http\\Request), Object(Closure))
#41 F:\\.My Projects\\Databse\\Attendance_Management_System\\vendor\\laravel\\framework\\src\\Illuminate\\Foundation\\Http\\Middleware\\ValidatePostSize.php(27): Illuminate\\Pipeline\\Pipeline->Illuminate\\Pipeline\\{closure}(Object(Illuminate\\Http\\Request))
#42 F:\\.My Projects\\Databse\\Attendance_Management_System\\vendor\\laravel\\framework\\src\\Illuminate\\Pipeline\\Pipeline.php(167): Illuminate\\Foundation\\Http\\Middleware\\ValidatePostSize->handle(Object(Illuminate\\Http\\Request), Object(Closure))
#43 F:\\.My Projects\\Databse\\Attendance_Management_System\\vendor\\laravel\\framework\\src\\Illuminate\\Foundation\\Http\\Middleware\\PreventRequestsDuringMaintenance.php(86): Illuminate\\Pipeline\\Pipeline->Illuminate\\Pipeline\\{closure}(Object(Illuminate\\Http\\Request))
#44 F:\\.My Projects\\Databse\\Attendance_Management_System\\vendor\\laravel\\framework\\src\\Illuminate\\Pipeline\\Pipeline.php(167): Illuminate\\Foundation\\Http\\Middleware\\PreventRequestsDuringMaintenance->handle(Object(Illuminate\\Http\\Request), Object(Closure))
#45 F:\\.My Projects\\Databse\\Attendance_Management_System\\vendor\\fruitcake\\laravel-cors\\src\\HandleCors.php(38): Illuminate\\Pipeline\\Pipeline->Illuminate\\Pipeline\\{closure}(Object(Illuminate\\Http\\Request))
#46 F:\\.My Projects\\Databse\\Attendance_Management_System\\vendor\\laravel\\framework\\src\\Illuminate\\Pipeline\\Pipeline.php(167): Fruitcake\\Cors\\HandleCors->handle(Object(Illuminate\\Http\\Request), Object(Closure))
#47 F:\\.My Projects\\Databse\\Attendance_Management_System\\vendor\\laravel\\framework\\src\\Illuminate\\Http\\Middleware\\TrustProxies.php(39): Illuminate\\Pipeline\\Pipeline->Illuminate\\Pipeline\\{closure}(Object(Illuminate\\Http\\Request))
#48 F:\\.My Projects\\Databse\\Attendance_Management_System\\vendor\\laravel\\framework\\src\\Illuminate\\Pipeline\\Pipeline.php(167): Illuminate\\Http\\Middleware\\TrustProxies->handle(Object(Illuminate\\Http\\Request), Object(Closure))
#49 F:\\.My Projects\\Databse\\Attendance_Management_System\\vendor\\laravel\\framework\\src\\Illuminate\\Pipeline\\Pipeline.php(103): Illuminate\\Pipeline\\Pipeline->Illuminate\\Pipeline\\{closure}(Object(Illuminate\\Http\\Request))
#50 F:\\.My Projects\\Databse\\Attendance_Management_System\\vendor\\laravel\\framework\\src\\Illuminate\\Foundation\\Http\\Kernel.php(142): Illuminate\\Pipeline\\Pipeline->then(Object(Closure))
#51 F:\\.My Projects\\Databse\\Attendance_Management_System\\vendor\\laravel\\framework\\src\\Illuminate\\Foundation\\Http\\Kernel.php(111): Illuminate\\Foundation\\Http\\Kernel->sendRequestThroughRouter(Object(Illuminate\\Http\\Request))
#52 F:\\.My Projects\\Databse\\Attendance_Management_System\\public\\index.php(54): Illuminate\\Foundation\\Http\\Kernel->handle(Object(Illuminate\\Http\\Request))
#53 F:\\.My Projects\\Databse\\Attendance_Management_System\\server.php(21): require_once('F:\\\\.My Projects...')
#54 {main}
"} 
[2025-05-01 13:32:41] local.ERROR: View [layouts.app] not found. (View: F:\.My Projects\Databse\Attendance_Management_System\resources\views\welcome.blade.php) {"view":{"view":"F:\\.My Projects\\Databse\\Attendance_Management_System\\vendor\\laravel\\framework\\src\\Illuminate\\View\\FileViewFinder.php","data":[]},"userId":1,"exception":"[object] (Facade\\Ignition\\Exceptions\\ViewException(code: 0): View [layouts.app] not found. (View: F:\\.My Projects\\Databse\\Attendance_Management_System\\resources\\views\\welcome.blade.php) at F:\\.My Projects\\Databse\\Attendance_Management_System\\vendor\\laravel\\framework\\src\\Illuminate\\View\\FileViewFinder.php:137)
[stacktrace]
#0 F:\\.My Projects\\Databse\\Attendance_Management_System\\vendor\\laravel\\framework\\src\\Illuminate\\View\\FileViewFinder.php(79): Illuminate\\View\\FileViewFinder->findInPaths('layouts.app', Array)
#1 F:\\.My Projects\\Databse\\Attendance_Management_System\\vendor\\laravel\\framework\\src\\Illuminate\\View\\Factory.php(137): Illuminate\\View\\FileViewFinder->find('layouts.app')
#2 F:\\.My Projects\\Databse\\Attendance_Management_System\\resources\\views/welcome.blade.php(65): Illuminate\\View\\Factory->make('layouts.app', Array)
#3 F:\\.My Projects\\Databse\\Attendance_Management_System\\vendor\\laravel\\framework\\src\\Illuminate\\Filesystem\\Filesystem.php(107): require('F:\\\\.My Projects...')
#4 F:\\.My Projects\\Databse\\Attendance_Management_System\\vendor\\laravel\\framework\\src\\Illuminate\\Filesystem\\Filesystem.php(108): Illuminate\\Filesystem\\Filesystem::Illuminate\\Filesystem\\{closure}()
#5 F:\\.My Projects\\Databse\\Attendance_Management_System\\vendor\\laravel\\framework\\src\\Illuminate\\View\\Engines\\PhpEngine.php(58): Illuminate\\Filesystem\\Filesystem->getRequire('F:\\\\.My Projects...', Array)
#6 F:\\.My Projects\\Databse\\Attendance_Management_System\\vendor\\laravel\\framework\\src\\Illuminate\\View\\Engines\\CompilerEngine.php(61): Illuminate\\View\\Engines\\PhpEngine->evaluatePath('F:\\\\.My Projects...', Array)
#7 F:\\.My Projects\\Databse\\Attendance_Management_System\\vendor\\facade\\ignition\\src\\Views\\Engines\\CompilerEngine.php(37): Illuminate\\View\\Engines\\CompilerEngine->get('F:\\\\.My Projects...', Array)
#8 F:\\.My Projects\\Databse\\Attendance_Management_System\\vendor\\laravel\\framework\\src\\Illuminate\\View\\View.php(139): Facade\\Ignition\\Views\\Engines\\CompilerEngine->get('F:\\\\.My Projects...', Array)
#9 F:\\.My Projects\\Databse\\Attendance_Management_System\\vendor\\laravel\\framework\\src\\Illuminate\\View\\View.php(122): Illuminate\\View\\View->getContents()
#10 F:\\.My Projects\\Databse\\Attendance_Management_System\\vendor\\laravel\\framework\\src\\Illuminate\\View\\View.php(91): Illuminate\\View\\View->renderContents()
#11 F:\\.My Projects\\Databse\\Attendance_Management_System\\vendor\\laravel\\framework\\src\\Illuminate\\Http\\Response.php(69): Illuminate\\View\\View->render()
#12 F:\\.My Projects\\Databse\\Attendance_Management_System\\vendor\\laravel\\framework\\src\\Illuminate\\Http\\Response.php(35): Illuminate\\Http\\Response->setContent(Object(Illuminate\\View\\View))
#13 F:\\.My Projects\\Databse\\Attendance_Management_System\\vendor\\laravel\\framework\\src\\Illuminate\\Routing\\Router.php(820): Illuminate\\Http\\Response->__construct(Object(Illuminate\\View\\View), 200, Array)
#14 F:\\.My Projects\\Databse\\Attendance_Management_System\\vendor\\laravel\\framework\\src\\Illuminate\\Routing\\Router.php(789): Illuminate\\Routing\\Router::toResponse(Object(Illuminate\\Http\\Request), Object(Illuminate\\View\\View))
#15 F:\\.My Projects\\Databse\\Attendance_Management_System\\vendor\\laravel\\framework\\src\\Illuminate\\Routing\\Router.php(720): Illuminate\\Routing\\Router->prepareResponse(Object(Illuminate\\Http\\Request), Object(Illuminate\\View\\View))
#16 F:\\.My Projects\\Databse\\Attendance_Management_System\\vendor\\laravel\\framework\\src\\Illuminate\\Pipeline\\Pipeline.php(128): Illuminate\\Routing\\Router->Illuminate\\Routing\\{closure}(Object(Illuminate\\Http\\Request))
#17 F:\\.My Projects\\Databse\\Attendance_Management_System\\vendor\\laravel\\framework\\src\\Illuminate\\Routing\\Middleware\\SubstituteBindings.php(50): Illuminate\\Pipeline\\Pipeline->Illuminate\\Pipeline\\{closure}(Object(Illuminate\\Http\\Request))
#18 F:\\.My Projects\\Databse\\Attendance_Management_System\\vendor\\laravel\\framework\\src\\Illuminate\\Pipeline\\Pipeline.php(167): Illuminate\\Routing\\Middleware\\SubstituteBindings->handle(Object(Illuminate\\Http\\Request), Object(Closure))
#19 F:\\.My Projects\\Databse\\Attendance_Management_System\\vendor\\laravel\\framework\\src\\Illuminate\\Foundation\\Http\\Middleware\\VerifyCsrfToken.php(78): Illuminate\\Pipeline\\Pipeline->Illuminate\\Pipeline\\{closure}(Object(Illuminate\\Http\\Request))
#20 F:\\.My Projects\\Databse\\Attendance_Management_System\\vendor\\laravel\\framework\\src\\Illuminate\\Pipeline\\Pipeline.php(167): Illuminate\\Foundation\\Http\\Middleware\\VerifyCsrfToken->handle(Object(Illuminate\\Http\\Request), Object(Closure))
#21 F:\\.My Projects\\Databse\\Attendance_Management_System\\vendor\\laravel\\framework\\src\\Illuminate\\View\\Middleware\\ShareErrorsFromSession.php(49): Illuminate\\Pipeline\\Pipeline->Illuminate\\Pipeline\\{closure}(Object(Illuminate\\Http\\Request))
#22 F:\\.My Projects\\Databse\\Attendance_Management_System\\vendor\\laravel\\framework\\src\\Illuminate\\Pipeline\\Pipeline.php(167): Illuminate\\View\\Middleware\\ShareErrorsFromSession->handle(Object(Illuminate\\Http\\Request), Object(Closure))
#23 F:\\.My Projects\\Databse\\Attendance_Management_System\\vendor\\laravel\\framework\\src\\Illuminate\\Session\\Middleware\\StartSession.php(121): Illuminate\\Pipeline\\Pipeline->Illuminate\\Pipeline\\{closure}(Object(Illuminate\\Http\\Request))
#24 F:\\.My Projects\\Databse\\Attendance_Management_System\\vendor\\laravel\\framework\\src\\Illuminate\\Session\\Middleware\\StartSession.php(64): Illuminate\\Session\\Middleware\\StartSession->handleStatefulRequest(Object(Illuminate\\Http\\Request), Object(Illuminate\\Session\\Store), Object(Closure))
#25 F:\\.My Projects\\Databse\\Attendance_Management_System\\vendor\\laravel\\framework\\src\\Illuminate\\Pipeline\\Pipeline.php(167): Illuminate\\Session\\Middleware\\StartSession->handle(Object(Illuminate\\Http\\Request), Object(Closure))
#26 F:\\.My Projects\\Databse\\Attendance_Management_System\\vendor\\laravel\\framework\\src\\Illuminate\\Cookie\\Middleware\\AddQueuedCookiesToResponse.php(37): Illuminate\\Pipeline\\Pipeline->Illuminate\\Pipeline\\{closure}(Object(Illuminate\\Http\\Request))
#27 F:\\.My Projects\\Databse\\Attendance_Management_System\\vendor\\laravel\\framework\\src\\Illuminate\\Pipeline\\Pipeline.php(167): Illuminate\\Cookie\\Middleware\\AddQueuedCookiesToResponse->handle(Object(Illuminate\\Http\\Request), Object(Closure))
#28 F:\\.My Projects\\Databse\\Attendance_Management_System\\vendor\\laravel\\framework\\src\\Illuminate\\Cookie\\Middleware\\EncryptCookies.php(67): Illuminate\\Pipeline\\Pipeline->Illuminate\\Pipeline\\{closure}(Object(Illuminate\\Http\\Request))
#29 F:\\.My Projects\\Databse\\Attendance_Management_System\\vendor\\laravel\\framework\\src\\Illuminate\\Pipeline\\Pipeline.php(167): Illuminate\\Cookie\\Middleware\\EncryptCookies->handle(Object(Illuminate\\Http\\Request), Object(Closure))
#30 F:\\.My Projects\\Databse\\Attendance_Management_System\\vendor\\laravel\\framework\\src\\Illuminate\\Pipeline\\Pipeline.php(103): Illuminate\\Pipeline\\Pipeline->Illuminate\\Pipeline\\{closure}(Object(Illuminate\\Http\\Request))
#31 F:\\.My Projects\\Databse\\Attendance_Management_System\\vendor\\laravel\\framework\\src\\Illuminate\\Routing\\Router.php(719): Illuminate\\Pipeline\\Pipeline->then(Object(Closure))
#32 F:\\.My Projects\\Databse\\Attendance_Management_System\\vendor\\laravel\\framework\\src\\Illuminate\\Routing\\Router.php(698): Illuminate\\Routing\\Router->runRouteWithinStack(Object(Illuminate\\Routing\\Route), Object(Illuminate\\Http\\Request))
#33 F:\\.My Projects\\Databse\\Attendance_Management_System\\vendor\\laravel\\framework\\src\\Illuminate\\Routing\\Router.php(662): Illuminate\\Routing\\Router->runRoute(Object(Illuminate\\Http\\Request), Object(Illuminate\\Routing\\Route))
#34 F:\\.My Projects\\Databse\\Attendance_Management_System\\vendor\\laravel\\framework\\src\\Illuminate\\Routing\\Router.php(651): Illuminate\\Routing\\Router->dispatchToRoute(Object(Illuminate\\Http\\Request))
#35 F:\\.My Projects\\Databse\\Attendance_Management_System\\vendor\\laravel\\framework\\src\\Illuminate\\Foundation\\Http\\Kernel.php(167): Illuminate\\Routing\\Router->dispatch(Object(Illuminate\\Http\\Request))
#36 F:\\.My Projects\\Databse\\Attendance_Management_System\\vendor\\laravel\\framework\\src\\Illuminate\\Pipeline\\Pipeline.php(128): Illuminate\\Foundation\\Http\\Kernel->Illuminate\\Foundation\\Http\\{closure}(Object(Illuminate\\Http\\Request))
#37 F:\\.My Projects\\Databse\\Attendance_Management_System\\vendor\\laravel\\framework\\src\\Illuminate\\Foundation\\Http\\Middleware\\TransformsRequest.php(21): Illuminate\\Pipeline\\Pipeline->Illuminate\\Pipeline\\{closure}(Object(Illuminate\\Http\\Request))
#38 F:\\.My Projects\\Databse\\Attendance_Management_System\\vendor\\laravel\\framework\\src\\Illuminate\\Foundation\\Http\\Middleware\\ConvertEmptyStringsToNull.php(31): Illuminate\\Foundation\\Http\\Middleware\\TransformsRequest->handle(Object(Illuminate\\Http\\Request), Object(Closure))
#39 F:\\.My Projects\\Databse\\Attendance_Management_System\\vendor\\laravel\\framework\\src\\Illuminate\\Pipeline\\Pipeline.php(167): Illuminate\\Foundation\\Http\\Middleware\\ConvertEmptyStringsToNull->handle(Object(Illuminate\\Http\\Request), Object(Closure))
#40 F:\\.My Projects\\Databse\\Attendance_Management_System\\vendor\\laravel\\framework\\src\\Illuminate\\Foundation\\Http\\Middleware\\TransformsRequest.php(21): Illuminate\\Pipeline\\Pipeline->Illuminate\\Pipeline\\{closure}(Object(Illuminate\\Http\\Request))
#41 F:\\.My Projects\\Databse\\Attendance_Management_System\\vendor\\laravel\\framework\\src\\Illuminate\\Foundation\\Http\\Middleware\\TrimStrings.php(40): Illuminate\\Foundation\\Http\\Middleware\\TransformsRequest->handle(Object(Illuminate\\Http\\Request), Object(Closure))
#42 F:\\.My Projects\\Databse\\Attendance_Management_System\\vendor\\laravel\\framework\\src\\Illuminate\\Pipeline\\Pipeline.php(167): Illuminate\\Foundation\\Http\\Middleware\\TrimStrings->handle(Object(Illuminate\\Http\\Request), Object(Closure))
#43 F:\\.My Projects\\Databse\\Attendance_Management_System\\vendor\\laravel\\framework\\src\\Illuminate\\Foundation\\Http\\Middleware\\ValidatePostSize.php(27): Illuminate\\Pipeline\\Pipeline->Illuminate\\Pipeline\\{closure}(Object(Illuminate\\Http\\Request))
#44 F:\\.My Projects\\Databse\\Attendance_Management_System\\vendor\\laravel\\framework\\src\\Illuminate\\Pipeline\\Pipeline.php(167): Illuminate\\Foundation\\Http\\Middleware\\ValidatePostSize->handle(Object(Illuminate\\Http\\Request), Object(Closure))
#45 F:\\.My Projects\\Databse\\Attendance_Management_System\\vendor\\laravel\\framework\\src\\Illuminate\\Foundation\\Http\\Middleware\\PreventRequestsDuringMaintenance.php(86): Illuminate\\Pipeline\\Pipeline->Illuminate\\Pipeline\\{closure}(Object(Illuminate\\Http\\Request))
#46 F:\\.My Projects\\Databse\\Attendance_Management_System\\vendor\\laravel\\framework\\src\\Illuminate\\Pipeline\\Pipeline.php(167): Illuminate\\Foundation\\Http\\Middleware\\PreventRequestsDuringMaintenance->handle(Object(Illuminate\\Http\\Request), Object(Closure))
#47 F:\\.My Projects\\Databse\\Attendance_Management_System\\vendor\\fruitcake\\laravel-cors\\src\\HandleCors.php(38): Illuminate\\Pipeline\\Pipeline->Illuminate\\Pipeline\\{closure}(Object(Illuminate\\Http\\Request))
#48 F:\\.My Projects\\Databse\\Attendance_Management_System\\vendor\\laravel\\framework\\src\\Illuminate\\Pipeline\\Pipeline.php(167): Fruitcake\\Cors\\HandleCors->handle(Object(Illuminate\\Http\\Request), Object(Closure))
#49 F:\\.My Projects\\Databse\\Attendance_Management_System\\vendor\\laravel\\framework\\src\\Illuminate\\Http\\Middleware\\TrustProxies.php(39): Illuminate\\Pipeline\\Pipeline->Illuminate\\Pipeline\\{closure}(Object(Illuminate\\Http\\Request))
#50 F:\\.My Projects\\Databse\\Attendance_Management_System\\vendor\\laravel\\framework\\src\\Illuminate\\Pipeline\\Pipeline.php(167): Illuminate\\Http\\Middleware\\TrustProxies->handle(Object(Illuminate\\Http\\Request), Object(Closure))
#51 F:\\.My Projects\\Databse\\Attendance_Management_System\\vendor\\laravel\\framework\\src\\Illuminate\\Pipeline\\Pipeline.php(103): Illuminate\\Pipeline\\Pipeline->Illuminate\\Pipeline\\{closure}(Object(Illuminate\\Http\\Request))
#52 F:\\.My Projects\\Databse\\Attendance_Management_System\\vendor\\laravel\\framework\\src\\Illuminate\\Foundation\\Http\\Kernel.php(142): Illuminate\\Pipeline\\Pipeline->then(Object(Closure))
#53 F:\\.My Projects\\Databse\\Attendance_Management_System\\vendor\\laravel\\framework\\src\\Illuminate\\Foundation\\Http\\Kernel.php(111): Illuminate\\Foundation\\Http\\Kernel->sendRequestThroughRouter(Object(Illuminate\\Http\\Request))
#54 F:\\.My Projects\\Databse\\Attendance_Management_System\\public\\index.php(54): Illuminate\\Foundation\\Http\\Kernel->handle(Object(Illuminate\\Http\\Request))
#55 F:\\.My Projects\\Databse\\Attendance_Management_System\\server.php(21): require_once('F:\\\\.My Projects...')
#56 {main}

[previous exception] [object] (InvalidArgumentException(code: 0): View [layouts.app] not found. at F:\\.My Projects\\Databse\\Attendance_Management_System\\vendor\\laravel\\framework\\src\\Illuminate\\View\\FileViewFinder.php:137)
[stacktrace]
#0 F:\\.My Projects\\Databse\\Attendance_Management_System\\vendor\\laravel\\framework\\src\\Illuminate\\View\\FileViewFinder.php(79): Illuminate\\View\\FileViewFinder->findInPaths('layouts.app', Array)
#1 F:\\.My Projects\\Databse\\Attendance_Management_System\\vendor\\laravel\\framework\\src\\Illuminate\\View\\Factory.php(137): Illuminate\\View\\FileViewFinder->find('layouts.app')
#2 F:\\.My Projects\\Databse\\Attendance_Management_System\\storage\\framework\\views\\1f5f93e2d57159b8be9e60f946248c836725e606.php(65): Illuminate\\View\\Factory->make('layouts.app', Array)
#3 F:\\.My Projects\\Databse\\Attendance_Management_System\\vendor\\laravel\\framework\\src\\Illuminate\\Filesystem\\Filesystem.php(107): require('F:\\\\.My Projects...')
#4 F:\\.My Projects\\Databse\\Attendance_Management_System\\vendor\\laravel\\framework\\src\\Illuminate\\Filesystem\\Filesystem.php(108): Illuminate\\Filesystem\\Filesystem::Illuminate\\Filesystem\\{closure}()
#5 F:\\.My Projects\\Databse\\Attendance_Management_System\\vendor\\laravel\\framework\\src\\Illuminate\\View\\Engines\\PhpEngine.php(58): Illuminate\\Filesystem\\Filesystem->getRequire('F:\\\\.My Projects...', Array)
#6 F:\\.My Projects\\Databse\\Attendance_Management_System\\vendor\\laravel\\framework\\src\\Illuminate\\View\\Engines\\CompilerEngine.php(61): Illuminate\\View\\Engines\\PhpEngine->evaluatePath('F:\\\\.My Projects...', Array)
#7 F:\\.My Projects\\Databse\\Attendance_Management_System\\vendor\\facade\\ignition\\src\\Views\\Engines\\CompilerEngine.php(37): Illuminate\\View\\Engines\\CompilerEngine->get('F:\\\\.My Projects...', Array)
#8 F:\\.My Projects\\Databse\\Attendance_Management_System\\vendor\\laravel\\framework\\src\\Illuminate\\View\\View.php(139): Facade\\Ignition\\Views\\Engines\\CompilerEngine->get('F:\\\\.My Projects...', Array)
#9 F:\\.My Projects\\Databse\\Attendance_Management_System\\vendor\\laravel\\framework\\src\\Illuminate\\View\\View.php(122): Illuminate\\View\\View->getContents()
#10 F:\\.My Projects\\Databse\\Attendance_Management_System\\vendor\\laravel\\framework\\src\\Illuminate\\View\\View.php(91): Illuminate\\View\\View->renderContents()
#11 F:\\.My Projects\\Databse\\Attendance_Management_System\\vendor\\laravel\\framework\\src\\Illuminate\\Http\\Response.php(69): Illuminate\\View\\View->render()
#12 F:\\.My Projects\\Databse\\Attendance_Management_System\\vendor\\laravel\\framework\\src\\Illuminate\\Http\\Response.php(35): Illuminate\\Http\\Response->setContent(Object(Illuminate\\View\\View))
#13 F:\\.My Projects\\Databse\\Attendance_Management_System\\vendor\\laravel\\framework\\src\\Illuminate\\Routing\\Router.php(820): Illuminate\\Http\\Response->__construct(Object(Illuminate\\View\\View), 200, Array)
#14 F:\\.My Projects\\Databse\\Attendance_Management_System\\vendor\\laravel\\framework\\src\\Illuminate\\Routing\\Router.php(789): Illuminate\\Routing\\Router::toResponse(Object(Illuminate\\Http\\Request), Object(Illuminate\\View\\View))
#15 F:\\.My Projects\\Databse\\Attendance_Management_System\\vendor\\laravel\\framework\\src\\Illuminate\\Routing\\Router.php(720): Illuminate\\Routing\\Router->prepareResponse(Object(Illuminate\\Http\\Request), Object(Illuminate\\View\\View))
#16 F:\\.My Projects\\Databse\\Attendance_Management_System\\vendor\\laravel\\framework\\src\\Illuminate\\Pipeline\\Pipeline.php(128): Illuminate\\Routing\\Router->Illuminate\\Routing\\{closure}(Object(Illuminate\\Http\\Request))
#17 F:\\.My Projects\\Databse\\Attendance_Management_System\\vendor\\laravel\\framework\\src\\Illuminate\\Routing\\Middleware\\SubstituteBindings.php(50): Illuminate\\Pipeline\\Pipeline->Illuminate\\Pipeline\\{closure}(Object(Illuminate\\Http\\Request))
#18 F:\\.My Projects\\Databse\\Attendance_Management_System\\vendor\\laravel\\framework\\src\\Illuminate\\Pipeline\\Pipeline.php(167): Illuminate\\Routing\\Middleware\\SubstituteBindings->handle(Object(Illuminate\\Http\\Request), Object(Closure))
#19 F:\\.My Projects\\Databse\\Attendance_Management_System\\vendor\\laravel\\framework\\src\\Illuminate\\Foundation\\Http\\Middleware\\VerifyCsrfToken.php(78): Illuminate\\Pipeline\\Pipeline->Illuminate\\Pipeline\\{closure}(Object(Illuminate\\Http\\Request))
#20 F:\\.My Projects\\Databse\\Attendance_Management_System\\vendor\\laravel\\framework\\src\\Illuminate\\Pipeline\\Pipeline.php(167): Illuminate\\Foundation\\Http\\Middleware\\VerifyCsrfToken->handle(Object(Illuminate\\Http\\Request), Object(Closure))
#21 F:\\.My Projects\\Databse\\Attendance_Management_System\\vendor\\laravel\\framework\\src\\Illuminate\\View\\Middleware\\ShareErrorsFromSession.php(49): Illuminate\\Pipeline\\Pipeline->Illuminate\\Pipeline\\{closure}(Object(Illuminate\\Http\\Request))
#22 F:\\.My Projects\\Databse\\Attendance_Management_System\\vendor\\laravel\\framework\\src\\Illuminate\\Pipeline\\Pipeline.php(167): Illuminate\\View\\Middleware\\ShareErrorsFromSession->handle(Object(Illuminate\\Http\\Request), Object(Closure))
#23 F:\\.My Projects\\Databse\\Attendance_Management_System\\vendor\\laravel\\framework\\src\\Illuminate\\Session\\Middleware\\StartSession.php(121): Illuminate\\Pipeline\\Pipeline->Illuminate\\Pipeline\\{closure}(Object(Illuminate\\Http\\Request))
#24 F:\\.My Projects\\Databse\\Attendance_Management_System\\vendor\\laravel\\framework\\src\\Illuminate\\Session\\Middleware\\StartSession.php(64): Illuminate\\Session\\Middleware\\StartSession->handleStatefulRequest(Object(Illuminate\\Http\\Request), Object(Illuminate\\Session\\Store), Object(Closure))
#25 F:\\.My Projects\\Databse\\Attendance_Management_System\\vendor\\laravel\\framework\\src\\Illuminate\\Pipeline\\Pipeline.php(167): Illuminate\\Session\\Middleware\\StartSession->handle(Object(Illuminate\\Http\\Request), Object(Closure))
#26 F:\\.My Projects\\Databse\\Attendance_Management_System\\vendor\\laravel\\framework\\src\\Illuminate\\Cookie\\Middleware\\AddQueuedCookiesToResponse.php(37): Illuminate\\Pipeline\\Pipeline->Illuminate\\Pipeline\\{closure}(Object(Illuminate\\Http\\Request))
#27 F:\\.My Projects\\Databse\\Attendance_Management_System\\vendor\\laravel\\framework\\src\\Illuminate\\Pipeline\\Pipeline.php(167): Illuminate\\Cookie\\Middleware\\AddQueuedCookiesToResponse->handle(Object(Illuminate\\Http\\Request), Object(Closure))
#28 F:\\.My Projects\\Databse\\Attendance_Management_System\\vendor\\laravel\\framework\\src\\Illuminate\\Cookie\\Middleware\\EncryptCookies.php(67): Illuminate\\Pipeline\\Pipeline->Illuminate\\Pipeline\\{closure}(Object(Illuminate\\Http\\Request))
#29 F:\\.My Projects\\Databse\\Attendance_Management_System\\vendor\\laravel\\framework\\src\\Illuminate\\Pipeline\\Pipeline.php(167): Illuminate\\Cookie\\Middleware\\EncryptCookies->handle(Object(Illuminate\\Http\\Request), Object(Closure))
#30 F:\\.My Projects\\Databse\\Attendance_Management_System\\vendor\\laravel\\framework\\src\\Illuminate\\Pipeline\\Pipeline.php(103): Illuminate\\Pipeline\\Pipeline->Illuminate\\Pipeline\\{closure}(Object(Illuminate\\Http\\Request))
#31 F:\\.My Projects\\Databse\\Attendance_Management_System\\vendor\\laravel\\framework\\src\\Illuminate\\Routing\\Router.php(719): Illuminate\\Pipeline\\Pipeline->then(Object(Closure))
#32 F:\\.My Projects\\Databse\\Attendance_Management_System\\vendor\\laravel\\framework\\src\\Illuminate\\Routing\\Router.php(698): Illuminate\\Routing\\Router->runRouteWithinStack(Object(Illuminate\\Routing\\Route), Object(Illuminate\\Http\\Request))
#33 F:\\.My Projects\\Databse\\Attendance_Management_System\\vendor\\laravel\\framework\\src\\Illuminate\\Routing\\Router.php(662): Illuminate\\Routing\\Router->runRoute(Object(Illuminate\\Http\\Request), Object(Illuminate\\Routing\\Route))
#34 F:\\.My Projects\\Databse\\Attendance_Management_System\\vendor\\laravel\\framework\\src\\Illuminate\\Routing\\Router.php(651): Illuminate\\Routing\\Router->dispatchToRoute(Object(Illuminate\\Http\\Request))
#35 F:\\.My Projects\\Databse\\Attendance_Management_System\\vendor\\laravel\\framework\\src\\Illuminate\\Foundation\\Http\\Kernel.php(167): Illuminate\\Routing\\Router->dispatch(Object(Illuminate\\Http\\Request))
#36 F:\\.My Projects\\Databse\\Attendance_Management_System\\vendor\\laravel\\framework\\src\\Illuminate\\Pipeline\\Pipeline.php(128): Illuminate\\Foundation\\Http\\Kernel->Illuminate\\Foundation\\Http\\{closure}(Object(Illuminate\\Http\\Request))
#37 F:\\.My Projects\\Databse\\Attendance_Management_System\\vendor\\laravel\\framework\\src\\Illuminate\\Foundation\\Http\\Middleware\\TransformsRequest.php(21): Illuminate\\Pipeline\\Pipeline->Illuminate\\Pipeline\\{closure}(Object(Illuminate\\Http\\Request))
#38 F:\\.My Projects\\Databse\\Attendance_Management_System\\vendor\\laravel\\framework\\src\\Illuminate\\Foundation\\Http\\Middleware\\ConvertEmptyStringsToNull.php(31): Illuminate\\Foundation\\Http\\Middleware\\TransformsRequest->handle(Object(Illuminate\\Http\\Request), Object(Closure))
#39 F:\\.My Projects\\Databse\\Attendance_Management_System\\vendor\\laravel\\framework\\src\\Illuminate\\Pipeline\\Pipeline.php(167): Illuminate\\Foundation\\Http\\Middleware\\ConvertEmptyStringsToNull->handle(Object(Illuminate\\Http\\Request), Object(Closure))
#40 F:\\.My Projects\\Databse\\Attendance_Management_System\\vendor\\laravel\\framework\\src\\Illuminate\\Foundation\\Http\\Middleware\\TransformsRequest.php(21): Illuminate\\Pipeline\\Pipeline->Illuminate\\Pipeline\\{closure}(Object(Illuminate\\Http\\Request))
#41 F:\\.My Projects\\Databse\\Attendance_Management_System\\vendor\\laravel\\framework\\src\\Illuminate\\Foundation\\Http\\Middleware\\TrimStrings.php(40): Illuminate\\Foundation\\Http\\Middleware\\TransformsRequest->handle(Object(Illuminate\\Http\\Request), Object(Closure))
#42 F:\\.My Projects\\Databse\\Attendance_Management_System\\vendor\\laravel\\framework\\src\\Illuminate\\Pipeline\\Pipeline.php(167): Illuminate\\Foundation\\Http\\Middleware\\TrimStrings->handle(Object(Illuminate\\Http\\Request), Object(Closure))
#43 F:\\.My Projects\\Databse\\Attendance_Management_System\\vendor\\laravel\\framework\\src\\Illuminate\\Foundation\\Http\\Middleware\\ValidatePostSize.php(27): Illuminate\\Pipeline\\Pipeline->Illuminate\\Pipeline\\{closure}(Object(Illuminate\\Http\\Request))
#44 F:\\.My Projects\\Databse\\Attendance_Management_System\\vendor\\laravel\\framework\\src\\Illuminate\\Pipeline\\Pipeline.php(167): Illuminate\\Foundation\\Http\\Middleware\\ValidatePostSize->handle(Object(Illuminate\\Http\\Request), Object(Closure))
#45 F:\\.My Projects\\Databse\\Attendance_Management_System\\vendor\\laravel\\framework\\src\\Illuminate\\Foundation\\Http\\Middleware\\PreventRequestsDuringMaintenance.php(86): Illuminate\\Pipeline\\Pipeline->Illuminate\\Pipeline\\{closure}(Object(Illuminate\\Http\\Request))
#46 F:\\.My Projects\\Databse\\Attendance_Management_System\\vendor\\laravel\\framework\\src\\Illuminate\\Pipeline\\Pipeline.php(167): Illuminate\\Foundation\\Http\\Middleware\\PreventRequestsDuringMaintenance->handle(Object(Illuminate\\Http\\Request), Object(Closure))
#47 F:\\.My Projects\\Databse\\Attendance_Management_System\\vendor\\fruitcake\\laravel-cors\\src\\HandleCors.php(38): Illuminate\\Pipeline\\Pipeline->Illuminate\\Pipeline\\{closure}(Object(Illuminate\\Http\\Request))
#48 F:\\.My Projects\\Databse\\Attendance_Management_System\\vendor\\laravel\\framework\\src\\Illuminate\\Pipeline\\Pipeline.php(167): Fruitcake\\Cors\\HandleCors->handle(Object(Illuminate\\Http\\Request), Object(Closure))
#49 F:\\.My Projects\\Databse\\Attendance_Management_System\\vendor\\laravel\\framework\\src\\Illuminate\\Http\\Middleware\\TrustProxies.php(39): Illuminate\\Pipeline\\Pipeline->Illuminate\\Pipeline\\{closure}(Object(Illuminate\\Http\\Request))
#50 F:\\.My Projects\\Databse\\Attendance_Management_System\\vendor\\laravel\\framework\\src\\Illuminate\\Pipeline\\Pipeline.php(167): Illuminate\\Http\\Middleware\\TrustProxies->handle(Object(Illuminate\\Http\\Request), Object(Closure))
#51 F:\\.My Projects\\Databse\\Attendance_Management_System\\vendor\\laravel\\framework\\src\\Illuminate\\Pipeline\\Pipeline.php(103): Illuminate\\Pipeline\\Pipeline->Illuminate\\Pipeline\\{closure}(Object(Illuminate\\Http\\Request))
#52 F:\\.My Projects\\Databse\\Attendance_Management_System\\vendor\\laravel\\framework\\src\\Illuminate\\Foundation\\Http\\Kernel.php(142): Illuminate\\Pipeline\\Pipeline->then(Object(Closure))
#53 F:\\.My Projects\\Databse\\Attendance_Management_System\\vendor\\laravel\\framework\\src\\Illuminate\\Foundation\\Http\\Kernel.php(111): Illuminate\\Foundation\\Http\\Kernel->sendRequestThroughRouter(Object(Illuminate\\Http\\Request))
#54 F:\\.My Projects\\Databse\\Attendance_Management_System\\public\\index.php(54): Illuminate\\Foundation\\Http\\Kernel->handle(Object(Illuminate\\Http\\Request))
#55 F:\\.My Projects\\Databse\\Attendance_Management_System\\server.php(21): require_once('F:\\\\.My Projects...')
#56 {main}
"} 
[2025-05-01 13:34:35] local.ERROR: View [layouts.app] not found. (View: F:\.My Projects\Databse\Attendance_Management_System\resources\views\welcome.blade.php) {"view":{"view":"F:\\.My Projects\\Databse\\Attendance_Management_System\\vendor\\laravel\\framework\\src\\Illuminate\\View\\FileViewFinder.php","data":[]},"userId":1,"exception":"[object] (Facade\\Ignition\\Exceptions\\ViewException(code: 0): View [layouts.app] not found. (View: F:\\.My Projects\\Databse\\Attendance_Management_System\\resources\\views\\welcome.blade.php) at F:\\.My Projects\\Databse\\Attendance_Management_System\\vendor\\laravel\\framework\\src\\Illuminate\\View\\FileViewFinder.php:137)
[stacktrace]
#0 F:\\.My Projects\\Databse\\Attendance_Management_System\\vendor\\laravel\\framework\\src\\Illuminate\\View\\FileViewFinder.php(79): Illuminate\\View\\FileViewFinder->findInPaths('layouts.app', Array)
#1 F:\\.My Projects\\Databse\\Attendance_Management_System\\vendor\\laravel\\framework\\src\\Illuminate\\View\\Factory.php(137): Illuminate\\View\\FileViewFinder->find('layouts.app')
#2 F:\\.My Projects\\Databse\\Attendance_Management_System\\resources\\views/welcome.blade.php(62): Illuminate\\View\\Factory->make('layouts.app', Array)
#3 F:\\.My Projects\\Databse\\Attendance_Management_System\\vendor\\laravel\\framework\\src\\Illuminate\\Filesystem\\Filesystem.php(107): require('F:\\\\.My Projects...')
#4 F:\\.My Projects\\Databse\\Attendance_Management_System\\vendor\\laravel\\framework\\src\\Illuminate\\Filesystem\\Filesystem.php(108): Illuminate\\Filesystem\\Filesystem::Illuminate\\Filesystem\\{closure}()
#5 F:\\.My Projects\\Databse\\Attendance_Management_System\\vendor\\laravel\\framework\\src\\Illuminate\\View\\Engines\\PhpEngine.php(58): Illuminate\\Filesystem\\Filesystem->getRequire('F:\\\\.My Projects...', Array)
#6 F:\\.My Projects\\Databse\\Attendance_Management_System\\vendor\\laravel\\framework\\src\\Illuminate\\View\\Engines\\CompilerEngine.php(61): Illuminate\\View\\Engines\\PhpEngine->evaluatePath('F:\\\\.My Projects...', Array)
#7 F:\\.My Projects\\Databse\\Attendance_Management_System\\vendor\\facade\\ignition\\src\\Views\\Engines\\CompilerEngine.php(37): Illuminate\\View\\Engines\\CompilerEngine->get('F:\\\\.My Projects...', Array)
#8 F:\\.My Projects\\Databse\\Attendance_Management_System\\vendor\\laravel\\framework\\src\\Illuminate\\View\\View.php(139): Facade\\Ignition\\Views\\Engines\\CompilerEngine->get('F:\\\\.My Projects...', Array)
#9 F:\\.My Projects\\Databse\\Attendance_Management_System\\vendor\\laravel\\framework\\src\\Illuminate\\View\\View.php(122): Illuminate\\View\\View->getContents()
#10 F:\\.My Projects\\Databse\\Attendance_Management_System\\vendor\\laravel\\framework\\src\\Illuminate\\View\\View.php(91): Illuminate\\View\\View->renderContents()
#11 F:\\.My Projects\\Databse\\Attendance_Management_System\\vendor\\laravel\\framework\\src\\Illuminate\\Http\\Response.php(69): Illuminate\\View\\View->render()
#12 F:\\.My Projects\\Databse\\Attendance_Management_System\\vendor\\laravel\\framework\\src\\Illuminate\\Http\\Response.php(35): Illuminate\\Http\\Response->setContent(Object(Illuminate\\View\\View))
#13 F:\\.My Projects\\Databse\\Attendance_Management_System\\vendor\\laravel\\framework\\src\\Illuminate\\Routing\\Router.php(820): Illuminate\\Http\\Response->__construct(Object(Illuminate\\View\\View), 200, Array)
#14 F:\\.My Projects\\Databse\\Attendance_Management_System\\vendor\\laravel\\framework\\src\\Illuminate\\Routing\\Router.php(789): Illuminate\\Routing\\Router::toResponse(Object(Illuminate\\Http\\Request), Object(Illuminate\\View\\View))
#15 F:\\.My Projects\\Databse\\Attendance_Management_System\\vendor\\laravel\\framework\\src\\Illuminate\\Routing\\Router.php(720): Illuminate\\Routing\\Router->prepareResponse(Object(Illuminate\\Http\\Request), Object(Illuminate\\View\\View))
#16 F:\\.My Projects\\Databse\\Attendance_Management_System\\vendor\\laravel\\framework\\src\\Illuminate\\Pipeline\\Pipeline.php(128): Illuminate\\Routing\\Router->Illuminate\\Routing\\{closure}(Object(Illuminate\\Http\\Request))
#17 F:\\.My Projects\\Databse\\Attendance_Management_System\\vendor\\laravel\\framework\\src\\Illuminate\\Routing\\Middleware\\SubstituteBindings.php(50): Illuminate\\Pipeline\\Pipeline->Illuminate\\Pipeline\\{closure}(Object(Illuminate\\Http\\Request))
#18 F:\\.My Projects\\Databse\\Attendance_Management_System\\vendor\\laravel\\framework\\src\\Illuminate\\Pipeline\\Pipeline.php(167): Illuminate\\Routing\\Middleware\\SubstituteBindings->handle(Object(Illuminate\\Http\\Request), Object(Closure))
#19 F:\\.My Projects\\Databse\\Attendance_Management_System\\vendor\\laravel\\framework\\src\\Illuminate\\Foundation\\Http\\Middleware\\VerifyCsrfToken.php(78): Illuminate\\Pipeline\\Pipeline->Illuminate\\Pipeline\\{closure}(Object(Illuminate\\Http\\Request))
#20 F:\\.My Projects\\Databse\\Attendance_Management_System\\vendor\\laravel\\framework\\src\\Illuminate\\Pipeline\\Pipeline.php(167): Illuminate\\Foundation\\Http\\Middleware\\VerifyCsrfToken->handle(Object(Illuminate\\Http\\Request), Object(Closure))
#21 F:\\.My Projects\\Databse\\Attendance_Management_System\\vendor\\laravel\\framework\\src\\Illuminate\\View\\Middleware\\ShareErrorsFromSession.php(49): Illuminate\\Pipeline\\Pipeline->Illuminate\\Pipeline\\{closure}(Object(Illuminate\\Http\\Request))
#22 F:\\.My Projects\\Databse\\Attendance_Management_System\\vendor\\laravel\\framework\\src\\Illuminate\\Pipeline\\Pipeline.php(167): Illuminate\\View\\Middleware\\ShareErrorsFromSession->handle(Object(Illuminate\\Http\\Request), Object(Closure))
#23 F:\\.My Projects\\Databse\\Attendance_Management_System\\vendor\\laravel\\framework\\src\\Illuminate\\Session\\Middleware\\StartSession.php(121): Illuminate\\Pipeline\\Pipeline->Illuminate\\Pipeline\\{closure}(Object(Illuminate\\Http\\Request))
#24 F:\\.My Projects\\Databse\\Attendance_Management_System\\vendor\\laravel\\framework\\src\\Illuminate\\Session\\Middleware\\StartSession.php(64): Illuminate\\Session\\Middleware\\StartSession->handleStatefulRequest(Object(Illuminate\\Http\\Request), Object(Illuminate\\Session\\Store), Object(Closure))
#25 F:\\.My Projects\\Databse\\Attendance_Management_System\\vendor\\laravel\\framework\\src\\Illuminate\\Pipeline\\Pipeline.php(167): Illuminate\\Session\\Middleware\\StartSession->handle(Object(Illuminate\\Http\\Request), Object(Closure))
#26 F:\\.My Projects\\Databse\\Attendance_Management_System\\vendor\\laravel\\framework\\src\\Illuminate\\Cookie\\Middleware\\AddQueuedCookiesToResponse.php(37): Illuminate\\Pipeline\\Pipeline->Illuminate\\Pipeline\\{closure}(Object(Illuminate\\Http\\Request))
#27 F:\\.My Projects\\Databse\\Attendance_Management_System\\vendor\\laravel\\framework\\src\\Illuminate\\Pipeline\\Pipeline.php(167): Illuminate\\Cookie\\Middleware\\AddQueuedCookiesToResponse->handle(Object(Illuminate\\Http\\Request), Object(Closure))
#28 F:\\.My Projects\\Databse\\Attendance_Management_System\\vendor\\laravel\\framework\\src\\Illuminate\\Cookie\\Middleware\\EncryptCookies.php(67): Illuminate\\Pipeline\\Pipeline->Illuminate\\Pipeline\\{closure}(Object(Illuminate\\Http\\Request))
#29 F:\\.My Projects\\Databse\\Attendance_Management_System\\vendor\\laravel\\framework\\src\\Illuminate\\Pipeline\\Pipeline.php(167): Illuminate\\Cookie\\Middleware\\EncryptCookies->handle(Object(Illuminate\\Http\\Request), Object(Closure))
#30 F:\\.My Projects\\Databse\\Attendance_Management_System\\vendor\\laravel\\framework\\src\\Illuminate\\Pipeline\\Pipeline.php(103): Illuminate\\Pipeline\\Pipeline->Illuminate\\Pipeline\\{closure}(Object(Illuminate\\Http\\Request))
#31 F:\\.My Projects\\Databse\\Attendance_Management_System\\vendor\\laravel\\framework\\src\\Illuminate\\Routing\\Router.php(719): Illuminate\\Pipeline\\Pipeline->then(Object(Closure))
#32 F:\\.My Projects\\Databse\\Attendance_Management_System\\vendor\\laravel\\framework\\src\\Illuminate\\Routing\\Router.php(698): Illuminate\\Routing\\Router->runRouteWithinStack(Object(Illuminate\\Routing\\Route), Object(Illuminate\\Http\\Request))
#33 F:\\.My Projects\\Databse\\Attendance_Management_System\\vendor\\laravel\\framework\\src\\Illuminate\\Routing\\Router.php(662): Illuminate\\Routing\\Router->runRoute(Object(Illuminate\\Http\\Request), Object(Illuminate\\Routing\\Route))
#34 F:\\.My Projects\\Databse\\Attendance_Management_System\\vendor\\laravel\\framework\\src\\Illuminate\\Routing\\Router.php(651): Illuminate\\Routing\\Router->dispatchToRoute(Object(Illuminate\\Http\\Request))
#35 F:\\.My Projects\\Databse\\Attendance_Management_System\\vendor\\laravel\\framework\\src\\Illuminate\\Foundation\\Http\\Kernel.php(167): Illuminate\\Routing\\Router->dispatch(Object(Illuminate\\Http\\Request))
#36 F:\\.My Projects\\Databse\\Attendance_Management_System\\vendor\\laravel\\framework\\src\\Illuminate\\Pipeline\\Pipeline.php(128): Illuminate\\Foundation\\Http\\Kernel->Illuminate\\Foundation\\Http\\{closure}(Object(Illuminate\\Http\\Request))
#37 F:\\.My Projects\\Databse\\Attendance_Management_System\\vendor\\laravel\\framework\\src\\Illuminate\\Foundation\\Http\\Middleware\\TransformsRequest.php(21): Illuminate\\Pipeline\\Pipeline->Illuminate\\Pipeline\\{closure}(Object(Illuminate\\Http\\Request))
#38 F:\\.My Projects\\Databse\\Attendance_Management_System\\vendor\\laravel\\framework\\src\\Illuminate\\Foundation\\Http\\Middleware\\ConvertEmptyStringsToNull.php(31): Illuminate\\Foundation\\Http\\Middleware\\TransformsRequest->handle(Object(Illuminate\\Http\\Request), Object(Closure))
#39 F:\\.My Projects\\Databse\\Attendance_Management_System\\vendor\\laravel\\framework\\src\\Illuminate\\Pipeline\\Pipeline.php(167): Illuminate\\Foundation\\Http\\Middleware\\ConvertEmptyStringsToNull->handle(Object(Illuminate\\Http\\Request), Object(Closure))
#40 F:\\.My Projects\\Databse\\Attendance_Management_System\\vendor\\laravel\\framework\\src\\Illuminate\\Foundation\\Http\\Middleware\\TransformsRequest.php(21): Illuminate\\Pipeline\\Pipeline->Illuminate\\Pipeline\\{closure}(Object(Illuminate\\Http\\Request))
#41 F:\\.My Projects\\Databse\\Attendance_Management_System\\vendor\\laravel\\framework\\src\\Illuminate\\Foundation\\Http\\Middleware\\TrimStrings.php(40): Illuminate\\Foundation\\Http\\Middleware\\TransformsRequest->handle(Object(Illuminate\\Http\\Request), Object(Closure))
#42 F:\\.My Projects\\Databse\\Attendance_Management_System\\vendor\\laravel\\framework\\src\\Illuminate\\Pipeline\\Pipeline.php(167): Illuminate\\Foundation\\Http\\Middleware\\TrimStrings->handle(Object(Illuminate\\Http\\Request), Object(Closure))
#43 F:\\.My Projects\\Databse\\Attendance_Management_System\\vendor\\laravel\\framework\\src\\Illuminate\\Foundation\\Http\\Middleware\\ValidatePostSize.php(27): Illuminate\\Pipeline\\Pipeline->Illuminate\\Pipeline\\{closure}(Object(Illuminate\\Http\\Request))
#44 F:\\.My Projects\\Databse\\Attendance_Management_System\\vendor\\laravel\\framework\\src\\Illuminate\\Pipeline\\Pipeline.php(167): Illuminate\\Foundation\\Http\\Middleware\\ValidatePostSize->handle(Object(Illuminate\\Http\\Request), Object(Closure))
#45 F:\\.My Projects\\Databse\\Attendance_Management_System\\vendor\\laravel\\framework\\src\\Illuminate\\Foundation\\Http\\Middleware\\PreventRequestsDuringMaintenance.php(86): Illuminate\\Pipeline\\Pipeline->Illuminate\\Pipeline\\{closure}(Object(Illuminate\\Http\\Request))
#46 F:\\.My Projects\\Databse\\Attendance_Management_System\\vendor\\laravel\\framework\\src\\Illuminate\\Pipeline\\Pipeline.php(167): Illuminate\\Foundation\\Http\\Middleware\\PreventRequestsDuringMaintenance->handle(Object(Illuminate\\Http\\Request), Object(Closure))
#47 F:\\.My Projects\\Databse\\Attendance_Management_System\\vendor\\fruitcake\\laravel-cors\\src\\HandleCors.php(38): Illuminate\\Pipeline\\Pipeline->Illuminate\\Pipeline\\{closure}(Object(Illuminate\\Http\\Request))
#48 F:\\.My Projects\\Databse\\Attendance_Management_System\\vendor\\laravel\\framework\\src\\Illuminate\\Pipeline\\Pipeline.php(167): Fruitcake\\Cors\\HandleCors->handle(Object(Illuminate\\Http\\Request), Object(Closure))
#49 F:\\.My Projects\\Databse\\Attendance_Management_System\\vendor\\laravel\\framework\\src\\Illuminate\\Http\\Middleware\\TrustProxies.php(39): Illuminate\\Pipeline\\Pipeline->Illuminate\\Pipeline\\{closure}(Object(Illuminate\\Http\\Request))
#50 F:\\.My Projects\\Databse\\Attendance_Management_System\\vendor\\laravel\\framework\\src\\Illuminate\\Pipeline\\Pipeline.php(167): Illuminate\\Http\\Middleware\\TrustProxies->handle(Object(Illuminate\\Http\\Request), Object(Closure))
#51 F:\\.My Projects\\Databse\\Attendance_Management_System\\vendor\\laravel\\framework\\src\\Illuminate\\Pipeline\\Pipeline.php(103): Illuminate\\Pipeline\\Pipeline->Illuminate\\Pipeline\\{closure}(Object(Illuminate\\Http\\Request))
#52 F:\\.My Projects\\Databse\\Attendance_Management_System\\vendor\\laravel\\framework\\src\\Illuminate\\Foundation\\Http\\Kernel.php(142): Illuminate\\Pipeline\\Pipeline->then(Object(Closure))
#53 F:\\.My Projects\\Databse\\Attendance_Management_System\\vendor\\laravel\\framework\\src\\Illuminate\\Foundation\\Http\\Kernel.php(111): Illuminate\\Foundation\\Http\\Kernel->sendRequestThroughRouter(Object(Illuminate\\Http\\Request))
#54 F:\\.My Projects\\Databse\\Attendance_Management_System\\public\\index.php(54): Illuminate\\Foundation\\Http\\Kernel->handle(Object(Illuminate\\Http\\Request))
#55 F:\\.My Projects\\Databse\\Attendance_Management_System\\server.php(21): require_once('F:\\\\.My Projects...')
#56 {main}

[previous exception] [object] (InvalidArgumentException(code: 0): View [layouts.app] not found. at F:\\.My Projects\\Databse\\Attendance_Management_System\\vendor\\laravel\\framework\\src\\Illuminate\\View\\FileViewFinder.php:137)
[stacktrace]
#0 F:\\.My Projects\\Databse\\Attendance_Management_System\\vendor\\laravel\\framework\\src\\Illuminate\\View\\FileViewFinder.php(79): Illuminate\\View\\FileViewFinder->findInPaths('layouts.app', Array)
#1 F:\\.My Projects\\Databse\\Attendance_Management_System\\vendor\\laravel\\framework\\src\\Illuminate\\View\\Factory.php(137): Illuminate\\View\\FileViewFinder->find('layouts.app')
#2 F:\\.My Projects\\Databse\\Attendance_Management_System\\storage\\framework\\views\\1f5f93e2d57159b8be9e60f946248c836725e606.php(62): Illuminate\\View\\Factory->make('layouts.app', Array)
#3 F:\\.My Projects\\Databse\\Attendance_Management_System\\vendor\\laravel\\framework\\src\\Illuminate\\Filesystem\\Filesystem.php(107): require('F:\\\\.My Projects...')
#4 F:\\.My Projects\\Databse\\Attendance_Management_System\\vendor\\laravel\\framework\\src\\Illuminate\\Filesystem\\Filesystem.php(108): Illuminate\\Filesystem\\Filesystem::Illuminate\\Filesystem\\{closure}()
#5 F:\\.My Projects\\Databse\\Attendance_Management_System\\vendor\\laravel\\framework\\src\\Illuminate\\View\\Engines\\PhpEngine.php(58): Illuminate\\Filesystem\\Filesystem->getRequire('F:\\\\.My Projects...', Array)
#6 F:\\.My Projects\\Databse\\Attendance_Management_System\\vendor\\laravel\\framework\\src\\Illuminate\\View\\Engines\\CompilerEngine.php(61): Illuminate\\View\\Engines\\PhpEngine->evaluatePath('F:\\\\.My Projects...', Array)
#7 F:\\.My Projects\\Databse\\Attendance_Management_System\\vendor\\facade\\ignition\\src\\Views\\Engines\\CompilerEngine.php(37): Illuminate\\View\\Engines\\CompilerEngine->get('F:\\\\.My Projects...', Array)
#8 F:\\.My Projects\\Databse\\Attendance_Management_System\\vendor\\laravel\\framework\\src\\Illuminate\\View\\View.php(139): Facade\\Ignition\\Views\\Engines\\CompilerEngine->get('F:\\\\.My Projects...', Array)
#9 F:\\.My Projects\\Databse\\Attendance_Management_System\\vendor\\laravel\\framework\\src\\Illuminate\\View\\View.php(122): Illuminate\\View\\View->getContents()
#10 F:\\.My Projects\\Databse\\Attendance_Management_System\\vendor\\laravel\\framework\\src\\Illuminate\\View\\View.php(91): Illuminate\\View\\View->renderContents()
#11 F:\\.My Projects\\Databse\\Attendance_Management_System\\vendor\\laravel\\framework\\src\\Illuminate\\Http\\Response.php(69): Illuminate\\View\\View->render()
#12 F:\\.My Projects\\Databse\\Attendance_Management_System\\vendor\\laravel\\framework\\src\\Illuminate\\Http\\Response.php(35): Illuminate\\Http\\Response->setContent(Object(Illuminate\\View\\View))
#13 F:\\.My Projects\\Databse\\Attendance_Management_System\\vendor\\laravel\\framework\\src\\Illuminate\\Routing\\Router.php(820): Illuminate\\Http\\Response->__construct(Object(Illuminate\\View\\View), 200, Array)
#14 F:\\.My Projects\\Databse\\Attendance_Management_System\\vendor\\laravel\\framework\\src\\Illuminate\\Routing\\Router.php(789): Illuminate\\Routing\\Router::toResponse(Object(Illuminate\\Http\\Request), Object(Illuminate\\View\\View))
#15 F:\\.My Projects\\Databse\\Attendance_Management_System\\vendor\\laravel\\framework\\src\\Illuminate\\Routing\\Router.php(720): Illuminate\\Routing\\Router->prepareResponse(Object(Illuminate\\Http\\Request), Object(Illuminate\\View\\View))
#16 F:\\.My Projects\\Databse\\Attendance_Management_System\\vendor\\laravel\\framework\\src\\Illuminate\\Pipeline\\Pipeline.php(128): Illuminate\\Routing\\Router->Illuminate\\Routing\\{closure}(Object(Illuminate\\Http\\Request))
#17 F:\\.My Projects\\Databse\\Attendance_Management_System\\vendor\\laravel\\framework\\src\\Illuminate\\Routing\\Middleware\\SubstituteBindings.php(50): Illuminate\\Pipeline\\Pipeline->Illuminate\\Pipeline\\{closure}(Object(Illuminate\\Http\\Request))
#18 F:\\.My Projects\\Databse\\Attendance_Management_System\\vendor\\laravel\\framework\\src\\Illuminate\\Pipeline\\Pipeline.php(167): Illuminate\\Routing\\Middleware\\SubstituteBindings->handle(Object(Illuminate\\Http\\Request), Object(Closure))
#19 F:\\.My Projects\\Databse\\Attendance_Management_System\\vendor\\laravel\\framework\\src\\Illuminate\\Foundation\\Http\\Middleware\\VerifyCsrfToken.php(78): Illuminate\\Pipeline\\Pipeline->Illuminate\\Pipeline\\{closure}(Object(Illuminate\\Http\\Request))
#20 F:\\.My Projects\\Databse\\Attendance_Management_System\\vendor\\laravel\\framework\\src\\Illuminate\\Pipeline\\Pipeline.php(167): Illuminate\\Foundation\\Http\\Middleware\\VerifyCsrfToken->handle(Object(Illuminate\\Http\\Request), Object(Closure))
#21 F:\\.My Projects\\Databse\\Attendance_Management_System\\vendor\\laravel\\framework\\src\\Illuminate\\View\\Middleware\\ShareErrorsFromSession.php(49): Illuminate\\Pipeline\\Pipeline->Illuminate\\Pipeline\\{closure}(Object(Illuminate\\Http\\Request))
#22 F:\\.My Projects\\Databse\\Attendance_Management_System\\vendor\\laravel\\framework\\src\\Illuminate\\Pipeline\\Pipeline.php(167): Illuminate\\View\\Middleware\\ShareErrorsFromSession->handle(Object(Illuminate\\Http\\Request), Object(Closure))
#23 F:\\.My Projects\\Databse\\Attendance_Management_System\\vendor\\laravel\\framework\\src\\Illuminate\\Session\\Middleware\\StartSession.php(121): Illuminate\\Pipeline\\Pipeline->Illuminate\\Pipeline\\{closure}(Object(Illuminate\\Http\\Request))
#24 F:\\.My Projects\\Databse\\Attendance_Management_System\\vendor\\laravel\\framework\\src\\Illuminate\\Session\\Middleware\\StartSession.php(64): Illuminate\\Session\\Middleware\\StartSession->handleStatefulRequest(Object(Illuminate\\Http\\Request), Object(Illuminate\\Session\\Store), Object(Closure))
#25 F:\\.My Projects\\Databse\\Attendance_Management_System\\vendor\\laravel\\framework\\src\\Illuminate\\Pipeline\\Pipeline.php(167): Illuminate\\Session\\Middleware\\StartSession->handle(Object(Illuminate\\Http\\Request), Object(Closure))
#26 F:\\.My Projects\\Databse\\Attendance_Management_System\\vendor\\laravel\\framework\\src\\Illuminate\\Cookie\\Middleware\\AddQueuedCookiesToResponse.php(37): Illuminate\\Pipeline\\Pipeline->Illuminate\\Pipeline\\{closure}(Object(Illuminate\\Http\\Request))
#27 F:\\.My Projects\\Databse\\Attendance_Management_System\\vendor\\laravel\\framework\\src\\Illuminate\\Pipeline\\Pipeline.php(167): Illuminate\\Cookie\\Middleware\\AddQueuedCookiesToResponse->handle(Object(Illuminate\\Http\\Request), Object(Closure))
#28 F:\\.My Projects\\Databse\\Attendance_Management_System\\vendor\\laravel\\framework\\src\\Illuminate\\Cookie\\Middleware\\EncryptCookies.php(67): Illuminate\\Pipeline\\Pipeline->Illuminate\\Pipeline\\{closure}(Object(Illuminate\\Http\\Request))
#29 F:\\.My Projects\\Databse\\Attendance_Management_System\\vendor\\laravel\\framework\\src\\Illuminate\\Pipeline\\Pipeline.php(167): Illuminate\\Cookie\\Middleware\\EncryptCookies->handle(Object(Illuminate\\Http\\Request), Object(Closure))
#30 F:\\.My Projects\\Databse\\Attendance_Management_System\\vendor\\laravel\\framework\\src\\Illuminate\\Pipeline\\Pipeline.php(103): Illuminate\\Pipeline\\Pipeline->Illuminate\\Pipeline\\{closure}(Object(Illuminate\\Http\\Request))
#31 F:\\.My Projects\\Databse\\Attendance_Management_System\\vendor\\laravel\\framework\\src\\Illuminate\\Routing\\Router.php(719): Illuminate\\Pipeline\\Pipeline->then(Object(Closure))
#32 F:\\.My Projects\\Databse\\Attendance_Management_System\\vendor\\laravel\\framework\\src\\Illuminate\\Routing\\Router.php(698): Illuminate\\Routing\\Router->runRouteWithinStack(Object(Illuminate\\Routing\\Route), Object(Illuminate\\Http\\Request))
#33 F:\\.My Projects\\Databse\\Attendance_Management_System\\vendor\\laravel\\framework\\src\\Illuminate\\Routing\\Router.php(662): Illuminate\\Routing\\Router->runRoute(Object(Illuminate\\Http\\Request), Object(Illuminate\\Routing\\Route))
#34 F:\\.My Projects\\Databse\\Attendance_Management_System\\vendor\\laravel\\framework\\src\\Illuminate\\Routing\\Router.php(651): Illuminate\\Routing\\Router->dispatchToRoute(Object(Illuminate\\Http\\Request))
#35 F:\\.My Projects\\Databse\\Attendance_Management_System\\vendor\\laravel\\framework\\src\\Illuminate\\Foundation\\Http\\Kernel.php(167): Illuminate\\Routing\\Router->dispatch(Object(Illuminate\\Http\\Request))
#36 F:\\.My Projects\\Databse\\Attendance_Management_System\\vendor\\laravel\\framework\\src\\Illuminate\\Pipeline\\Pipeline.php(128): Illuminate\\Foundation\\Http\\Kernel->Illuminate\\Foundation\\Http\\{closure}(Object(Illuminate\\Http\\Request))
#37 F:\\.My Projects\\Databse\\Attendance_Management_System\\vendor\\laravel\\framework\\src\\Illuminate\\Foundation\\Http\\Middleware\\TransformsRequest.php(21): Illuminate\\Pipeline\\Pipeline->Illuminate\\Pipeline\\{closure}(Object(Illuminate\\Http\\Request))
#38 F:\\.My Projects\\Databse\\Attendance_Management_System\\vendor\\laravel\\framework\\src\\Illuminate\\Foundation\\Http\\Middleware\\ConvertEmptyStringsToNull.php(31): Illuminate\\Foundation\\Http\\Middleware\\TransformsRequest->handle(Object(Illuminate\\Http\\Request), Object(Closure))
#39 F:\\.My Projects\\Databse\\Attendance_Management_System\\vendor\\laravel\\framework\\src\\Illuminate\\Pipeline\\Pipeline.php(167): Illuminate\\Foundation\\Http\\Middleware\\ConvertEmptyStringsToNull->handle(Object(Illuminate\\Http\\Request), Object(Closure))
#40 F:\\.My Projects\\Databse\\Attendance_Management_System\\vendor\\laravel\\framework\\src\\Illuminate\\Foundation\\Http\\Middleware\\TransformsRequest.php(21): Illuminate\\Pipeline\\Pipeline->Illuminate\\Pipeline\\{closure}(Object(Illuminate\\Http\\Request))
#41 F:\\.My Projects\\Databse\\Attendance_Management_System\\vendor\\laravel\\framework\\src\\Illuminate\\Foundation\\Http\\Middleware\\TrimStrings.php(40): Illuminate\\Foundation\\Http\\Middleware\\TransformsRequest->handle(Object(Illuminate\\Http\\Request), Object(Closure))
#42 F:\\.My Projects\\Databse\\Attendance_Management_System\\vendor\\laravel\\framework\\src\\Illuminate\\Pipeline\\Pipeline.php(167): Illuminate\\Foundation\\Http\\Middleware\\TrimStrings->handle(Object(Illuminate\\Http\\Request), Object(Closure))
#43 F:\\.My Projects\\Databse\\Attendance_Management_System\\vendor\\laravel\\framework\\src\\Illuminate\\Foundation\\Http\\Middleware\\ValidatePostSize.php(27): Illuminate\\Pipeline\\Pipeline->Illuminate\\Pipeline\\{closure}(Object(Illuminate\\Http\\Request))
#44 F:\\.My Projects\\Databse\\Attendance_Management_System\\vendor\\laravel\\framework\\src\\Illuminate\\Pipeline\\Pipeline.php(167): Illuminate\\Foundation\\Http\\Middleware\\ValidatePostSize->handle(Object(Illuminate\\Http\\Request), Object(Closure))
#45 F:\\.My Projects\\Databse\\Attendance_Management_System\\vendor\\laravel\\framework\\src\\Illuminate\\Foundation\\Http\\Middleware\\PreventRequestsDuringMaintenance.php(86): Illuminate\\Pipeline\\Pipeline->Illuminate\\Pipeline\\{closure}(Object(Illuminate\\Http\\Request))
#46 F:\\.My Projects\\Databse\\Attendance_Management_System\\vendor\\laravel\\framework\\src\\Illuminate\\Pipeline\\Pipeline.php(167): Illuminate\\Foundation\\Http\\Middleware\\PreventRequestsDuringMaintenance->handle(Object(Illuminate\\Http\\Request), Object(Closure))
#47 F:\\.My Projects\\Databse\\Attendance_Management_System\\vendor\\fruitcake\\laravel-cors\\src\\HandleCors.php(38): Illuminate\\Pipeline\\Pipeline->Illuminate\\Pipeline\\{closure}(Object(Illuminate\\Http\\Request))
#48 F:\\.My Projects\\Databse\\Attendance_Management_System\\vendor\\laravel\\framework\\src\\Illuminate\\Pipeline\\Pipeline.php(167): Fruitcake\\Cors\\HandleCors->handle(Object(Illuminate\\Http\\Request), Object(Closure))
#49 F:\\.My Projects\\Databse\\Attendance_Management_System\\vendor\\laravel\\framework\\src\\Illuminate\\Http\\Middleware\\TrustProxies.php(39): Illuminate\\Pipeline\\Pipeline->Illuminate\\Pipeline\\{closure}(Object(Illuminate\\Http\\Request))
#50 F:\\.My Projects\\Databse\\Attendance_Management_System\\vendor\\laravel\\framework\\src\\Illuminate\\Pipeline\\Pipeline.php(167): Illuminate\\Http\\Middleware\\TrustProxies->handle(Object(Illuminate\\Http\\Request), Object(Closure))
#51 F:\\.My Projects\\Databse\\Attendance_Management_System\\vendor\\laravel\\framework\\src\\Illuminate\\Pipeline\\Pipeline.php(103): Illuminate\\Pipeline\\Pipeline->Illuminate\\Pipeline\\{closure}(Object(Illuminate\\Http\\Request))
#52 F:\\.My Projects\\Databse\\Attendance_Management_System\\vendor\\laravel\\framework\\src\\Illuminate\\Foundation\\Http\\Kernel.php(142): Illuminate\\Pipeline\\Pipeline->then(Object(Closure))
#53 F:\\.My Projects\\Databse\\Attendance_Management_System\\vendor\\laravel\\framework\\src\\Illuminate\\Foundation\\Http\\Kernel.php(111): Illuminate\\Foundation\\Http\\Kernel->sendRequestThroughRouter(Object(Illuminate\\Http\\Request))
#54 F:\\.My Projects\\Databse\\Attendance_Management_System\\public\\index.php(54): Illuminate\\Foundation\\Http\\Kernel->handle(Object(Illuminate\\Http\\Request))
#55 F:\\.My Projects\\Databse\\Attendance_Management_System\\server.php(21): require_once('F:\\\\.My Projects...')
#56 {main}
"} 
[2025-05-01 13:35:12] local.ERROR: Cannot end a section without first starting one. (View: F:\.My Projects\Databse\Attendance_Management_System\resources\views\welcome.blade.php) {"view":{"view":"F:\\.My Projects\\Databse\\Attendance_Management_System\\vendor\\laravel\\framework\\src\\Illuminate\\View\\Concerns\\ManagesLayouts.php","data":[]},"userId":1,"exception":"[object] (Facade\\Ignition\\Exceptions\\ViewException(code: 0): Cannot end a section without first starting one. (View: F:\\.My Projects\\Databse\\Attendance_Management_System\\resources\\views\\welcome.blade.php) at F:\\.My Projects\\Databse\\Attendance_Management_System\\vendor\\laravel\\framework\\src\\Illuminate\\View\\Concerns\\ManagesLayouts.php:94)
[stacktrace]
#0 F:\\.My Projects\\Databse\\Attendance_Management_System\\resources\\views/welcome.blade.php(60): Illuminate\\View\\Factory->stopSection()
#1 F:\\.My Projects\\Databse\\Attendance_Management_System\\vendor\\laravel\\framework\\src\\Illuminate\\Filesystem\\Filesystem.php(107): require('F:\\\\.My Projects...')
#2 F:\\.My Projects\\Databse\\Attendance_Management_System\\vendor\\laravel\\framework\\src\\Illuminate\\Filesystem\\Filesystem.php(108): Illuminate\\Filesystem\\Filesystem::Illuminate\\Filesystem\\{closure}()
#3 F:\\.My Projects\\Databse\\Attendance_Management_System\\vendor\\laravel\\framework\\src\\Illuminate\\View\\Engines\\PhpEngine.php(58): Illuminate\\Filesystem\\Filesystem->getRequire('F:\\\\.My Projects...', Array)
#4 F:\\.My Projects\\Databse\\Attendance_Management_System\\vendor\\laravel\\framework\\src\\Illuminate\\View\\Engines\\CompilerEngine.php(61): Illuminate\\View\\Engines\\PhpEngine->evaluatePath('F:\\\\.My Projects...', Array)
#5 F:\\.My Projects\\Databse\\Attendance_Management_System\\vendor\\facade\\ignition\\src\\Views\\Engines\\CompilerEngine.php(37): Illuminate\\View\\Engines\\CompilerEngine->get('F:\\\\.My Projects...', Array)
#6 F:\\.My Projects\\Databse\\Attendance_Management_System\\vendor\\laravel\\framework\\src\\Illuminate\\View\\View.php(139): Facade\\Ignition\\Views\\Engines\\CompilerEngine->get('F:\\\\.My Projects...', Array)
#7 F:\\.My Projects\\Databse\\Attendance_Management_System\\vendor\\laravel\\framework\\src\\Illuminate\\View\\View.php(122): Illuminate\\View\\View->getContents()
#8 F:\\.My Projects\\Databse\\Attendance_Management_System\\vendor\\laravel\\framework\\src\\Illuminate\\View\\View.php(91): Illuminate\\View\\View->renderContents()
#9 F:\\.My Projects\\Databse\\Attendance_Management_System\\vendor\\laravel\\framework\\src\\Illuminate\\Http\\Response.php(69): Illuminate\\View\\View->render()
#10 F:\\.My Projects\\Databse\\Attendance_Management_System\\vendor\\laravel\\framework\\src\\Illuminate\\Http\\Response.php(35): Illuminate\\Http\\Response->setContent(Object(Illuminate\\View\\View))
#11 F:\\.My Projects\\Databse\\Attendance_Management_System\\vendor\\laravel\\framework\\src\\Illuminate\\Routing\\Router.php(820): Illuminate\\Http\\Response->__construct(Object(Illuminate\\View\\View), 200, Array)
#12 F:\\.My Projects\\Databse\\Attendance_Management_System\\vendor\\laravel\\framework\\src\\Illuminate\\Routing\\Router.php(789): Illuminate\\Routing\\Router::toResponse(Object(Illuminate\\Http\\Request), Object(Illuminate\\View\\View))
#13 F:\\.My Projects\\Databse\\Attendance_Management_System\\vendor\\laravel\\framework\\src\\Illuminate\\Routing\\Router.php(720): Illuminate\\Routing\\Router->prepareResponse(Object(Illuminate\\Http\\Request), Object(Illuminate\\View\\View))
#14 F:\\.My Projects\\Databse\\Attendance_Management_System\\vendor\\laravel\\framework\\src\\Illuminate\\Pipeline\\Pipeline.php(128): Illuminate\\Routing\\Router->Illuminate\\Routing\\{closure}(Object(Illuminate\\Http\\Request))
#15 F:\\.My Projects\\Databse\\Attendance_Management_System\\vendor\\laravel\\framework\\src\\Illuminate\\Routing\\Middleware\\SubstituteBindings.php(50): Illuminate\\Pipeline\\Pipeline->Illuminate\\Pipeline\\{closure}(Object(Illuminate\\Http\\Request))
#16 F:\\.My Projects\\Databse\\Attendance_Management_System\\vendor\\laravel\\framework\\src\\Illuminate\\Pipeline\\Pipeline.php(167): Illuminate\\Routing\\Middleware\\SubstituteBindings->handle(Object(Illuminate\\Http\\Request), Object(Closure))
#17 F:\\.My Projects\\Databse\\Attendance_Management_System\\vendor\\laravel\\framework\\src\\Illuminate\\Foundation\\Http\\Middleware\\VerifyCsrfToken.php(78): Illuminate\\Pipeline\\Pipeline->Illuminate\\Pipeline\\{closure}(Object(Illuminate\\Http\\Request))
#18 F:\\.My Projects\\Databse\\Attendance_Management_System\\vendor\\laravel\\framework\\src\\Illuminate\\Pipeline\\Pipeline.php(167): Illuminate\\Foundation\\Http\\Middleware\\VerifyCsrfToken->handle(Object(Illuminate\\Http\\Request), Object(Closure))
#19 F:\\.My Projects\\Databse\\Attendance_Management_System\\vendor\\laravel\\framework\\src\\Illuminate\\View\\Middleware\\ShareErrorsFromSession.php(49): Illuminate\\Pipeline\\Pipeline->Illuminate\\Pipeline\\{closure}(Object(Illuminate\\Http\\Request))
#20 F:\\.My Projects\\Databse\\Attendance_Management_System\\vendor\\laravel\\framework\\src\\Illuminate\\Pipeline\\Pipeline.php(167): Illuminate\\View\\Middleware\\ShareErrorsFromSession->handle(Object(Illuminate\\Http\\Request), Object(Closure))
#21 F:\\.My Projects\\Databse\\Attendance_Management_System\\vendor\\laravel\\framework\\src\\Illuminate\\Session\\Middleware\\StartSession.php(121): Illuminate\\Pipeline\\Pipeline->Illuminate\\Pipeline\\{closure}(Object(Illuminate\\Http\\Request))
#22 F:\\.My Projects\\Databse\\Attendance_Management_System\\vendor\\laravel\\framework\\src\\Illuminate\\Session\\Middleware\\StartSession.php(64): Illuminate\\Session\\Middleware\\StartSession->handleStatefulRequest(Object(Illuminate\\Http\\Request), Object(Illuminate\\Session\\Store), Object(Closure))
#23 F:\\.My Projects\\Databse\\Attendance_Management_System\\vendor\\laravel\\framework\\src\\Illuminate\\Pipeline\\Pipeline.php(167): Illuminate\\Session\\Middleware\\StartSession->handle(Object(Illuminate\\Http\\Request), Object(Closure))
#24 F:\\.My Projects\\Databse\\Attendance_Management_System\\vendor\\laravel\\framework\\src\\Illuminate\\Cookie\\Middleware\\AddQueuedCookiesToResponse.php(37): Illuminate\\Pipeline\\Pipeline->Illuminate\\Pipeline\\{closure}(Object(Illuminate\\Http\\Request))
#25 F:\\.My Projects\\Databse\\Attendance_Management_System\\vendor\\laravel\\framework\\src\\Illuminate\\Pipeline\\Pipeline.php(167): Illuminate\\Cookie\\Middleware\\AddQueuedCookiesToResponse->handle(Object(Illuminate\\Http\\Request), Object(Closure))
#26 F:\\.My Projects\\Databse\\Attendance_Management_System\\vendor\\laravel\\framework\\src\\Illuminate\\Cookie\\Middleware\\EncryptCookies.php(67): Illuminate\\Pipeline\\Pipeline->Illuminate\\Pipeline\\{closure}(Object(Illuminate\\Http\\Request))
#27 F:\\.My Projects\\Databse\\Attendance_Management_System\\vendor\\laravel\\framework\\src\\Illuminate\\Pipeline\\Pipeline.php(167): Illuminate\\Cookie\\Middleware\\EncryptCookies->handle(Object(Illuminate\\Http\\Request), Object(Closure))
#28 F:\\.My Projects\\Databse\\Attendance_Management_System\\vendor\\laravel\\framework\\src\\Illuminate\\Pipeline\\Pipeline.php(103): Illuminate\\Pipeline\\Pipeline->Illuminate\\Pipeline\\{closure}(Object(Illuminate\\Http\\Request))
#29 F:\\.My Projects\\Databse\\Attendance_Management_System\\vendor\\laravel\\framework\\src\\Illuminate\\Routing\\Router.php(719): Illuminate\\Pipeline\\Pipeline->then(Object(Closure))
#30 F:\\.My Projects\\Databse\\Attendance_Management_System\\vendor\\laravel\\framework\\src\\Illuminate\\Routing\\Router.php(698): Illuminate\\Routing\\Router->runRouteWithinStack(Object(Illuminate\\Routing\\Route), Object(Illuminate\\Http\\Request))
#31 F:\\.My Projects\\Databse\\Attendance_Management_System\\vendor\\laravel\\framework\\src\\Illuminate\\Routing\\Router.php(662): Illuminate\\Routing\\Router->runRoute(Object(Illuminate\\Http\\Request), Object(Illuminate\\Routing\\Route))
#32 F:\\.My Projects\\Databse\\Attendance_Management_System\\vendor\\laravel\\framework\\src\\Illuminate\\Routing\\Router.php(651): Illuminate\\Routing\\Router->dispatchToRoute(Object(Illuminate\\Http\\Request))
#33 F:\\.My Projects\\Databse\\Attendance_Management_System\\vendor\\laravel\\framework\\src\\Illuminate\\Foundation\\Http\\Kernel.php(167): Illuminate\\Routing\\Router->dispatch(Object(Illuminate\\Http\\Request))
#34 F:\\.My Projects\\Databse\\Attendance_Management_System\\vendor\\laravel\\framework\\src\\Illuminate\\Pipeline\\Pipeline.php(128): Illuminate\\Foundation\\Http\\Kernel->Illuminate\\Foundation\\Http\\{closure}(Object(Illuminate\\Http\\Request))
#35 F:\\.My Projects\\Databse\\Attendance_Management_System\\vendor\\laravel\\framework\\src\\Illuminate\\Foundation\\Http\\Middleware\\TransformsRequest.php(21): Illuminate\\Pipeline\\Pipeline->Illuminate\\Pipeline\\{closure}(Object(Illuminate\\Http\\Request))
#36 F:\\.My Projects\\Databse\\Attendance_Management_System\\vendor\\laravel\\framework\\src\\Illuminate\\Foundation\\Http\\Middleware\\ConvertEmptyStringsToNull.php(31): Illuminate\\Foundation\\Http\\Middleware\\TransformsRequest->handle(Object(Illuminate\\Http\\Request), Object(Closure))
#37 F:\\.My Projects\\Databse\\Attendance_Management_System\\vendor\\laravel\\framework\\src\\Illuminate\\Pipeline\\Pipeline.php(167): Illuminate\\Foundation\\Http\\Middleware\\ConvertEmptyStringsToNull->handle(Object(Illuminate\\Http\\Request), Object(Closure))
#38 F:\\.My Projects\\Databse\\Attendance_Management_System\\vendor\\laravel\\framework\\src\\Illuminate\\Foundation\\Http\\Middleware\\TransformsRequest.php(21): Illuminate\\Pipeline\\Pipeline->Illuminate\\Pipeline\\{closure}(Object(Illuminate\\Http\\Request))
#39 F:\\.My Projects\\Databse\\Attendance_Management_System\\vendor\\laravel\\framework\\src\\Illuminate\\Foundation\\Http\\Middleware\\TrimStrings.php(40): Illuminate\\Foundation\\Http\\Middleware\\TransformsRequest->handle(Object(Illuminate\\Http\\Request), Object(Closure))
#40 F:\\.My Projects\\Databse\\Attendance_Management_System\\vendor\\laravel\\framework\\src\\Illuminate\\Pipeline\\Pipeline.php(167): Illuminate\\Foundation\\Http\\Middleware\\TrimStrings->handle(Object(Illuminate\\Http\\Request), Object(Closure))
#41 F:\\.My Projects\\Databse\\Attendance_Management_System\\vendor\\laravel\\framework\\src\\Illuminate\\Foundation\\Http\\Middleware\\ValidatePostSize.php(27): Illuminate\\Pipeline\\Pipeline->Illuminate\\Pipeline\\{closure}(Object(Illuminate\\Http\\Request))
#42 F:\\.My Projects\\Databse\\Attendance_Management_System\\vendor\\laravel\\framework\\src\\Illuminate\\Pipeline\\Pipeline.php(167): Illuminate\\Foundation\\Http\\Middleware\\ValidatePostSize->handle(Object(Illuminate\\Http\\Request), Object(Closure))
#43 F:\\.My Projects\\Databse\\Attendance_Management_System\\vendor\\laravel\\framework\\src\\Illuminate\\Foundation\\Http\\Middleware\\PreventRequestsDuringMaintenance.php(86): Illuminate\\Pipeline\\Pipeline->Illuminate\\Pipeline\\{closure}(Object(Illuminate\\Http\\Request))
#44 F:\\.My Projects\\Databse\\Attendance_Management_System\\vendor\\laravel\\framework\\src\\Illuminate\\Pipeline\\Pipeline.php(167): Illuminate\\Foundation\\Http\\Middleware\\PreventRequestsDuringMaintenance->handle(Object(Illuminate\\Http\\Request), Object(Closure))
#45 F:\\.My Projects\\Databse\\Attendance_Management_System\\vendor\\fruitcake\\laravel-cors\\src\\HandleCors.php(38): Illuminate\\Pipeline\\Pipeline->Illuminate\\Pipeline\\{closure}(Object(Illuminate\\Http\\Request))
#46 F:\\.My Projects\\Databse\\Attendance_Management_System\\vendor\\laravel\\framework\\src\\Illuminate\\Pipeline\\Pipeline.php(167): Fruitcake\\Cors\\HandleCors->handle(Object(Illuminate\\Http\\Request), Object(Closure))
#47 F:\\.My Projects\\Databse\\Attendance_Management_System\\vendor\\laravel\\framework\\src\\Illuminate\\Http\\Middleware\\TrustProxies.php(39): Illuminate\\Pipeline\\Pipeline->Illuminate\\Pipeline\\{closure}(Object(Illuminate\\Http\\Request))
#48 F:\\.My Projects\\Databse\\Attendance_Management_System\\vendor\\laravel\\framework\\src\\Illuminate\\Pipeline\\Pipeline.php(167): Illuminate\\Http\\Middleware\\TrustProxies->handle(Object(Illuminate\\Http\\Request), Object(Closure))
#49 F:\\.My Projects\\Databse\\Attendance_Management_System\\vendor\\laravel\\framework\\src\\Illuminate\\Pipeline\\Pipeline.php(103): Illuminate\\Pipeline\\Pipeline->Illuminate\\Pipeline\\{closure}(Object(Illuminate\\Http\\Request))
#50 F:\\.My Projects\\Databse\\Attendance_Management_System\\vendor\\laravel\\framework\\src\\Illuminate\\Foundation\\Http\\Kernel.php(142): Illuminate\\Pipeline\\Pipeline->then(Object(Closure))
#51 F:\\.My Projects\\Databse\\Attendance_Management_System\\vendor\\laravel\\framework\\src\\Illuminate\\Foundation\\Http\\Kernel.php(111): Illuminate\\Foundation\\Http\\Kernel->sendRequestThroughRouter(Object(Illuminate\\Http\\Request))
#52 F:\\.My Projects\\Databse\\Attendance_Management_System\\public\\index.php(54): Illuminate\\Foundation\\Http\\Kernel->handle(Object(Illuminate\\Http\\Request))
#53 F:\\.My Projects\\Databse\\Attendance_Management_System\\server.php(21): require_once('F:\\\\.My Projects...')
#54 {main}

[previous exception] [object] (InvalidArgumentException(code: 0): Cannot end a section without first starting one. at F:\\.My Projects\\Databse\\Attendance_Management_System\\vendor\\laravel\\framework\\src\\Illuminate\\View\\Concerns\\ManagesLayouts.php:94)
[stacktrace]
#0 F:\\.My Projects\\Databse\\Attendance_Management_System\\storage\\framework\\views\\1f5f93e2d57159b8be9e60f946248c836725e606.php(60): Illuminate\\View\\Factory->stopSection()
#1 F:\\.My Projects\\Databse\\Attendance_Management_System\\vendor\\laravel\\framework\\src\\Illuminate\\Filesystem\\Filesystem.php(107): require('F:\\\\.My Projects...')
#2 F:\\.My Projects\\Databse\\Attendance_Management_System\\vendor\\laravel\\framework\\src\\Illuminate\\Filesystem\\Filesystem.php(108): Illuminate\\Filesystem\\Filesystem::Illuminate\\Filesystem\\{closure}()
#3 F:\\.My Projects\\Databse\\Attendance_Management_System\\vendor\\laravel\\framework\\src\\Illuminate\\View\\Engines\\PhpEngine.php(58): Illuminate\\Filesystem\\Filesystem->getRequire('F:\\\\.My Projects...', Array)
#4 F:\\.My Projects\\Databse\\Attendance_Management_System\\vendor\\laravel\\framework\\src\\Illuminate\\View\\Engines\\CompilerEngine.php(61): Illuminate\\View\\Engines\\PhpEngine->evaluatePath('F:\\\\.My Projects...', Array)
#5 F:\\.My Projects\\Databse\\Attendance_Management_System\\vendor\\facade\\ignition\\src\\Views\\Engines\\CompilerEngine.php(37): Illuminate\\View\\Engines\\CompilerEngine->get('F:\\\\.My Projects...', Array)
#6 F:\\.My Projects\\Databse\\Attendance_Management_System\\vendor\\laravel\\framework\\src\\Illuminate\\View\\View.php(139): Facade\\Ignition\\Views\\Engines\\CompilerEngine->get('F:\\\\.My Projects...', Array)
#7 F:\\.My Projects\\Databse\\Attendance_Management_System\\vendor\\laravel\\framework\\src\\Illuminate\\View\\View.php(122): Illuminate\\View\\View->getContents()
#8 F:\\.My Projects\\Databse\\Attendance_Management_System\\vendor\\laravel\\framework\\src\\Illuminate\\View\\View.php(91): Illuminate\\View\\View->renderContents()
#9 F:\\.My Projects\\Databse\\Attendance_Management_System\\vendor\\laravel\\framework\\src\\Illuminate\\Http\\Response.php(69): Illuminate\\View\\View->render()
#10 F:\\.My Projects\\Databse\\Attendance_Management_System\\vendor\\laravel\\framework\\src\\Illuminate\\Http\\Response.php(35): Illuminate\\Http\\Response->setContent(Object(Illuminate\\View\\View))
#11 F:\\.My Projects\\Databse\\Attendance_Management_System\\vendor\\laravel\\framework\\src\\Illuminate\\Routing\\Router.php(820): Illuminate\\Http\\Response->__construct(Object(Illuminate\\View\\View), 200, Array)
#12 F:\\.My Projects\\Databse\\Attendance_Management_System\\vendor\\laravel\\framework\\src\\Illuminate\\Routing\\Router.php(789): Illuminate\\Routing\\Router::toResponse(Object(Illuminate\\Http\\Request), Object(Illuminate\\View\\View))
#13 F:\\.My Projects\\Databse\\Attendance_Management_System\\vendor\\laravel\\framework\\src\\Illuminate\\Routing\\Router.php(720): Illuminate\\Routing\\Router->prepareResponse(Object(Illuminate\\Http\\Request), Object(Illuminate\\View\\View))
#14 F:\\.My Projects\\Databse\\Attendance_Management_System\\vendor\\laravel\\framework\\src\\Illuminate\\Pipeline\\Pipeline.php(128): Illuminate\\Routing\\Router->Illuminate\\Routing\\{closure}(Object(Illuminate\\Http\\Request))
#15 F:\\.My Projects\\Databse\\Attendance_Management_System\\vendor\\laravel\\framework\\src\\Illuminate\\Routing\\Middleware\\SubstituteBindings.php(50): Illuminate\\Pipeline\\Pipeline->Illuminate\\Pipeline\\{closure}(Object(Illuminate\\Http\\Request))
#16 F:\\.My Projects\\Databse\\Attendance_Management_System\\vendor\\laravel\\framework\\src\\Illuminate\\Pipeline\\Pipeline.php(167): Illuminate\\Routing\\Middleware\\SubstituteBindings->handle(Object(Illuminate\\Http\\Request), Object(Closure))
#17 F:\\.My Projects\\Databse\\Attendance_Management_System\\vendor\\laravel\\framework\\src\\Illuminate\\Foundation\\Http\\Middleware\\VerifyCsrfToken.php(78): Illuminate\\Pipeline\\Pipeline->Illuminate\\Pipeline\\{closure}(Object(Illuminate\\Http\\Request))
#18 F:\\.My Projects\\Databse\\Attendance_Management_System\\vendor\\laravel\\framework\\src\\Illuminate\\Pipeline\\Pipeline.php(167): Illuminate\\Foundation\\Http\\Middleware\\VerifyCsrfToken->handle(Object(Illuminate\\Http\\Request), Object(Closure))
#19 F:\\.My Projects\\Databse\\Attendance_Management_System\\vendor\\laravel\\framework\\src\\Illuminate\\View\\Middleware\\ShareErrorsFromSession.php(49): Illuminate\\Pipeline\\Pipeline->Illuminate\\Pipeline\\{closure}(Object(Illuminate\\Http\\Request))
#20 F:\\.My Projects\\Databse\\Attendance_Management_System\\vendor\\laravel\\framework\\src\\Illuminate\\Pipeline\\Pipeline.php(167): Illuminate\\View\\Middleware\\ShareErrorsFromSession->handle(Object(Illuminate\\Http\\Request), Object(Closure))
#21 F:\\.My Projects\\Databse\\Attendance_Management_System\\vendor\\laravel\\framework\\src\\Illuminate\\Session\\Middleware\\StartSession.php(121): Illuminate\\Pipeline\\Pipeline->Illuminate\\Pipeline\\{closure}(Object(Illuminate\\Http\\Request))
#22 F:\\.My Projects\\Databse\\Attendance_Management_System\\vendor\\laravel\\framework\\src\\Illuminate\\Session\\Middleware\\StartSession.php(64): Illuminate\\Session\\Middleware\\StartSession->handleStatefulRequest(Object(Illuminate\\Http\\Request), Object(Illuminate\\Session\\Store), Object(Closure))
#23 F:\\.My Projects\\Databse\\Attendance_Management_System\\vendor\\laravel\\framework\\src\\Illuminate\\Pipeline\\Pipeline.php(167): Illuminate\\Session\\Middleware\\StartSession->handle(Object(Illuminate\\Http\\Request), Object(Closure))
#24 F:\\.My Projects\\Databse\\Attendance_Management_System\\vendor\\laravel\\framework\\src\\Illuminate\\Cookie\\Middleware\\AddQueuedCookiesToResponse.php(37): Illuminate\\Pipeline\\Pipeline->Illuminate\\Pipeline\\{closure}(Object(Illuminate\\Http\\Request))
#25 F:\\.My Projects\\Databse\\Attendance_Management_System\\vendor\\laravel\\framework\\src\\Illuminate\\Pipeline\\Pipeline.php(167): Illuminate\\Cookie\\Middleware\\AddQueuedCookiesToResponse->handle(Object(Illuminate\\Http\\Request), Object(Closure))
#26 F:\\.My Projects\\Databse\\Attendance_Management_System\\vendor\\laravel\\framework\\src\\Illuminate\\Cookie\\Middleware\\EncryptCookies.php(67): Illuminate\\Pipeline\\Pipeline->Illuminate\\Pipeline\\{closure}(Object(Illuminate\\Http\\Request))
#27 F:\\.My Projects\\Databse\\Attendance_Management_System\\vendor\\laravel\\framework\\src\\Illuminate\\Pipeline\\Pipeline.php(167): Illuminate\\Cookie\\Middleware\\EncryptCookies->handle(Object(Illuminate\\Http\\Request), Object(Closure))
#28 F:\\.My Projects\\Databse\\Attendance_Management_System\\vendor\\laravel\\framework\\src\\Illuminate\\Pipeline\\Pipeline.php(103): Illuminate\\Pipeline\\Pipeline->Illuminate\\Pipeline\\{closure}(Object(Illuminate\\Http\\Request))
#29 F:\\.My Projects\\Databse\\Attendance_Management_System\\vendor\\laravel\\framework\\src\\Illuminate\\Routing\\Router.php(719): Illuminate\\Pipeline\\Pipeline->then(Object(Closure))
#30 F:\\.My Projects\\Databse\\Attendance_Management_System\\vendor\\laravel\\framework\\src\\Illuminate\\Routing\\Router.php(698): Illuminate\\Routing\\Router->runRouteWithinStack(Object(Illuminate\\Routing\\Route), Object(Illuminate\\Http\\Request))
#31 F:\\.My Projects\\Databse\\Attendance_Management_System\\vendor\\laravel\\framework\\src\\Illuminate\\Routing\\Router.php(662): Illuminate\\Routing\\Router->runRoute(Object(Illuminate\\Http\\Request), Object(Illuminate\\Routing\\Route))
#32 F:\\.My Projects\\Databse\\Attendance_Management_System\\vendor\\laravel\\framework\\src\\Illuminate\\Routing\\Router.php(651): Illuminate\\Routing\\Router->dispatchToRoute(Object(Illuminate\\Http\\Request))
#33 F:\\.My Projects\\Databse\\Attendance_Management_System\\vendor\\laravel\\framework\\src\\Illuminate\\Foundation\\Http\\Kernel.php(167): Illuminate\\Routing\\Router->dispatch(Object(Illuminate\\Http\\Request))
#34 F:\\.My Projects\\Databse\\Attendance_Management_System\\vendor\\laravel\\framework\\src\\Illuminate\\Pipeline\\Pipeline.php(128): Illuminate\\Foundation\\Http\\Kernel->Illuminate\\Foundation\\Http\\{closure}(Object(Illuminate\\Http\\Request))
#35 F:\\.My Projects\\Databse\\Attendance_Management_System\\vendor\\laravel\\framework\\src\\Illuminate\\Foundation\\Http\\Middleware\\TransformsRequest.php(21): Illuminate\\Pipeline\\Pipeline->Illuminate\\Pipeline\\{closure}(Object(Illuminate\\Http\\Request))
#36 F:\\.My Projects\\Databse\\Attendance_Management_System\\vendor\\laravel\\framework\\src\\Illuminate\\Foundation\\Http\\Middleware\\ConvertEmptyStringsToNull.php(31): Illuminate\\Foundation\\Http\\Middleware\\TransformsRequest->handle(Object(Illuminate\\Http\\Request), Object(Closure))
#37 F:\\.My Projects\\Databse\\Attendance_Management_System\\vendor\\laravel\\framework\\src\\Illuminate\\Pipeline\\Pipeline.php(167): Illuminate\\Foundation\\Http\\Middleware\\ConvertEmptyStringsToNull->handle(Object(Illuminate\\Http\\Request), Object(Closure))
#38 F:\\.My Projects\\Databse\\Attendance_Management_System\\vendor\\laravel\\framework\\src\\Illuminate\\Foundation\\Http\\Middleware\\TransformsRequest.php(21): Illuminate\\Pipeline\\Pipeline->Illuminate\\Pipeline\\{closure}(Object(Illuminate\\Http\\Request))
#39 F:\\.My Projects\\Databse\\Attendance_Management_System\\vendor\\laravel\\framework\\src\\Illuminate\\Foundation\\Http\\Middleware\\TrimStrings.php(40): Illuminate\\Foundation\\Http\\Middleware\\TransformsRequest->handle(Object(Illuminate\\Http\\Request), Object(Closure))
#40 F:\\.My Projects\\Databse\\Attendance_Management_System\\vendor\\laravel\\framework\\src\\Illuminate\\Pipeline\\Pipeline.php(167): Illuminate\\Foundation\\Http\\Middleware\\TrimStrings->handle(Object(Illuminate\\Http\\Request), Object(Closure))
#41 F:\\.My Projects\\Databse\\Attendance_Management_System\\vendor\\laravel\\framework\\src\\Illuminate\\Foundation\\Http\\Middleware\\ValidatePostSize.php(27): Illuminate\\Pipeline\\Pipeline->Illuminate\\Pipeline\\{closure}(Object(Illuminate\\Http\\Request))
#42 F:\\.My Projects\\Databse\\Attendance_Management_System\\vendor\\laravel\\framework\\src\\Illuminate\\Pipeline\\Pipeline.php(167): Illuminate\\Foundation\\Http\\Middleware\\ValidatePostSize->handle(Object(Illuminate\\Http\\Request), Object(Closure))
#43 F:\\.My Projects\\Databse\\Attendance_Management_System\\vendor\\laravel\\framework\\src\\Illuminate\\Foundation\\Http\\Middleware\\PreventRequestsDuringMaintenance.php(86): Illuminate\\Pipeline\\Pipeline->Illuminate\\Pipeline\\{closure}(Object(Illuminate\\Http\\Request))
#44 F:\\.My Projects\\Databse\\Attendance_Management_System\\vendor\\laravel\\framework\\src\\Illuminate\\Pipeline\\Pipeline.php(167): Illuminate\\Foundation\\Http\\Middleware\\PreventRequestsDuringMaintenance->handle(Object(Illuminate\\Http\\Request), Object(Closure))
#45 F:\\.My Projects\\Databse\\Attendance_Management_System\\vendor\\fruitcake\\laravel-cors\\src\\HandleCors.php(38): Illuminate\\Pipeline\\Pipeline->Illuminate\\Pipeline\\{closure}(Object(Illuminate\\Http\\Request))
#46 F:\\.My Projects\\Databse\\Attendance_Management_System\\vendor\\laravel\\framework\\src\\Illuminate\\Pipeline\\Pipeline.php(167): Fruitcake\\Cors\\HandleCors->handle(Object(Illuminate\\Http\\Request), Object(Closure))
#47 F:\\.My Projects\\Databse\\Attendance_Management_System\\vendor\\laravel\\framework\\src\\Illuminate\\Http\\Middleware\\TrustProxies.php(39): Illuminate\\Pipeline\\Pipeline->Illuminate\\Pipeline\\{closure}(Object(Illuminate\\Http\\Request))
#48 F:\\.My Projects\\Databse\\Attendance_Management_System\\vendor\\laravel\\framework\\src\\Illuminate\\Pipeline\\Pipeline.php(167): Illuminate\\Http\\Middleware\\TrustProxies->handle(Object(Illuminate\\Http\\Request), Object(Closure))
#49 F:\\.My Projects\\Databse\\Attendance_Management_System\\vendor\\laravel\\framework\\src\\Illuminate\\Pipeline\\Pipeline.php(103): Illuminate\\Pipeline\\Pipeline->Illuminate\\Pipeline\\{closure}(Object(Illuminate\\Http\\Request))
#50 F:\\.My Projects\\Databse\\Attendance_Management_System\\vendor\\laravel\\framework\\src\\Illuminate\\Foundation\\Http\\Kernel.php(142): Illuminate\\Pipeline\\Pipeline->then(Object(Closure))
#51 F:\\.My Projects\\Databse\\Attendance_Management_System\\vendor\\laravel\\framework\\src\\Illuminate\\Foundation\\Http\\Kernel.php(111): Illuminate\\Foundation\\Http\\Kernel->sendRequestThroughRouter(Object(Illuminate\\Http\\Request))
#52 F:\\.My Projects\\Databse\\Attendance_Management_System\\public\\index.php(54): Illuminate\\Foundation\\Http\\Kernel->handle(Object(Illuminate\\Http\\Request))
#53 F:\\.My Projects\\Databse\\Attendance_Management_System\\server.php(21): require_once('F:\\\\.My Projects...')
#54 {main}
"} 
[2025-05-01 13:35:16] local.ERROR: View [layouts.app] not found. (View: F:\.My Projects\Databse\Attendance_Management_System\resources\views\welcome.blade.php) {"view":{"view":"F:\\.My Projects\\Databse\\Attendance_Management_System\\vendor\\laravel\\framework\\src\\Illuminate\\View\\FileViewFinder.php","data":[]},"userId":1,"exception":"[object] (Facade\\Ignition\\Exceptions\\ViewException(code: 0): View [layouts.app] not found. (View: F:\\.My Projects\\Databse\\Attendance_Management_System\\resources\\views\\welcome.blade.php) at F:\\.My Projects\\Databse\\Attendance_Management_System\\vendor\\laravel\\framework\\src\\Illuminate\\View\\FileViewFinder.php:137)
[stacktrace]
#0 F:\\.My Projects\\Databse\\Attendance_Management_System\\vendor\\laravel\\framework\\src\\Illuminate\\View\\FileViewFinder.php(79): Illuminate\\View\\FileViewFinder->findInPaths('layouts.app', Array)
#1 F:\\.My Projects\\Databse\\Attendance_Management_System\\vendor\\laravel\\framework\\src\\Illuminate\\View\\Factory.php(137): Illuminate\\View\\FileViewFinder->find('layouts.app')
#2 F:\\.My Projects\\Databse\\Attendance_Management_System\\resources\\views/welcome.blade.php(62): Illuminate\\View\\Factory->make('layouts.app', Array)
#3 F:\\.My Projects\\Databse\\Attendance_Management_System\\vendor\\laravel\\framework\\src\\Illuminate\\Filesystem\\Filesystem.php(107): require('F:\\\\.My Projects...')
#4 F:\\.My Projects\\Databse\\Attendance_Management_System\\vendor\\laravel\\framework\\src\\Illuminate\\Filesystem\\Filesystem.php(108): Illuminate\\Filesystem\\Filesystem::Illuminate\\Filesystem\\{closure}()
#5 F:\\.My Projects\\Databse\\Attendance_Management_System\\vendor\\laravel\\framework\\src\\Illuminate\\View\\Engines\\PhpEngine.php(58): Illuminate\\Filesystem\\Filesystem->getRequire('F:\\\\.My Projects...', Array)
#6 F:\\.My Projects\\Databse\\Attendance_Management_System\\vendor\\laravel\\framework\\src\\Illuminate\\View\\Engines\\CompilerEngine.php(61): Illuminate\\View\\Engines\\PhpEngine->evaluatePath('F:\\\\.My Projects...', Array)
#7 F:\\.My Projects\\Databse\\Attendance_Management_System\\vendor\\facade\\ignition\\src\\Views\\Engines\\CompilerEngine.php(37): Illuminate\\View\\Engines\\CompilerEngine->get('F:\\\\.My Projects...', Array)
#8 F:\\.My Projects\\Databse\\Attendance_Management_System\\vendor\\laravel\\framework\\src\\Illuminate\\View\\View.php(139): Facade\\Ignition\\Views\\Engines\\CompilerEngine->get('F:\\\\.My Projects...', Array)
#9 F:\\.My Projects\\Databse\\Attendance_Management_System\\vendor\\laravel\\framework\\src\\Illuminate\\View\\View.php(122): Illuminate\\View\\View->getContents()
#10 F:\\.My Projects\\Databse\\Attendance_Management_System\\vendor\\laravel\\framework\\src\\Illuminate\\View\\View.php(91): Illuminate\\View\\View->renderContents()
#11 F:\\.My Projects\\Databse\\Attendance_Management_System\\vendor\\laravel\\framework\\src\\Illuminate\\Http\\Response.php(69): Illuminate\\View\\View->render()
#12 F:\\.My Projects\\Databse\\Attendance_Management_System\\vendor\\laravel\\framework\\src\\Illuminate\\Http\\Response.php(35): Illuminate\\Http\\Response->setContent(Object(Illuminate\\View\\View))
#13 F:\\.My Projects\\Databse\\Attendance_Management_System\\vendor\\laravel\\framework\\src\\Illuminate\\Routing\\Router.php(820): Illuminate\\Http\\Response->__construct(Object(Illuminate\\View\\View), 200, Array)
#14 F:\\.My Projects\\Databse\\Attendance_Management_System\\vendor\\laravel\\framework\\src\\Illuminate\\Routing\\Router.php(789): Illuminate\\Routing\\Router::toResponse(Object(Illuminate\\Http\\Request), Object(Illuminate\\View\\View))
#15 F:\\.My Projects\\Databse\\Attendance_Management_System\\vendor\\laravel\\framework\\src\\Illuminate\\Routing\\Router.php(720): Illuminate\\Routing\\Router->prepareResponse(Object(Illuminate\\Http\\Request), Object(Illuminate\\View\\View))
#16 F:\\.My Projects\\Databse\\Attendance_Management_System\\vendor\\laravel\\framework\\src\\Illuminate\\Pipeline\\Pipeline.php(128): Illuminate\\Routing\\Router->Illuminate\\Routing\\{closure}(Object(Illuminate\\Http\\Request))
#17 F:\\.My Projects\\Databse\\Attendance_Management_System\\vendor\\laravel\\framework\\src\\Illuminate\\Routing\\Middleware\\SubstituteBindings.php(50): Illuminate\\Pipeline\\Pipeline->Illuminate\\Pipeline\\{closure}(Object(Illuminate\\Http\\Request))
#18 F:\\.My Projects\\Databse\\Attendance_Management_System\\vendor\\laravel\\framework\\src\\Illuminate\\Pipeline\\Pipeline.php(167): Illuminate\\Routing\\Middleware\\SubstituteBindings->handle(Object(Illuminate\\Http\\Request), Object(Closure))
#19 F:\\.My Projects\\Databse\\Attendance_Management_System\\vendor\\laravel\\framework\\src\\Illuminate\\Foundation\\Http\\Middleware\\VerifyCsrfToken.php(78): Illuminate\\Pipeline\\Pipeline->Illuminate\\Pipeline\\{closure}(Object(Illuminate\\Http\\Request))
#20 F:\\.My Projects\\Databse\\Attendance_Management_System\\vendor\\laravel\\framework\\src\\Illuminate\\Pipeline\\Pipeline.php(167): Illuminate\\Foundation\\Http\\Middleware\\VerifyCsrfToken->handle(Object(Illuminate\\Http\\Request), Object(Closure))
#21 F:\\.My Projects\\Databse\\Attendance_Management_System\\vendor\\laravel\\framework\\src\\Illuminate\\View\\Middleware\\ShareErrorsFromSession.php(49): Illuminate\\Pipeline\\Pipeline->Illuminate\\Pipeline\\{closure}(Object(Illuminate\\Http\\Request))
#22 F:\\.My Projects\\Databse\\Attendance_Management_System\\vendor\\laravel\\framework\\src\\Illuminate\\Pipeline\\Pipeline.php(167): Illuminate\\View\\Middleware\\ShareErrorsFromSession->handle(Object(Illuminate\\Http\\Request), Object(Closure))
#23 F:\\.My Projects\\Databse\\Attendance_Management_System\\vendor\\laravel\\framework\\src\\Illuminate\\Session\\Middleware\\StartSession.php(121): Illuminate\\Pipeline\\Pipeline->Illuminate\\Pipeline\\{closure}(Object(Illuminate\\Http\\Request))
#24 F:\\.My Projects\\Databse\\Attendance_Management_System\\vendor\\laravel\\framework\\src\\Illuminate\\Session\\Middleware\\StartSession.php(64): Illuminate\\Session\\Middleware\\StartSession->handleStatefulRequest(Object(Illuminate\\Http\\Request), Object(Illuminate\\Session\\Store), Object(Closure))
#25 F:\\.My Projects\\Databse\\Attendance_Management_System\\vendor\\laravel\\framework\\src\\Illuminate\\Pipeline\\Pipeline.php(167): Illuminate\\Session\\Middleware\\StartSession->handle(Object(Illuminate\\Http\\Request), Object(Closure))
#26 F:\\.My Projects\\Databse\\Attendance_Management_System\\vendor\\laravel\\framework\\src\\Illuminate\\Cookie\\Middleware\\AddQueuedCookiesToResponse.php(37): Illuminate\\Pipeline\\Pipeline->Illuminate\\Pipeline\\{closure}(Object(Illuminate\\Http\\Request))
#27 F:\\.My Projects\\Databse\\Attendance_Management_System\\vendor\\laravel\\framework\\src\\Illuminate\\Pipeline\\Pipeline.php(167): Illuminate\\Cookie\\Middleware\\AddQueuedCookiesToResponse->handle(Object(Illuminate\\Http\\Request), Object(Closure))
#28 F:\\.My Projects\\Databse\\Attendance_Management_System\\vendor\\laravel\\framework\\src\\Illuminate\\Cookie\\Middleware\\EncryptCookies.php(67): Illuminate\\Pipeline\\Pipeline->Illuminate\\Pipeline\\{closure}(Object(Illuminate\\Http\\Request))
#29 F:\\.My Projects\\Databse\\Attendance_Management_System\\vendor\\laravel\\framework\\src\\Illuminate\\Pipeline\\Pipeline.php(167): Illuminate\\Cookie\\Middleware\\EncryptCookies->handle(Object(Illuminate\\Http\\Request), Object(Closure))
#30 F:\\.My Projects\\Databse\\Attendance_Management_System\\vendor\\laravel\\framework\\src\\Illuminate\\Pipeline\\Pipeline.php(103): Illuminate\\Pipeline\\Pipeline->Illuminate\\Pipeline\\{closure}(Object(Illuminate\\Http\\Request))
#31 F:\\.My Projects\\Databse\\Attendance_Management_System\\vendor\\laravel\\framework\\src\\Illuminate\\Routing\\Router.php(719): Illuminate\\Pipeline\\Pipeline->then(Object(Closure))
#32 F:\\.My Projects\\Databse\\Attendance_Management_System\\vendor\\laravel\\framework\\src\\Illuminate\\Routing\\Router.php(698): Illuminate\\Routing\\Router->runRouteWithinStack(Object(Illuminate\\Routing\\Route), Object(Illuminate\\Http\\Request))
#33 F:\\.My Projects\\Databse\\Attendance_Management_System\\vendor\\laravel\\framework\\src\\Illuminate\\Routing\\Router.php(662): Illuminate\\Routing\\Router->runRoute(Object(Illuminate\\Http\\Request), Object(Illuminate\\Routing\\Route))
#34 F:\\.My Projects\\Databse\\Attendance_Management_System\\vendor\\laravel\\framework\\src\\Illuminate\\Routing\\Router.php(651): Illuminate\\Routing\\Router->dispatchToRoute(Object(Illuminate\\Http\\Request))
#35 F:\\.My Projects\\Databse\\Attendance_Management_System\\vendor\\laravel\\framework\\src\\Illuminate\\Foundation\\Http\\Kernel.php(167): Illuminate\\Routing\\Router->dispatch(Object(Illuminate\\Http\\Request))
#36 F:\\.My Projects\\Databse\\Attendance_Management_System\\vendor\\laravel\\framework\\src\\Illuminate\\Pipeline\\Pipeline.php(128): Illuminate\\Foundation\\Http\\Kernel->Illuminate\\Foundation\\Http\\{closure}(Object(Illuminate\\Http\\Request))
#37 F:\\.My Projects\\Databse\\Attendance_Management_System\\vendor\\laravel\\framework\\src\\Illuminate\\Foundation\\Http\\Middleware\\TransformsRequest.php(21): Illuminate\\Pipeline\\Pipeline->Illuminate\\Pipeline\\{closure}(Object(Illuminate\\Http\\Request))
#38 F:\\.My Projects\\Databse\\Attendance_Management_System\\vendor\\laravel\\framework\\src\\Illuminate\\Foundation\\Http\\Middleware\\ConvertEmptyStringsToNull.php(31): Illuminate\\Foundation\\Http\\Middleware\\TransformsRequest->handle(Object(Illuminate\\Http\\Request), Object(Closure))
#39 F:\\.My Projects\\Databse\\Attendance_Management_System\\vendor\\laravel\\framework\\src\\Illuminate\\Pipeline\\Pipeline.php(167): Illuminate\\Foundation\\Http\\Middleware\\ConvertEmptyStringsToNull->handle(Object(Illuminate\\Http\\Request), Object(Closure))
#40 F:\\.My Projects\\Databse\\Attendance_Management_System\\vendor\\laravel\\framework\\src\\Illuminate\\Foundation\\Http\\Middleware\\TransformsRequest.php(21): Illuminate\\Pipeline\\Pipeline->Illuminate\\Pipeline\\{closure}(Object(Illuminate\\Http\\Request))
#41 F:\\.My Projects\\Databse\\Attendance_Management_System\\vendor\\laravel\\framework\\src\\Illuminate\\Foundation\\Http\\Middleware\\TrimStrings.php(40): Illuminate\\Foundation\\Http\\Middleware\\TransformsRequest->handle(Object(Illuminate\\Http\\Request), Object(Closure))
#42 F:\\.My Projects\\Databse\\Attendance_Management_System\\vendor\\laravel\\framework\\src\\Illuminate\\Pipeline\\Pipeline.php(167): Illuminate\\Foundation\\Http\\Middleware\\TrimStrings->handle(Object(Illuminate\\Http\\Request), Object(Closure))
#43 F:\\.My Projects\\Databse\\Attendance_Management_System\\vendor\\laravel\\framework\\src\\Illuminate\\Foundation\\Http\\Middleware\\ValidatePostSize.php(27): Illuminate\\Pipeline\\Pipeline->Illuminate\\Pipeline\\{closure}(Object(Illuminate\\Http\\Request))
#44 F:\\.My Projects\\Databse\\Attendance_Management_System\\vendor\\laravel\\framework\\src\\Illuminate\\Pipeline\\Pipeline.php(167): Illuminate\\Foundation\\Http\\Middleware\\ValidatePostSize->handle(Object(Illuminate\\Http\\Request), Object(Closure))
#45 F:\\.My Projects\\Databse\\Attendance_Management_System\\vendor\\laravel\\framework\\src\\Illuminate\\Foundation\\Http\\Middleware\\PreventRequestsDuringMaintenance.php(86): Illuminate\\Pipeline\\Pipeline->Illuminate\\Pipeline\\{closure}(Object(Illuminate\\Http\\Request))
#46 F:\\.My Projects\\Databse\\Attendance_Management_System\\vendor\\laravel\\framework\\src\\Illuminate\\Pipeline\\Pipeline.php(167): Illuminate\\Foundation\\Http\\Middleware\\PreventRequestsDuringMaintenance->handle(Object(Illuminate\\Http\\Request), Object(Closure))
#47 F:\\.My Projects\\Databse\\Attendance_Management_System\\vendor\\fruitcake\\laravel-cors\\src\\HandleCors.php(38): Illuminate\\Pipeline\\Pipeline->Illuminate\\Pipeline\\{closure}(Object(Illuminate\\Http\\Request))
#48 F:\\.My Projects\\Databse\\Attendance_Management_System\\vendor\\laravel\\framework\\src\\Illuminate\\Pipeline\\Pipeline.php(167): Fruitcake\\Cors\\HandleCors->handle(Object(Illuminate\\Http\\Request), Object(Closure))
#49 F:\\.My Projects\\Databse\\Attendance_Management_System\\vendor\\laravel\\framework\\src\\Illuminate\\Http\\Middleware\\TrustProxies.php(39): Illuminate\\Pipeline\\Pipeline->Illuminate\\Pipeline\\{closure}(Object(Illuminate\\Http\\Request))
#50 F:\\.My Projects\\Databse\\Attendance_Management_System\\vendor\\laravel\\framework\\src\\Illuminate\\Pipeline\\Pipeline.php(167): Illuminate\\Http\\Middleware\\TrustProxies->handle(Object(Illuminate\\Http\\Request), Object(Closure))
#51 F:\\.My Projects\\Databse\\Attendance_Management_System\\vendor\\laravel\\framework\\src\\Illuminate\\Pipeline\\Pipeline.php(103): Illuminate\\Pipeline\\Pipeline->Illuminate\\Pipeline\\{closure}(Object(Illuminate\\Http\\Request))
#52 F:\\.My Projects\\Databse\\Attendance_Management_System\\vendor\\laravel\\framework\\src\\Illuminate\\Foundation\\Http\\Kernel.php(142): Illuminate\\Pipeline\\Pipeline->then(Object(Closure))
#53 F:\\.My Projects\\Databse\\Attendance_Management_System\\vendor\\laravel\\framework\\src\\Illuminate\\Foundation\\Http\\Kernel.php(111): Illuminate\\Foundation\\Http\\Kernel->sendRequestThroughRouter(Object(Illuminate\\Http\\Request))
#54 F:\\.My Projects\\Databse\\Attendance_Management_System\\public\\index.php(54): Illuminate\\Foundation\\Http\\Kernel->handle(Object(Illuminate\\Http\\Request))
#55 F:\\.My Projects\\Databse\\Attendance_Management_System\\server.php(21): require_once('F:\\\\.My Projects...')
#56 {main}

[previous exception] [object] (InvalidArgumentException(code: 0): View [layouts.app] not found. at F:\\.My Projects\\Databse\\Attendance_Management_System\\vendor\\laravel\\framework\\src\\Illuminate\\View\\FileViewFinder.php:137)
[stacktrace]
#0 F:\\.My Projects\\Databse\\Attendance_Management_System\\vendor\\laravel\\framework\\src\\Illuminate\\View\\FileViewFinder.php(79): Illuminate\\View\\FileViewFinder->findInPaths('layouts.app', Array)
#1 F:\\.My Projects\\Databse\\Attendance_Management_System\\vendor\\laravel\\framework\\src\\Illuminate\\View\\Factory.php(137): Illuminate\\View\\FileViewFinder->find('layouts.app')
#2 F:\\.My Projects\\Databse\\Attendance_Management_System\\storage\\framework\\views\\1f5f93e2d57159b8be9e60f946248c836725e606.php(62): Illuminate\\View\\Factory->make('layouts.app', Array)
#3 F:\\.My Projects\\Databse\\Attendance_Management_System\\vendor\\laravel\\framework\\src\\Illuminate\\Filesystem\\Filesystem.php(107): require('F:\\\\.My Projects...')
#4 F:\\.My Projects\\Databse\\Attendance_Management_System\\vendor\\laravel\\framework\\src\\Illuminate\\Filesystem\\Filesystem.php(108): Illuminate\\Filesystem\\Filesystem::Illuminate\\Filesystem\\{closure}()
#5 F:\\.My Projects\\Databse\\Attendance_Management_System\\vendor\\laravel\\framework\\src\\Illuminate\\View\\Engines\\PhpEngine.php(58): Illuminate\\Filesystem\\Filesystem->getRequire('F:\\\\.My Projects...', Array)
#6 F:\\.My Projects\\Databse\\Attendance_Management_System\\vendor\\laravel\\framework\\src\\Illuminate\\View\\Engines\\CompilerEngine.php(61): Illuminate\\View\\Engines\\PhpEngine->evaluatePath('F:\\\\.My Projects...', Array)
#7 F:\\.My Projects\\Databse\\Attendance_Management_System\\vendor\\facade\\ignition\\src\\Views\\Engines\\CompilerEngine.php(37): Illuminate\\View\\Engines\\CompilerEngine->get('F:\\\\.My Projects...', Array)
#8 F:\\.My Projects\\Databse\\Attendance_Management_System\\vendor\\laravel\\framework\\src\\Illuminate\\View\\View.php(139): Facade\\Ignition\\Views\\Engines\\CompilerEngine->get('F:\\\\.My Projects...', Array)
#9 F:\\.My Projects\\Databse\\Attendance_Management_System\\vendor\\laravel\\framework\\src\\Illuminate\\View\\View.php(122): Illuminate\\View\\View->getContents()
#10 F:\\.My Projects\\Databse\\Attendance_Management_System\\vendor\\laravel\\framework\\src\\Illuminate\\View\\View.php(91): Illuminate\\View\\View->renderContents()
#11 F:\\.My Projects\\Databse\\Attendance_Management_System\\vendor\\laravel\\framework\\src\\Illuminate\\Http\\Response.php(69): Illuminate\\View\\View->render()
#12 F:\\.My Projects\\Databse\\Attendance_Management_System\\vendor\\laravel\\framework\\src\\Illuminate\\Http\\Response.php(35): Illuminate\\Http\\Response->setContent(Object(Illuminate\\View\\View))
#13 F:\\.My Projects\\Databse\\Attendance_Management_System\\vendor\\laravel\\framework\\src\\Illuminate\\Routing\\Router.php(820): Illuminate\\Http\\Response->__construct(Object(Illuminate\\View\\View), 200, Array)
#14 F:\\.My Projects\\Databse\\Attendance_Management_System\\vendor\\laravel\\framework\\src\\Illuminate\\Routing\\Router.php(789): Illuminate\\Routing\\Router::toResponse(Object(Illuminate\\Http\\Request), Object(Illuminate\\View\\View))
#15 F:\\.My Projects\\Databse\\Attendance_Management_System\\vendor\\laravel\\framework\\src\\Illuminate\\Routing\\Router.php(720): Illuminate\\Routing\\Router->prepareResponse(Object(Illuminate\\Http\\Request), Object(Illuminate\\View\\View))
#16 F:\\.My Projects\\Databse\\Attendance_Management_System\\vendor\\laravel\\framework\\src\\Illuminate\\Pipeline\\Pipeline.php(128): Illuminate\\Routing\\Router->Illuminate\\Routing\\{closure}(Object(Illuminate\\Http\\Request))
#17 F:\\.My Projects\\Databse\\Attendance_Management_System\\vendor\\laravel\\framework\\src\\Illuminate\\Routing\\Middleware\\SubstituteBindings.php(50): Illuminate\\Pipeline\\Pipeline->Illuminate\\Pipeline\\{closure}(Object(Illuminate\\Http\\Request))
#18 F:\\.My Projects\\Databse\\Attendance_Management_System\\vendor\\laravel\\framework\\src\\Illuminate\\Pipeline\\Pipeline.php(167): Illuminate\\Routing\\Middleware\\SubstituteBindings->handle(Object(Illuminate\\Http\\Request), Object(Closure))
#19 F:\\.My Projects\\Databse\\Attendance_Management_System\\vendor\\laravel\\framework\\src\\Illuminate\\Foundation\\Http\\Middleware\\VerifyCsrfToken.php(78): Illuminate\\Pipeline\\Pipeline->Illuminate\\Pipeline\\{closure}(Object(Illuminate\\Http\\Request))
#20 F:\\.My Projects\\Databse\\Attendance_Management_System\\vendor\\laravel\\framework\\src\\Illuminate\\Pipeline\\Pipeline.php(167): Illuminate\\Foundation\\Http\\Middleware\\VerifyCsrfToken->handle(Object(Illuminate\\Http\\Request), Object(Closure))
#21 F:\\.My Projects\\Databse\\Attendance_Management_System\\vendor\\laravel\\framework\\src\\Illuminate\\View\\Middleware\\ShareErrorsFromSession.php(49): Illuminate\\Pipeline\\Pipeline->Illuminate\\Pipeline\\{closure}(Object(Illuminate\\Http\\Request))
#22 F:\\.My Projects\\Databse\\Attendance_Management_System\\vendor\\laravel\\framework\\src\\Illuminate\\Pipeline\\Pipeline.php(167): Illuminate\\View\\Middleware\\ShareErrorsFromSession->handle(Object(Illuminate\\Http\\Request), Object(Closure))
#23 F:\\.My Projects\\Databse\\Attendance_Management_System\\vendor\\laravel\\framework\\src\\Illuminate\\Session\\Middleware\\StartSession.php(121): Illuminate\\Pipeline\\Pipeline->Illuminate\\Pipeline\\{closure}(Object(Illuminate\\Http\\Request))
#24 F:\\.My Projects\\Databse\\Attendance_Management_System\\vendor\\laravel\\framework\\src\\Illuminate\\Session\\Middleware\\StartSession.php(64): Illuminate\\Session\\Middleware\\StartSession->handleStatefulRequest(Object(Illuminate\\Http\\Request), Object(Illuminate\\Session\\Store), Object(Closure))
#25 F:\\.My Projects\\Databse\\Attendance_Management_System\\vendor\\laravel\\framework\\src\\Illuminate\\Pipeline\\Pipeline.php(167): Illuminate\\Session\\Middleware\\StartSession->handle(Object(Illuminate\\Http\\Request), Object(Closure))
#26 F:\\.My Projects\\Databse\\Attendance_Management_System\\vendor\\laravel\\framework\\src\\Illuminate\\Cookie\\Middleware\\AddQueuedCookiesToResponse.php(37): Illuminate\\Pipeline\\Pipeline->Illuminate\\Pipeline\\{closure}(Object(Illuminate\\Http\\Request))
#27 F:\\.My Projects\\Databse\\Attendance_Management_System\\vendor\\laravel\\framework\\src\\Illuminate\\Pipeline\\Pipeline.php(167): Illuminate\\Cookie\\Middleware\\AddQueuedCookiesToResponse->handle(Object(Illuminate\\Http\\Request), Object(Closure))
#28 F:\\.My Projects\\Databse\\Attendance_Management_System\\vendor\\laravel\\framework\\src\\Illuminate\\Cookie\\Middleware\\EncryptCookies.php(67): Illuminate\\Pipeline\\Pipeline->Illuminate\\Pipeline\\{closure}(Object(Illuminate\\Http\\Request))
#29 F:\\.My Projects\\Databse\\Attendance_Management_System\\vendor\\laravel\\framework\\src\\Illuminate\\Pipeline\\Pipeline.php(167): Illuminate\\Cookie\\Middleware\\EncryptCookies->handle(Object(Illuminate\\Http\\Request), Object(Closure))
#30 F:\\.My Projects\\Databse\\Attendance_Management_System\\vendor\\laravel\\framework\\src\\Illuminate\\Pipeline\\Pipeline.php(103): Illuminate\\Pipeline\\Pipeline->Illuminate\\Pipeline\\{closure}(Object(Illuminate\\Http\\Request))
#31 F:\\.My Projects\\Databse\\Attendance_Management_System\\vendor\\laravel\\framework\\src\\Illuminate\\Routing\\Router.php(719): Illuminate\\Pipeline\\Pipeline->then(Object(Closure))
#32 F:\\.My Projects\\Databse\\Attendance_Management_System\\vendor\\laravel\\framework\\src\\Illuminate\\Routing\\Router.php(698): Illuminate\\Routing\\Router->runRouteWithinStack(Object(Illuminate\\Routing\\Route), Object(Illuminate\\Http\\Request))
#33 F:\\.My Projects\\Databse\\Attendance_Management_System\\vendor\\laravel\\framework\\src\\Illuminate\\Routing\\Router.php(662): Illuminate\\Routing\\Router->runRoute(Object(Illuminate\\Http\\Request), Object(Illuminate\\Routing\\Route))
#34 F:\\.My Projects\\Databse\\Attendance_Management_System\\vendor\\laravel\\framework\\src\\Illuminate\\Routing\\Router.php(651): Illuminate\\Routing\\Router->dispatchToRoute(Object(Illuminate\\Http\\Request))
#35 F:\\.My Projects\\Databse\\Attendance_Management_System\\vendor\\laravel\\framework\\src\\Illuminate\\Foundation\\Http\\Kernel.php(167): Illuminate\\Routing\\Router->dispatch(Object(Illuminate\\Http\\Request))
#36 F:\\.My Projects\\Databse\\Attendance_Management_System\\vendor\\laravel\\framework\\src\\Illuminate\\Pipeline\\Pipeline.php(128): Illuminate\\Foundation\\Http\\Kernel->Illuminate\\Foundation\\Http\\{closure}(Object(Illuminate\\Http\\Request))
#37 F:\\.My Projects\\Databse\\Attendance_Management_System\\vendor\\laravel\\framework\\src\\Illuminate\\Foundation\\Http\\Middleware\\TransformsRequest.php(21): Illuminate\\Pipeline\\Pipeline->Illuminate\\Pipeline\\{closure}(Object(Illuminate\\Http\\Request))
#38 F:\\.My Projects\\Databse\\Attendance_Management_System\\vendor\\laravel\\framework\\src\\Illuminate\\Foundation\\Http\\Middleware\\ConvertEmptyStringsToNull.php(31): Illuminate\\Foundation\\Http\\Middleware\\TransformsRequest->handle(Object(Illuminate\\Http\\Request), Object(Closure))
#39 F:\\.My Projects\\Databse\\Attendance_Management_System\\vendor\\laravel\\framework\\src\\Illuminate\\Pipeline\\Pipeline.php(167): Illuminate\\Foundation\\Http\\Middleware\\ConvertEmptyStringsToNull->handle(Object(Illuminate\\Http\\Request), Object(Closure))
#40 F:\\.My Projects\\Databse\\Attendance_Management_System\\vendor\\laravel\\framework\\src\\Illuminate\\Foundation\\Http\\Middleware\\TransformsRequest.php(21): Illuminate\\Pipeline\\Pipeline->Illuminate\\Pipeline\\{closure}(Object(Illuminate\\Http\\Request))
#41 F:\\.My Projects\\Databse\\Attendance_Management_System\\vendor\\laravel\\framework\\src\\Illuminate\\Foundation\\Http\\Middleware\\TrimStrings.php(40): Illuminate\\Foundation\\Http\\Middleware\\TransformsRequest->handle(Object(Illuminate\\Http\\Request), Object(Closure))
#42 F:\\.My Projects\\Databse\\Attendance_Management_System\\vendor\\laravel\\framework\\src\\Illuminate\\Pipeline\\Pipeline.php(167): Illuminate\\Foundation\\Http\\Middleware\\TrimStrings->handle(Object(Illuminate\\Http\\Request), Object(Closure))
#43 F:\\.My Projects\\Databse\\Attendance_Management_System\\vendor\\laravel\\framework\\src\\Illuminate\\Foundation\\Http\\Middleware\\ValidatePostSize.php(27): Illuminate\\Pipeline\\Pipeline->Illuminate\\Pipeline\\{closure}(Object(Illuminate\\Http\\Request))
#44 F:\\.My Projects\\Databse\\Attendance_Management_System\\vendor\\laravel\\framework\\src\\Illuminate\\Pipeline\\Pipeline.php(167): Illuminate\\Foundation\\Http\\Middleware\\ValidatePostSize->handle(Object(Illuminate\\Http\\Request), Object(Closure))
#45 F:\\.My Projects\\Databse\\Attendance_Management_System\\vendor\\laravel\\framework\\src\\Illuminate\\Foundation\\Http\\Middleware\\PreventRequestsDuringMaintenance.php(86): Illuminate\\Pipeline\\Pipeline->Illuminate\\Pipeline\\{closure}(Object(Illuminate\\Http\\Request))
#46 F:\\.My Projects\\Databse\\Attendance_Management_System\\vendor\\laravel\\framework\\src\\Illuminate\\Pipeline\\Pipeline.php(167): Illuminate\\Foundation\\Http\\Middleware\\PreventRequestsDuringMaintenance->handle(Object(Illuminate\\Http\\Request), Object(Closure))
#47 F:\\.My Projects\\Databse\\Attendance_Management_System\\vendor\\fruitcake\\laravel-cors\\src\\HandleCors.php(38): Illuminate\\Pipeline\\Pipeline->Illuminate\\Pipeline\\{closure}(Object(Illuminate\\Http\\Request))
#48 F:\\.My Projects\\Databse\\Attendance_Management_System\\vendor\\laravel\\framework\\src\\Illuminate\\Pipeline\\Pipeline.php(167): Fruitcake\\Cors\\HandleCors->handle(Object(Illuminate\\Http\\Request), Object(Closure))
#49 F:\\.My Projects\\Databse\\Attendance_Management_System\\vendor\\laravel\\framework\\src\\Illuminate\\Http\\Middleware\\TrustProxies.php(39): Illuminate\\Pipeline\\Pipeline->Illuminate\\Pipeline\\{closure}(Object(Illuminate\\Http\\Request))
#50 F:\\.My Projects\\Databse\\Attendance_Management_System\\vendor\\laravel\\framework\\src\\Illuminate\\Pipeline\\Pipeline.php(167): Illuminate\\Http\\Middleware\\TrustProxies->handle(Object(Illuminate\\Http\\Request), Object(Closure))
#51 F:\\.My Projects\\Databse\\Attendance_Management_System\\vendor\\laravel\\framework\\src\\Illuminate\\Pipeline\\Pipeline.php(103): Illuminate\\Pipeline\\Pipeline->Illuminate\\Pipeline\\{closure}(Object(Illuminate\\Http\\Request))
#52 F:\\.My Projects\\Databse\\Attendance_Management_System\\vendor\\laravel\\framework\\src\\Illuminate\\Foundation\\Http\\Kernel.php(142): Illuminate\\Pipeline\\Pipeline->then(Object(Closure))
#53 F:\\.My Projects\\Databse\\Attendance_Management_System\\vendor\\laravel\\framework\\src\\Illuminate\\Foundation\\Http\\Kernel.php(111): Illuminate\\Foundation\\Http\\Kernel->sendRequestThroughRouter(Object(Illuminate\\Http\\Request))
#54 F:\\.My Projects\\Databse\\Attendance_Management_System\\public\\index.php(54): Illuminate\\Foundation\\Http\\Kernel->handle(Object(Illuminate\\Http\\Request))
#55 F:\\.My Projects\\Databse\\Attendance_Management_System\\server.php(21): require_once('F:\\\\.My Projects...')
#56 {main}
"} 
[2025-05-01 13:36:27] local.ERROR: View [layouts.app] not found. (View: F:\.My Projects\Databse\Attendance_Management_System\resources\views\welcome.blade.php) {"view":{"view":"F:\\.My Projects\\Databse\\Attendance_Management_System\\vendor\\laravel\\framework\\src\\Illuminate\\View\\FileViewFinder.php","data":[]},"userId":1,"exception":"[object] (Facade\\Ignition\\Exceptions\\ViewException(code: 0): View [layouts.app] not found. (View: F:\\.My Projects\\Databse\\Attendance_Management_System\\resources\\views\\welcome.blade.php) at F:\\.My Projects\\Databse\\Attendance_Management_System\\vendor\\laravel\\framework\\src\\Illuminate\\View\\FileViewFinder.php:137)
[stacktrace]
#0 F:\\.My Projects\\Databse\\Attendance_Management_System\\vendor\\laravel\\framework\\src\\Illuminate\\View\\FileViewFinder.php(79): Illuminate\\View\\FileViewFinder->findInPaths('layouts.app', Array)
#1 F:\\.My Projects\\Databse\\Attendance_Management_System\\vendor\\laravel\\framework\\src\\Illuminate\\View\\Factory.php(137): Illuminate\\View\\FileViewFinder->find('layouts.app')
#2 F:\\.My Projects\\Databse\\Attendance_Management_System\\resources\\views/welcome.blade.php(62): Illuminate\\View\\Factory->make('layouts.app', Array)
#3 F:\\.My Projects\\Databse\\Attendance_Management_System\\vendor\\laravel\\framework\\src\\Illuminate\\Filesystem\\Filesystem.php(107): require('F:\\\\.My Projects...')
#4 F:\\.My Projects\\Databse\\Attendance_Management_System\\vendor\\laravel\\framework\\src\\Illuminate\\Filesystem\\Filesystem.php(108): Illuminate\\Filesystem\\Filesystem::Illuminate\\Filesystem\\{closure}()
#5 F:\\.My Projects\\Databse\\Attendance_Management_System\\vendor\\laravel\\framework\\src\\Illuminate\\View\\Engines\\PhpEngine.php(58): Illuminate\\Filesystem\\Filesystem->getRequire('F:\\\\.My Projects...', Array)
#6 F:\\.My Projects\\Databse\\Attendance_Management_System\\vendor\\laravel\\framework\\src\\Illuminate\\View\\Engines\\CompilerEngine.php(61): Illuminate\\View\\Engines\\PhpEngine->evaluatePath('F:\\\\.My Projects...', Array)
#7 F:\\.My Projects\\Databse\\Attendance_Management_System\\vendor\\facade\\ignition\\src\\Views\\Engines\\CompilerEngine.php(37): Illuminate\\View\\Engines\\CompilerEngine->get('F:\\\\.My Projects...', Array)
#8 F:\\.My Projects\\Databse\\Attendance_Management_System\\vendor\\laravel\\framework\\src\\Illuminate\\View\\View.php(139): Facade\\Ignition\\Views\\Engines\\CompilerEngine->get('F:\\\\.My Projects...', Array)
#9 F:\\.My Projects\\Databse\\Attendance_Management_System\\vendor\\laravel\\framework\\src\\Illuminate\\View\\View.php(122): Illuminate\\View\\View->getContents()
#10 F:\\.My Projects\\Databse\\Attendance_Management_System\\vendor\\laravel\\framework\\src\\Illuminate\\View\\View.php(91): Illuminate\\View\\View->renderContents()
#11 F:\\.My Projects\\Databse\\Attendance_Management_System\\vendor\\laravel\\framework\\src\\Illuminate\\Http\\Response.php(69): Illuminate\\View\\View->render()
#12 F:\\.My Projects\\Databse\\Attendance_Management_System\\vendor\\laravel\\framework\\src\\Illuminate\\Http\\Response.php(35): Illuminate\\Http\\Response->setContent(Object(Illuminate\\View\\View))
#13 F:\\.My Projects\\Databse\\Attendance_Management_System\\vendor\\laravel\\framework\\src\\Illuminate\\Routing\\Router.php(820): Illuminate\\Http\\Response->__construct(Object(Illuminate\\View\\View), 200, Array)
#14 F:\\.My Projects\\Databse\\Attendance_Management_System\\vendor\\laravel\\framework\\src\\Illuminate\\Routing\\Router.php(789): Illuminate\\Routing\\Router::toResponse(Object(Illuminate\\Http\\Request), Object(Illuminate\\View\\View))
#15 F:\\.My Projects\\Databse\\Attendance_Management_System\\vendor\\laravel\\framework\\src\\Illuminate\\Routing\\Router.php(720): Illuminate\\Routing\\Router->prepareResponse(Object(Illuminate\\Http\\Request), Object(Illuminate\\View\\View))
#16 F:\\.My Projects\\Databse\\Attendance_Management_System\\vendor\\laravel\\framework\\src\\Illuminate\\Pipeline\\Pipeline.php(128): Illuminate\\Routing\\Router->Illuminate\\Routing\\{closure}(Object(Illuminate\\Http\\Request))
#17 F:\\.My Projects\\Databse\\Attendance_Management_System\\vendor\\laravel\\framework\\src\\Illuminate\\Routing\\Middleware\\SubstituteBindings.php(50): Illuminate\\Pipeline\\Pipeline->Illuminate\\Pipeline\\{closure}(Object(Illuminate\\Http\\Request))
#18 F:\\.My Projects\\Databse\\Attendance_Management_System\\vendor\\laravel\\framework\\src\\Illuminate\\Pipeline\\Pipeline.php(167): Illuminate\\Routing\\Middleware\\SubstituteBindings->handle(Object(Illuminate\\Http\\Request), Object(Closure))
#19 F:\\.My Projects\\Databse\\Attendance_Management_System\\vendor\\laravel\\framework\\src\\Illuminate\\Foundation\\Http\\Middleware\\VerifyCsrfToken.php(78): Illuminate\\Pipeline\\Pipeline->Illuminate\\Pipeline\\{closure}(Object(Illuminate\\Http\\Request))
#20 F:\\.My Projects\\Databse\\Attendance_Management_System\\vendor\\laravel\\framework\\src\\Illuminate\\Pipeline\\Pipeline.php(167): Illuminate\\Foundation\\Http\\Middleware\\VerifyCsrfToken->handle(Object(Illuminate\\Http\\Request), Object(Closure))
#21 F:\\.My Projects\\Databse\\Attendance_Management_System\\vendor\\laravel\\framework\\src\\Illuminate\\View\\Middleware\\ShareErrorsFromSession.php(49): Illuminate\\Pipeline\\Pipeline->Illuminate\\Pipeline\\{closure}(Object(Illuminate\\Http\\Request))
#22 F:\\.My Projects\\Databse\\Attendance_Management_System\\vendor\\laravel\\framework\\src\\Illuminate\\Pipeline\\Pipeline.php(167): Illuminate\\View\\Middleware\\ShareErrorsFromSession->handle(Object(Illuminate\\Http\\Request), Object(Closure))
#23 F:\\.My Projects\\Databse\\Attendance_Management_System\\vendor\\laravel\\framework\\src\\Illuminate\\Session\\Middleware\\StartSession.php(121): Illuminate\\Pipeline\\Pipeline->Illuminate\\Pipeline\\{closure}(Object(Illuminate\\Http\\Request))
#24 F:\\.My Projects\\Databse\\Attendance_Management_System\\vendor\\laravel\\framework\\src\\Illuminate\\Session\\Middleware\\StartSession.php(64): Illuminate\\Session\\Middleware\\StartSession->handleStatefulRequest(Object(Illuminate\\Http\\Request), Object(Illuminate\\Session\\Store), Object(Closure))
#25 F:\\.My Projects\\Databse\\Attendance_Management_System\\vendor\\laravel\\framework\\src\\Illuminate\\Pipeline\\Pipeline.php(167): Illuminate\\Session\\Middleware\\StartSession->handle(Object(Illuminate\\Http\\Request), Object(Closure))
#26 F:\\.My Projects\\Databse\\Attendance_Management_System\\vendor\\laravel\\framework\\src\\Illuminate\\Cookie\\Middleware\\AddQueuedCookiesToResponse.php(37): Illuminate\\Pipeline\\Pipeline->Illuminate\\Pipeline\\{closure}(Object(Illuminate\\Http\\Request))
#27 F:\\.My Projects\\Databse\\Attendance_Management_System\\vendor\\laravel\\framework\\src\\Illuminate\\Pipeline\\Pipeline.php(167): Illuminate\\Cookie\\Middleware\\AddQueuedCookiesToResponse->handle(Object(Illuminate\\Http\\Request), Object(Closure))
#28 F:\\.My Projects\\Databse\\Attendance_Management_System\\vendor\\laravel\\framework\\src\\Illuminate\\Cookie\\Middleware\\EncryptCookies.php(67): Illuminate\\Pipeline\\Pipeline->Illuminate\\Pipeline\\{closure}(Object(Illuminate\\Http\\Request))
#29 F:\\.My Projects\\Databse\\Attendance_Management_System\\vendor\\laravel\\framework\\src\\Illuminate\\Pipeline\\Pipeline.php(167): Illuminate\\Cookie\\Middleware\\EncryptCookies->handle(Object(Illuminate\\Http\\Request), Object(Closure))
#30 F:\\.My Projects\\Databse\\Attendance_Management_System\\vendor\\laravel\\framework\\src\\Illuminate\\Pipeline\\Pipeline.php(103): Illuminate\\Pipeline\\Pipeline->Illuminate\\Pipeline\\{closure}(Object(Illuminate\\Http\\Request))
#31 F:\\.My Projects\\Databse\\Attendance_Management_System\\vendor\\laravel\\framework\\src\\Illuminate\\Routing\\Router.php(719): Illuminate\\Pipeline\\Pipeline->then(Object(Closure))
#32 F:\\.My Projects\\Databse\\Attendance_Management_System\\vendor\\laravel\\framework\\src\\Illuminate\\Routing\\Router.php(698): Illuminate\\Routing\\Router->runRouteWithinStack(Object(Illuminate\\Routing\\Route), Object(Illuminate\\Http\\Request))
#33 F:\\.My Projects\\Databse\\Attendance_Management_System\\vendor\\laravel\\framework\\src\\Illuminate\\Routing\\Router.php(662): Illuminate\\Routing\\Router->runRoute(Object(Illuminate\\Http\\Request), Object(Illuminate\\Routing\\Route))
#34 F:\\.My Projects\\Databse\\Attendance_Management_System\\vendor\\laravel\\framework\\src\\Illuminate\\Routing\\Router.php(651): Illuminate\\Routing\\Router->dispatchToRoute(Object(Illuminate\\Http\\Request))
#35 F:\\.My Projects\\Databse\\Attendance_Management_System\\vendor\\laravel\\framework\\src\\Illuminate\\Foundation\\Http\\Kernel.php(167): Illuminate\\Routing\\Router->dispatch(Object(Illuminate\\Http\\Request))
#36 F:\\.My Projects\\Databse\\Attendance_Management_System\\vendor\\laravel\\framework\\src\\Illuminate\\Pipeline\\Pipeline.php(128): Illuminate\\Foundation\\Http\\Kernel->Illuminate\\Foundation\\Http\\{closure}(Object(Illuminate\\Http\\Request))
#37 F:\\.My Projects\\Databse\\Attendance_Management_System\\vendor\\laravel\\framework\\src\\Illuminate\\Foundation\\Http\\Middleware\\TransformsRequest.php(21): Illuminate\\Pipeline\\Pipeline->Illuminate\\Pipeline\\{closure}(Object(Illuminate\\Http\\Request))
#38 F:\\.My Projects\\Databse\\Attendance_Management_System\\vendor\\laravel\\framework\\src\\Illuminate\\Foundation\\Http\\Middleware\\ConvertEmptyStringsToNull.php(31): Illuminate\\Foundation\\Http\\Middleware\\TransformsRequest->handle(Object(Illuminate\\Http\\Request), Object(Closure))
#39 F:\\.My Projects\\Databse\\Attendance_Management_System\\vendor\\laravel\\framework\\src\\Illuminate\\Pipeline\\Pipeline.php(167): Illuminate\\Foundation\\Http\\Middleware\\ConvertEmptyStringsToNull->handle(Object(Illuminate\\Http\\Request), Object(Closure))
#40 F:\\.My Projects\\Databse\\Attendance_Management_System\\vendor\\laravel\\framework\\src\\Illuminate\\Foundation\\Http\\Middleware\\TransformsRequest.php(21): Illuminate\\Pipeline\\Pipeline->Illuminate\\Pipeline\\{closure}(Object(Illuminate\\Http\\Request))
#41 F:\\.My Projects\\Databse\\Attendance_Management_System\\vendor\\laravel\\framework\\src\\Illuminate\\Foundation\\Http\\Middleware\\TrimStrings.php(40): Illuminate\\Foundation\\Http\\Middleware\\TransformsRequest->handle(Object(Illuminate\\Http\\Request), Object(Closure))
#42 F:\\.My Projects\\Databse\\Attendance_Management_System\\vendor\\laravel\\framework\\src\\Illuminate\\Pipeline\\Pipeline.php(167): Illuminate\\Foundation\\Http\\Middleware\\TrimStrings->handle(Object(Illuminate\\Http\\Request), Object(Closure))
#43 F:\\.My Projects\\Databse\\Attendance_Management_System\\vendor\\laravel\\framework\\src\\Illuminate\\Foundation\\Http\\Middleware\\ValidatePostSize.php(27): Illuminate\\Pipeline\\Pipeline->Illuminate\\Pipeline\\{closure}(Object(Illuminate\\Http\\Request))
#44 F:\\.My Projects\\Databse\\Attendance_Management_System\\vendor\\laravel\\framework\\src\\Illuminate\\Pipeline\\Pipeline.php(167): Illuminate\\Foundation\\Http\\Middleware\\ValidatePostSize->handle(Object(Illuminate\\Http\\Request), Object(Closure))
#45 F:\\.My Projects\\Databse\\Attendance_Management_System\\vendor\\laravel\\framework\\src\\Illuminate\\Foundation\\Http\\Middleware\\PreventRequestsDuringMaintenance.php(86): Illuminate\\Pipeline\\Pipeline->Illuminate\\Pipeline\\{closure}(Object(Illuminate\\Http\\Request))
#46 F:\\.My Projects\\Databse\\Attendance_Management_System\\vendor\\laravel\\framework\\src\\Illuminate\\Pipeline\\Pipeline.php(167): Illuminate\\Foundation\\Http\\Middleware\\PreventRequestsDuringMaintenance->handle(Object(Illuminate\\Http\\Request), Object(Closure))
#47 F:\\.My Projects\\Databse\\Attendance_Management_System\\vendor\\fruitcake\\laravel-cors\\src\\HandleCors.php(38): Illuminate\\Pipeline\\Pipeline->Illuminate\\Pipeline\\{closure}(Object(Illuminate\\Http\\Request))
#48 F:\\.My Projects\\Databse\\Attendance_Management_System\\vendor\\laravel\\framework\\src\\Illuminate\\Pipeline\\Pipeline.php(167): Fruitcake\\Cors\\HandleCors->handle(Object(Illuminate\\Http\\Request), Object(Closure))
#49 F:\\.My Projects\\Databse\\Attendance_Management_System\\vendor\\laravel\\framework\\src\\Illuminate\\Http\\Middleware\\TrustProxies.php(39): Illuminate\\Pipeline\\Pipeline->Illuminate\\Pipeline\\{closure}(Object(Illuminate\\Http\\Request))
#50 F:\\.My Projects\\Databse\\Attendance_Management_System\\vendor\\laravel\\framework\\src\\Illuminate\\Pipeline\\Pipeline.php(167): Illuminate\\Http\\Middleware\\TrustProxies->handle(Object(Illuminate\\Http\\Request), Object(Closure))
#51 F:\\.My Projects\\Databse\\Attendance_Management_System\\vendor\\laravel\\framework\\src\\Illuminate\\Pipeline\\Pipeline.php(103): Illuminate\\Pipeline\\Pipeline->Illuminate\\Pipeline\\{closure}(Object(Illuminate\\Http\\Request))
#52 F:\\.My Projects\\Databse\\Attendance_Management_System\\vendor\\laravel\\framework\\src\\Illuminate\\Foundation\\Http\\Kernel.php(142): Illuminate\\Pipeline\\Pipeline->then(Object(Closure))
#53 F:\\.My Projects\\Databse\\Attendance_Management_System\\vendor\\laravel\\framework\\src\\Illuminate\\Foundation\\Http\\Kernel.php(111): Illuminate\\Foundation\\Http\\Kernel->sendRequestThroughRouter(Object(Illuminate\\Http\\Request))
#54 F:\\.My Projects\\Databse\\Attendance_Management_System\\public\\index.php(54): Illuminate\\Foundation\\Http\\Kernel->handle(Object(Illuminate\\Http\\Request))
#55 F:\\.My Projects\\Databse\\Attendance_Management_System\\server.php(21): require_once('F:\\\\.My Projects...')
#56 {main}

[previous exception] [object] (InvalidArgumentException(code: 0): View [layouts.app] not found. at F:\\.My Projects\\Databse\\Attendance_Management_System\\vendor\\laravel\\framework\\src\\Illuminate\\View\\FileViewFinder.php:137)
[stacktrace]
#0 F:\\.My Projects\\Databse\\Attendance_Management_System\\vendor\\laravel\\framework\\src\\Illuminate\\View\\FileViewFinder.php(79): Illuminate\\View\\FileViewFinder->findInPaths('layouts.app', Array)
#1 F:\\.My Projects\\Databse\\Attendance_Management_System\\vendor\\laravel\\framework\\src\\Illuminate\\View\\Factory.php(137): Illuminate\\View\\FileViewFinder->find('layouts.app')
#2 F:\\.My Projects\\Databse\\Attendance_Management_System\\storage\\framework\\views\\1f5f93e2d57159b8be9e60f946248c836725e606.php(62): Illuminate\\View\\Factory->make('layouts.app', Array)
#3 F:\\.My Projects\\Databse\\Attendance_Management_System\\vendor\\laravel\\framework\\src\\Illuminate\\Filesystem\\Filesystem.php(107): require('F:\\\\.My Projects...')
#4 F:\\.My Projects\\Databse\\Attendance_Management_System\\vendor\\laravel\\framework\\src\\Illuminate\\Filesystem\\Filesystem.php(108): Illuminate\\Filesystem\\Filesystem::Illuminate\\Filesystem\\{closure}()
#5 F:\\.My Projects\\Databse\\Attendance_Management_System\\vendor\\laravel\\framework\\src\\Illuminate\\View\\Engines\\PhpEngine.php(58): Illuminate\\Filesystem\\Filesystem->getRequire('F:\\\\.My Projects...', Array)
#6 F:\\.My Projects\\Databse\\Attendance_Management_System\\vendor\\laravel\\framework\\src\\Illuminate\\View\\Engines\\CompilerEngine.php(61): Illuminate\\View\\Engines\\PhpEngine->evaluatePath('F:\\\\.My Projects...', Array)
#7 F:\\.My Projects\\Databse\\Attendance_Management_System\\vendor\\facade\\ignition\\src\\Views\\Engines\\CompilerEngine.php(37): Illuminate\\View\\Engines\\CompilerEngine->get('F:\\\\.My Projects...', Array)
#8 F:\\.My Projects\\Databse\\Attendance_Management_System\\vendor\\laravel\\framework\\src\\Illuminate\\View\\View.php(139): Facade\\Ignition\\Views\\Engines\\CompilerEngine->get('F:\\\\.My Projects...', Array)
#9 F:\\.My Projects\\Databse\\Attendance_Management_System\\vendor\\laravel\\framework\\src\\Illuminate\\View\\View.php(122): Illuminate\\View\\View->getContents()
#10 F:\\.My Projects\\Databse\\Attendance_Management_System\\vendor\\laravel\\framework\\src\\Illuminate\\View\\View.php(91): Illuminate\\View\\View->renderContents()
#11 F:\\.My Projects\\Databse\\Attendance_Management_System\\vendor\\laravel\\framework\\src\\Illuminate\\Http\\Response.php(69): Illuminate\\View\\View->render()
#12 F:\\.My Projects\\Databse\\Attendance_Management_System\\vendor\\laravel\\framework\\src\\Illuminate\\Http\\Response.php(35): Illuminate\\Http\\Response->setContent(Object(Illuminate\\View\\View))
#13 F:\\.My Projects\\Databse\\Attendance_Management_System\\vendor\\laravel\\framework\\src\\Illuminate\\Routing\\Router.php(820): Illuminate\\Http\\Response->__construct(Object(Illuminate\\View\\View), 200, Array)
#14 F:\\.My Projects\\Databse\\Attendance_Management_System\\vendor\\laravel\\framework\\src\\Illuminate\\Routing\\Router.php(789): Illuminate\\Routing\\Router::toResponse(Object(Illuminate\\Http\\Request), Object(Illuminate\\View\\View))
#15 F:\\.My Projects\\Databse\\Attendance_Management_System\\vendor\\laravel\\framework\\src\\Illuminate\\Routing\\Router.php(720): Illuminate\\Routing\\Router->prepareResponse(Object(Illuminate\\Http\\Request), Object(Illuminate\\View\\View))
#16 F:\\.My Projects\\Databse\\Attendance_Management_System\\vendor\\laravel\\framework\\src\\Illuminate\\Pipeline\\Pipeline.php(128): Illuminate\\Routing\\Router->Illuminate\\Routing\\{closure}(Object(Illuminate\\Http\\Request))
#17 F:\\.My Projects\\Databse\\Attendance_Management_System\\vendor\\laravel\\framework\\src\\Illuminate\\Routing\\Middleware\\SubstituteBindings.php(50): Illuminate\\Pipeline\\Pipeline->Illuminate\\Pipeline\\{closure}(Object(Illuminate\\Http\\Request))
#18 F:\\.My Projects\\Databse\\Attendance_Management_System\\vendor\\laravel\\framework\\src\\Illuminate\\Pipeline\\Pipeline.php(167): Illuminate\\Routing\\Middleware\\SubstituteBindings->handle(Object(Illuminate\\Http\\Request), Object(Closure))
#19 F:\\.My Projects\\Databse\\Attendance_Management_System\\vendor\\laravel\\framework\\src\\Illuminate\\Foundation\\Http\\Middleware\\VerifyCsrfToken.php(78): Illuminate\\Pipeline\\Pipeline->Illuminate\\Pipeline\\{closure}(Object(Illuminate\\Http\\Request))
#20 F:\\.My Projects\\Databse\\Attendance_Management_System\\vendor\\laravel\\framework\\src\\Illuminate\\Pipeline\\Pipeline.php(167): Illuminate\\Foundation\\Http\\Middleware\\VerifyCsrfToken->handle(Object(Illuminate\\Http\\Request), Object(Closure))
#21 F:\\.My Projects\\Databse\\Attendance_Management_System\\vendor\\laravel\\framework\\src\\Illuminate\\View\\Middleware\\ShareErrorsFromSession.php(49): Illuminate\\Pipeline\\Pipeline->Illuminate\\Pipeline\\{closure}(Object(Illuminate\\Http\\Request))
#22 F:\\.My Projects\\Databse\\Attendance_Management_System\\vendor\\laravel\\framework\\src\\Illuminate\\Pipeline\\Pipeline.php(167): Illuminate\\View\\Middleware\\ShareErrorsFromSession->handle(Object(Illuminate\\Http\\Request), Object(Closure))
#23 F:\\.My Projects\\Databse\\Attendance_Management_System\\vendor\\laravel\\framework\\src\\Illuminate\\Session\\Middleware\\StartSession.php(121): Illuminate\\Pipeline\\Pipeline->Illuminate\\Pipeline\\{closure}(Object(Illuminate\\Http\\Request))
#24 F:\\.My Projects\\Databse\\Attendance_Management_System\\vendor\\laravel\\framework\\src\\Illuminate\\Session\\Middleware\\StartSession.php(64): Illuminate\\Session\\Middleware\\StartSession->handleStatefulRequest(Object(Illuminate\\Http\\Request), Object(Illuminate\\Session\\Store), Object(Closure))
#25 F:\\.My Projects\\Databse\\Attendance_Management_System\\vendor\\laravel\\framework\\src\\Illuminate\\Pipeline\\Pipeline.php(167): Illuminate\\Session\\Middleware\\StartSession->handle(Object(Illuminate\\Http\\Request), Object(Closure))
#26 F:\\.My Projects\\Databse\\Attendance_Management_System\\vendor\\laravel\\framework\\src\\Illuminate\\Cookie\\Middleware\\AddQueuedCookiesToResponse.php(37): Illuminate\\Pipeline\\Pipeline->Illuminate\\Pipeline\\{closure}(Object(Illuminate\\Http\\Request))
#27 F:\\.My Projects\\Databse\\Attendance_Management_System\\vendor\\laravel\\framework\\src\\Illuminate\\Pipeline\\Pipeline.php(167): Illuminate\\Cookie\\Middleware\\AddQueuedCookiesToResponse->handle(Object(Illuminate\\Http\\Request), Object(Closure))
#28 F:\\.My Projects\\Databse\\Attendance_Management_System\\vendor\\laravel\\framework\\src\\Illuminate\\Cookie\\Middleware\\EncryptCookies.php(67): Illuminate\\Pipeline\\Pipeline->Illuminate\\Pipeline\\{closure}(Object(Illuminate\\Http\\Request))
#29 F:\\.My Projects\\Databse\\Attendance_Management_System\\vendor\\laravel\\framework\\src\\Illuminate\\Pipeline\\Pipeline.php(167): Illuminate\\Cookie\\Middleware\\EncryptCookies->handle(Object(Illuminate\\Http\\Request), Object(Closure))
#30 F:\\.My Projects\\Databse\\Attendance_Management_System\\vendor\\laravel\\framework\\src\\Illuminate\\Pipeline\\Pipeline.php(103): Illuminate\\Pipeline\\Pipeline->Illuminate\\Pipeline\\{closure}(Object(Illuminate\\Http\\Request))
#31 F:\\.My Projects\\Databse\\Attendance_Management_System\\vendor\\laravel\\framework\\src\\Illuminate\\Routing\\Router.php(719): Illuminate\\Pipeline\\Pipeline->then(Object(Closure))
#32 F:\\.My Projects\\Databse\\Attendance_Management_System\\vendor\\laravel\\framework\\src\\Illuminate\\Routing\\Router.php(698): Illuminate\\Routing\\Router->runRouteWithinStack(Object(Illuminate\\Routing\\Route), Object(Illuminate\\Http\\Request))
#33 F:\\.My Projects\\Databse\\Attendance_Management_System\\vendor\\laravel\\framework\\src\\Illuminate\\Routing\\Router.php(662): Illuminate\\Routing\\Router->runRoute(Object(Illuminate\\Http\\Request), Object(Illuminate\\Routing\\Route))
#34 F:\\.My Projects\\Databse\\Attendance_Management_System\\vendor\\laravel\\framework\\src\\Illuminate\\Routing\\Router.php(651): Illuminate\\Routing\\Router->dispatchToRoute(Object(Illuminate\\Http\\Request))
#35 F:\\.My Projects\\Databse\\Attendance_Management_System\\vendor\\laravel\\framework\\src\\Illuminate\\Foundation\\Http\\Kernel.php(167): Illuminate\\Routing\\Router->dispatch(Object(Illuminate\\Http\\Request))
#36 F:\\.My Projects\\Databse\\Attendance_Management_System\\vendor\\laravel\\framework\\src\\Illuminate\\Pipeline\\Pipeline.php(128): Illuminate\\Foundation\\Http\\Kernel->Illuminate\\Foundation\\Http\\{closure}(Object(Illuminate\\Http\\Request))
#37 F:\\.My Projects\\Databse\\Attendance_Management_System\\vendor\\laravel\\framework\\src\\Illuminate\\Foundation\\Http\\Middleware\\TransformsRequest.php(21): Illuminate\\Pipeline\\Pipeline->Illuminate\\Pipeline\\{closure}(Object(Illuminate\\Http\\Request))
#38 F:\\.My Projects\\Databse\\Attendance_Management_System\\vendor\\laravel\\framework\\src\\Illuminate\\Foundation\\Http\\Middleware\\ConvertEmptyStringsToNull.php(31): Illuminate\\Foundation\\Http\\Middleware\\TransformsRequest->handle(Object(Illuminate\\Http\\Request), Object(Closure))
#39 F:\\.My Projects\\Databse\\Attendance_Management_System\\vendor\\laravel\\framework\\src\\Illuminate\\Pipeline\\Pipeline.php(167): Illuminate\\Foundation\\Http\\Middleware\\ConvertEmptyStringsToNull->handle(Object(Illuminate\\Http\\Request), Object(Closure))
#40 F:\\.My Projects\\Databse\\Attendance_Management_System\\vendor\\laravel\\framework\\src\\Illuminate\\Foundation\\Http\\Middleware\\TransformsRequest.php(21): Illuminate\\Pipeline\\Pipeline->Illuminate\\Pipeline\\{closure}(Object(Illuminate\\Http\\Request))
#41 F:\\.My Projects\\Databse\\Attendance_Management_System\\vendor\\laravel\\framework\\src\\Illuminate\\Foundation\\Http\\Middleware\\TrimStrings.php(40): Illuminate\\Foundation\\Http\\Middleware\\TransformsRequest->handle(Object(Illuminate\\Http\\Request), Object(Closure))
#42 F:\\.My Projects\\Databse\\Attendance_Management_System\\vendor\\laravel\\framework\\src\\Illuminate\\Pipeline\\Pipeline.php(167): Illuminate\\Foundation\\Http\\Middleware\\TrimStrings->handle(Object(Illuminate\\Http\\Request), Object(Closure))
#43 F:\\.My Projects\\Databse\\Attendance_Management_System\\vendor\\laravel\\framework\\src\\Illuminate\\Foundation\\Http\\Middleware\\ValidatePostSize.php(27): Illuminate\\Pipeline\\Pipeline->Illuminate\\Pipeline\\{closure}(Object(Illuminate\\Http\\Request))
#44 F:\\.My Projects\\Databse\\Attendance_Management_System\\vendor\\laravel\\framework\\src\\Illuminate\\Pipeline\\Pipeline.php(167): Illuminate\\Foundation\\Http\\Middleware\\ValidatePostSize->handle(Object(Illuminate\\Http\\Request), Object(Closure))
#45 F:\\.My Projects\\Databse\\Attendance_Management_System\\vendor\\laravel\\framework\\src\\Illuminate\\Foundation\\Http\\Middleware\\PreventRequestsDuringMaintenance.php(86): Illuminate\\Pipeline\\Pipeline->Illuminate\\Pipeline\\{closure}(Object(Illuminate\\Http\\Request))
#46 F:\\.My Projects\\Databse\\Attendance_Management_System\\vendor\\laravel\\framework\\src\\Illuminate\\Pipeline\\Pipeline.php(167): Illuminate\\Foundation\\Http\\Middleware\\PreventRequestsDuringMaintenance->handle(Object(Illuminate\\Http\\Request), Object(Closure))
#47 F:\\.My Projects\\Databse\\Attendance_Management_System\\vendor\\fruitcake\\laravel-cors\\src\\HandleCors.php(38): Illuminate\\Pipeline\\Pipeline->Illuminate\\Pipeline\\{closure}(Object(Illuminate\\Http\\Request))
#48 F:\\.My Projects\\Databse\\Attendance_Management_System\\vendor\\laravel\\framework\\src\\Illuminate\\Pipeline\\Pipeline.php(167): Fruitcake\\Cors\\HandleCors->handle(Object(Illuminate\\Http\\Request), Object(Closure))
#49 F:\\.My Projects\\Databse\\Attendance_Management_System\\vendor\\laravel\\framework\\src\\Illuminate\\Http\\Middleware\\TrustProxies.php(39): Illuminate\\Pipeline\\Pipeline->Illuminate\\Pipeline\\{closure}(Object(Illuminate\\Http\\Request))
#50 F:\\.My Projects\\Databse\\Attendance_Management_System\\vendor\\laravel\\framework\\src\\Illuminate\\Pipeline\\Pipeline.php(167): Illuminate\\Http\\Middleware\\TrustProxies->handle(Object(Illuminate\\Http\\Request), Object(Closure))
#51 F:\\.My Projects\\Databse\\Attendance_Management_System\\vendor\\laravel\\framework\\src\\Illuminate\\Pipeline\\Pipeline.php(103): Illuminate\\Pipeline\\Pipeline->Illuminate\\Pipeline\\{closure}(Object(Illuminate\\Http\\Request))
#52 F:\\.My Projects\\Databse\\Attendance_Management_System\\vendor\\laravel\\framework\\src\\Illuminate\\Foundation\\Http\\Kernel.php(142): Illuminate\\Pipeline\\Pipeline->then(Object(Closure))
#53 F:\\.My Projects\\Databse\\Attendance_Management_System\\vendor\\laravel\\framework\\src\\Illuminate\\Foundation\\Http\\Kernel.php(111): Illuminate\\Foundation\\Http\\Kernel->sendRequestThroughRouter(Object(Illuminate\\Http\\Request))
#54 F:\\.My Projects\\Databse\\Attendance_Management_System\\public\\index.php(54): Illuminate\\Foundation\\Http\\Kernel->handle(Object(Illuminate\\Http\\Request))
#55 F:\\.My Projects\\Databse\\Attendance_Management_System\\server.php(21): require_once('F:\\\\.My Projects...')
#56 {main}
"} 
[2025-05-01 13:42:53] local.ERROR: syntax error, unexpected end of file, expecting "elseif" or "else" or "endif" (View: F:\.My Projects\Databse\Attendance_Management_System\resources\views\welcome.blade.php) {"view":{"view":"F:\\.My Projects\\Databse\\Attendance_Management_System\\resources\\views/welcome.blade.php","data":{"errors":"<pre class=sf-dump id=sf-dump-1046734721 data-indent-pad=\"  \"><span class=sf-dump-note>Illuminate\\Support\\ViewErrorBag</span> {<a class=sf-dump-ref>#1283</a><samp data-depth=1 class=sf-dump-expanded>
  #<span class=sf-dump-protected title=\"Protected property\">bags</span>: []
</samp>}
</pre><script>Sfdump(\"sf-dump-1046734721\", {\"maxDepth\":3,\"maxStringLength\":160})</script>
"}},"exception":"[object] (Facade\\Ignition\\Exceptions\\ViewException(code: 0): syntax error, unexpected end of file, expecting \"elseif\" or \"else\" or \"endif\" (View: F:\\.My Projects\\Databse\\Attendance_Management_System\\resources\\views\\welcome.blade.php) at F:\\.My Projects\\Databse\\Attendance_Management_System\\resources\\views/welcome.blade.php:60)
[stacktrace]
#0 F:\\.My Projects\\Databse\\Attendance_Management_System\\vendor\\laravel\\framework\\src\\Illuminate\\Filesystem\\Filesystem.php(108): Illuminate\\Filesystem\\Filesystem::Illuminate\\Filesystem\\{closure}()
#1 F:\\.My Projects\\Databse\\Attendance_Management_System\\vendor\\laravel\\framework\\src\\Illuminate\\View\\Engines\\PhpEngine.php(58): Illuminate\\Filesystem\\Filesystem->getRequire('F:\\\\.My Projects...', Array)
#2 F:\\.My Projects\\Databse\\Attendance_Management_System\\vendor\\laravel\\framework\\src\\Illuminate\\View\\Engines\\CompilerEngine.php(61): Illuminate\\View\\Engines\\PhpEngine->evaluatePath('F:\\\\.My Projects...', Array)
#3 F:\\.My Projects\\Databse\\Attendance_Management_System\\vendor\\facade\\ignition\\src\\Views\\Engines\\CompilerEngine.php(37): Illuminate\\View\\Engines\\CompilerEngine->get('F:\\\\.My Projects...', Array)
#4 F:\\.My Projects\\Databse\\Attendance_Management_System\\vendor\\laravel\\framework\\src\\Illuminate\\View\\View.php(139): Facade\\Ignition\\Views\\Engines\\CompilerEngine->get('F:\\\\.My Projects...', Array)
#5 F:\\.My Projects\\Databse\\Attendance_Management_System\\vendor\\laravel\\framework\\src\\Illuminate\\View\\View.php(122): Illuminate\\View\\View->getContents()
#6 F:\\.My Projects\\Databse\\Attendance_Management_System\\vendor\\laravel\\framework\\src\\Illuminate\\View\\View.php(91): Illuminate\\View\\View->renderContents()
#7 F:\\.My Projects\\Databse\\Attendance_Management_System\\vendor\\laravel\\framework\\src\\Illuminate\\Http\\Response.php(69): Illuminate\\View\\View->render()
#8 F:\\.My Projects\\Databse\\Attendance_Management_System\\vendor\\laravel\\framework\\src\\Illuminate\\Http\\Response.php(35): Illuminate\\Http\\Response->setContent(Object(Illuminate\\View\\View))
#9 F:\\.My Projects\\Databse\\Attendance_Management_System\\vendor\\laravel\\framework\\src\\Illuminate\\Routing\\Router.php(820): Illuminate\\Http\\Response->__construct(Object(Illuminate\\View\\View), 200, Array)
#10 F:\\.My Projects\\Databse\\Attendance_Management_System\\vendor\\laravel\\framework\\src\\Illuminate\\Routing\\Router.php(789): Illuminate\\Routing\\Router::toResponse(Object(Illuminate\\Http\\Request), Object(Illuminate\\View\\View))
#11 F:\\.My Projects\\Databse\\Attendance_Management_System\\vendor\\laravel\\framework\\src\\Illuminate\\Routing\\Router.php(720): Illuminate\\Routing\\Router->prepareResponse(Object(Illuminate\\Http\\Request), Object(Illuminate\\View\\View))
#12 F:\\.My Projects\\Databse\\Attendance_Management_System\\vendor\\laravel\\framework\\src\\Illuminate\\Pipeline\\Pipeline.php(128): Illuminate\\Routing\\Router->Illuminate\\Routing\\{closure}(Object(Illuminate\\Http\\Request))
#13 F:\\.My Projects\\Databse\\Attendance_Management_System\\vendor\\laravel\\framework\\src\\Illuminate\\Routing\\Middleware\\SubstituteBindings.php(50): Illuminate\\Pipeline\\Pipeline->Illuminate\\Pipeline\\{closure}(Object(Illuminate\\Http\\Request))
#14 F:\\.My Projects\\Databse\\Attendance_Management_System\\vendor\\laravel\\framework\\src\\Illuminate\\Pipeline\\Pipeline.php(167): Illuminate\\Routing\\Middleware\\SubstituteBindings->handle(Object(Illuminate\\Http\\Request), Object(Closure))
#15 F:\\.My Projects\\Databse\\Attendance_Management_System\\vendor\\laravel\\framework\\src\\Illuminate\\Foundation\\Http\\Middleware\\VerifyCsrfToken.php(78): Illuminate\\Pipeline\\Pipeline->Illuminate\\Pipeline\\{closure}(Object(Illuminate\\Http\\Request))
#16 F:\\.My Projects\\Databse\\Attendance_Management_System\\vendor\\laravel\\framework\\src\\Illuminate\\Pipeline\\Pipeline.php(167): Illuminate\\Foundation\\Http\\Middleware\\VerifyCsrfToken->handle(Object(Illuminate\\Http\\Request), Object(Closure))
#17 F:\\.My Projects\\Databse\\Attendance_Management_System\\vendor\\laravel\\framework\\src\\Illuminate\\View\\Middleware\\ShareErrorsFromSession.php(49): Illuminate\\Pipeline\\Pipeline->Illuminate\\Pipeline\\{closure}(Object(Illuminate\\Http\\Request))
#18 F:\\.My Projects\\Databse\\Attendance_Management_System\\vendor\\laravel\\framework\\src\\Illuminate\\Pipeline\\Pipeline.php(167): Illuminate\\View\\Middleware\\ShareErrorsFromSession->handle(Object(Illuminate\\Http\\Request), Object(Closure))
#19 F:\\.My Projects\\Databse\\Attendance_Management_System\\vendor\\laravel\\framework\\src\\Illuminate\\Session\\Middleware\\StartSession.php(121): Illuminate\\Pipeline\\Pipeline->Illuminate\\Pipeline\\{closure}(Object(Illuminate\\Http\\Request))
#20 F:\\.My Projects\\Databse\\Attendance_Management_System\\vendor\\laravel\\framework\\src\\Illuminate\\Session\\Middleware\\StartSession.php(64): Illuminate\\Session\\Middleware\\StartSession->handleStatefulRequest(Object(Illuminate\\Http\\Request), Object(Illuminate\\Session\\Store), Object(Closure))
#21 F:\\.My Projects\\Databse\\Attendance_Management_System\\vendor\\laravel\\framework\\src\\Illuminate\\Pipeline\\Pipeline.php(167): Illuminate\\Session\\Middleware\\StartSession->handle(Object(Illuminate\\Http\\Request), Object(Closure))
#22 F:\\.My Projects\\Databse\\Attendance_Management_System\\vendor\\laravel\\framework\\src\\Illuminate\\Cookie\\Middleware\\AddQueuedCookiesToResponse.php(37): Illuminate\\Pipeline\\Pipeline->Illuminate\\Pipeline\\{closure}(Object(Illuminate\\Http\\Request))
#23 F:\\.My Projects\\Databse\\Attendance_Management_System\\vendor\\laravel\\framework\\src\\Illuminate\\Pipeline\\Pipeline.php(167): Illuminate\\Cookie\\Middleware\\AddQueuedCookiesToResponse->handle(Object(Illuminate\\Http\\Request), Object(Closure))
#24 F:\\.My Projects\\Databse\\Attendance_Management_System\\vendor\\laravel\\framework\\src\\Illuminate\\Cookie\\Middleware\\EncryptCookies.php(67): Illuminate\\Pipeline\\Pipeline->Illuminate\\Pipeline\\{closure}(Object(Illuminate\\Http\\Request))
#25 F:\\.My Projects\\Databse\\Attendance_Management_System\\vendor\\laravel\\framework\\src\\Illuminate\\Pipeline\\Pipeline.php(167): Illuminate\\Cookie\\Middleware\\EncryptCookies->handle(Object(Illuminate\\Http\\Request), Object(Closure))
#26 F:\\.My Projects\\Databse\\Attendance_Management_System\\vendor\\laravel\\framework\\src\\Illuminate\\Pipeline\\Pipeline.php(103): Illuminate\\Pipeline\\Pipeline->Illuminate\\Pipeline\\{closure}(Object(Illuminate\\Http\\Request))
#27 F:\\.My Projects\\Databse\\Attendance_Management_System\\vendor\\laravel\\framework\\src\\Illuminate\\Routing\\Router.php(719): Illuminate\\Pipeline\\Pipeline->then(Object(Closure))
#28 F:\\.My Projects\\Databse\\Attendance_Management_System\\vendor\\laravel\\framework\\src\\Illuminate\\Routing\\Router.php(698): Illuminate\\Routing\\Router->runRouteWithinStack(Object(Illuminate\\Routing\\Route), Object(Illuminate\\Http\\Request))
#29 F:\\.My Projects\\Databse\\Attendance_Management_System\\vendor\\laravel\\framework\\src\\Illuminate\\Routing\\Router.php(662): Illuminate\\Routing\\Router->runRoute(Object(Illuminate\\Http\\Request), Object(Illuminate\\Routing\\Route))
#30 F:\\.My Projects\\Databse\\Attendance_Management_System\\vendor\\laravel\\framework\\src\\Illuminate\\Routing\\Router.php(651): Illuminate\\Routing\\Router->dispatchToRoute(Object(Illuminate\\Http\\Request))
#31 F:\\.My Projects\\Databse\\Attendance_Management_System\\vendor\\laravel\\framework\\src\\Illuminate\\Foundation\\Http\\Kernel.php(167): Illuminate\\Routing\\Router->dispatch(Object(Illuminate\\Http\\Request))
#32 F:\\.My Projects\\Databse\\Attendance_Management_System\\vendor\\laravel\\framework\\src\\Illuminate\\Pipeline\\Pipeline.php(128): Illuminate\\Foundation\\Http\\Kernel->Illuminate\\Foundation\\Http\\{closure}(Object(Illuminate\\Http\\Request))
#33 F:\\.My Projects\\Databse\\Attendance_Management_System\\vendor\\laravel\\framework\\src\\Illuminate\\Foundation\\Http\\Middleware\\TransformsRequest.php(21): Illuminate\\Pipeline\\Pipeline->Illuminate\\Pipeline\\{closure}(Object(Illuminate\\Http\\Request))
#34 F:\\.My Projects\\Databse\\Attendance_Management_System\\vendor\\laravel\\framework\\src\\Illuminate\\Foundation\\Http\\Middleware\\ConvertEmptyStringsToNull.php(31): Illuminate\\Foundation\\Http\\Middleware\\TransformsRequest->handle(Object(Illuminate\\Http\\Request), Object(Closure))
#35 F:\\.My Projects\\Databse\\Attendance_Management_System\\vendor\\laravel\\framework\\src\\Illuminate\\Pipeline\\Pipeline.php(167): Illuminate\\Foundation\\Http\\Middleware\\ConvertEmptyStringsToNull->handle(Object(Illuminate\\Http\\Request), Object(Closure))
#36 F:\\.My Projects\\Databse\\Attendance_Management_System\\vendor\\laravel\\framework\\src\\Illuminate\\Foundation\\Http\\Middleware\\TransformsRequest.php(21): Illuminate\\Pipeline\\Pipeline->Illuminate\\Pipeline\\{closure}(Object(Illuminate\\Http\\Request))
#37 F:\\.My Projects\\Databse\\Attendance_Management_System\\vendor\\laravel\\framework\\src\\Illuminate\\Foundation\\Http\\Middleware\\TrimStrings.php(40): Illuminate\\Foundation\\Http\\Middleware\\TransformsRequest->handle(Object(Illuminate\\Http\\Request), Object(Closure))
#38 F:\\.My Projects\\Databse\\Attendance_Management_System\\vendor\\laravel\\framework\\src\\Illuminate\\Pipeline\\Pipeline.php(167): Illuminate\\Foundation\\Http\\Middleware\\TrimStrings->handle(Object(Illuminate\\Http\\Request), Object(Closure))
#39 F:\\.My Projects\\Databse\\Attendance_Management_System\\vendor\\laravel\\framework\\src\\Illuminate\\Foundation\\Http\\Middleware\\ValidatePostSize.php(27): Illuminate\\Pipeline\\Pipeline->Illuminate\\Pipeline\\{closure}(Object(Illuminate\\Http\\Request))
#40 F:\\.My Projects\\Databse\\Attendance_Management_System\\vendor\\laravel\\framework\\src\\Illuminate\\Pipeline\\Pipeline.php(167): Illuminate\\Foundation\\Http\\Middleware\\ValidatePostSize->handle(Object(Illuminate\\Http\\Request), Object(Closure))
#41 F:\\.My Projects\\Databse\\Attendance_Management_System\\vendor\\laravel\\framework\\src\\Illuminate\\Foundation\\Http\\Middleware\\PreventRequestsDuringMaintenance.php(86): Illuminate\\Pipeline\\Pipeline->Illuminate\\Pipeline\\{closure}(Object(Illuminate\\Http\\Request))
#42 F:\\.My Projects\\Databse\\Attendance_Management_System\\vendor\\laravel\\framework\\src\\Illuminate\\Pipeline\\Pipeline.php(167): Illuminate\\Foundation\\Http\\Middleware\\PreventRequestsDuringMaintenance->handle(Object(Illuminate\\Http\\Request), Object(Closure))
#43 F:\\.My Projects\\Databse\\Attendance_Management_System\\vendor\\fruitcake\\laravel-cors\\src\\HandleCors.php(38): Illuminate\\Pipeline\\Pipeline->Illuminate\\Pipeline\\{closure}(Object(Illuminate\\Http\\Request))
#44 F:\\.My Projects\\Databse\\Attendance_Management_System\\vendor\\laravel\\framework\\src\\Illuminate\\Pipeline\\Pipeline.php(167): Fruitcake\\Cors\\HandleCors->handle(Object(Illuminate\\Http\\Request), Object(Closure))
#45 F:\\.My Projects\\Databse\\Attendance_Management_System\\vendor\\laravel\\framework\\src\\Illuminate\\Http\\Middleware\\TrustProxies.php(39): Illuminate\\Pipeline\\Pipeline->Illuminate\\Pipeline\\{closure}(Object(Illuminate\\Http\\Request))
#46 F:\\.My Projects\\Databse\\Attendance_Management_System\\vendor\\laravel\\framework\\src\\Illuminate\\Pipeline\\Pipeline.php(167): Illuminate\\Http\\Middleware\\TrustProxies->handle(Object(Illuminate\\Http\\Request), Object(Closure))
#47 F:\\.My Projects\\Databse\\Attendance_Management_System\\vendor\\laravel\\framework\\src\\Illuminate\\Pipeline\\Pipeline.php(103): Illuminate\\Pipeline\\Pipeline->Illuminate\\Pipeline\\{closure}(Object(Illuminate\\Http\\Request))
#48 F:\\.My Projects\\Databse\\Attendance_Management_System\\vendor\\laravel\\framework\\src\\Illuminate\\Foundation\\Http\\Kernel.php(142): Illuminate\\Pipeline\\Pipeline->then(Object(Closure))
#49 F:\\.My Projects\\Databse\\Attendance_Management_System\\vendor\\laravel\\framework\\src\\Illuminate\\Foundation\\Http\\Kernel.php(111): Illuminate\\Foundation\\Http\\Kernel->sendRequestThroughRouter(Object(Illuminate\\Http\\Request))
#50 F:\\.My Projects\\Databse\\Attendance_Management_System\\public\\index.php(54): Illuminate\\Foundation\\Http\\Kernel->handle(Object(Illuminate\\Http\\Request))
#51 F:\\.My Projects\\Databse\\Attendance_Management_System\\server.php(21): require_once('F:\\\\.My Projects...')
#52 {main}

[previous exception] [object] (ParseError(code: 0): syntax error, unexpected end of file, expecting \"elseif\" or \"else\" or \"endif\" at F:\\.My Projects\\Databse\\Attendance_Management_System\\storage\\framework\\views\\1f5f93e2d57159b8be9e60f946248c836725e606.php:60)
[stacktrace]
#0 F:\\.My Projects\\Databse\\Attendance_Management_System\\vendor\\laravel\\framework\\src\\Illuminate\\Filesystem\\Filesystem.php(108): Illuminate\\Filesystem\\Filesystem::Illuminate\\Filesystem\\{closure}()
#1 F:\\.My Projects\\Databse\\Attendance_Management_System\\vendor\\laravel\\framework\\src\\Illuminate\\View\\Engines\\PhpEngine.php(58): Illuminate\\Filesystem\\Filesystem->getRequire('F:\\\\.My Projects...', Array)
#2 F:\\.My Projects\\Databse\\Attendance_Management_System\\vendor\\laravel\\framework\\src\\Illuminate\\View\\Engines\\CompilerEngine.php(61): Illuminate\\View\\Engines\\PhpEngine->evaluatePath('F:\\\\.My Projects...', Array)
#3 F:\\.My Projects\\Databse\\Attendance_Management_System\\vendor\\facade\\ignition\\src\\Views\\Engines\\CompilerEngine.php(37): Illuminate\\View\\Engines\\CompilerEngine->get('F:\\\\.My Projects...', Array)
#4 F:\\.My Projects\\Databse\\Attendance_Management_System\\vendor\\laravel\\framework\\src\\Illuminate\\View\\View.php(139): Facade\\Ignition\\Views\\Engines\\CompilerEngine->get('F:\\\\.My Projects...', Array)
#5 F:\\.My Projects\\Databse\\Attendance_Management_System\\vendor\\laravel\\framework\\src\\Illuminate\\View\\View.php(122): Illuminate\\View\\View->getContents()
#6 F:\\.My Projects\\Databse\\Attendance_Management_System\\vendor\\laravel\\framework\\src\\Illuminate\\View\\View.php(91): Illuminate\\View\\View->renderContents()
#7 F:\\.My Projects\\Databse\\Attendance_Management_System\\vendor\\laravel\\framework\\src\\Illuminate\\Http\\Response.php(69): Illuminate\\View\\View->render()
#8 F:\\.My Projects\\Databse\\Attendance_Management_System\\vendor\\laravel\\framework\\src\\Illuminate\\Http\\Response.php(35): Illuminate\\Http\\Response->setContent(Object(Illuminate\\View\\View))
#9 F:\\.My Projects\\Databse\\Attendance_Management_System\\vendor\\laravel\\framework\\src\\Illuminate\\Routing\\Router.php(820): Illuminate\\Http\\Response->__construct(Object(Illuminate\\View\\View), 200, Array)
#10 F:\\.My Projects\\Databse\\Attendance_Management_System\\vendor\\laravel\\framework\\src\\Illuminate\\Routing\\Router.php(789): Illuminate\\Routing\\Router::toResponse(Object(Illuminate\\Http\\Request), Object(Illuminate\\View\\View))
#11 F:\\.My Projects\\Databse\\Attendance_Management_System\\vendor\\laravel\\framework\\src\\Illuminate\\Routing\\Router.php(720): Illuminate\\Routing\\Router->prepareResponse(Object(Illuminate\\Http\\Request), Object(Illuminate\\View\\View))
#12 F:\\.My Projects\\Databse\\Attendance_Management_System\\vendor\\laravel\\framework\\src\\Illuminate\\Pipeline\\Pipeline.php(128): Illuminate\\Routing\\Router->Illuminate\\Routing\\{closure}(Object(Illuminate\\Http\\Request))
#13 F:\\.My Projects\\Databse\\Attendance_Management_System\\vendor\\laravel\\framework\\src\\Illuminate\\Routing\\Middleware\\SubstituteBindings.php(50): Illuminate\\Pipeline\\Pipeline->Illuminate\\Pipeline\\{closure}(Object(Illuminate\\Http\\Request))
#14 F:\\.My Projects\\Databse\\Attendance_Management_System\\vendor\\laravel\\framework\\src\\Illuminate\\Pipeline\\Pipeline.php(167): Illuminate\\Routing\\Middleware\\SubstituteBindings->handle(Object(Illuminate\\Http\\Request), Object(Closure))
#15 F:\\.My Projects\\Databse\\Attendance_Management_System\\vendor\\laravel\\framework\\src\\Illuminate\\Foundation\\Http\\Middleware\\VerifyCsrfToken.php(78): Illuminate\\Pipeline\\Pipeline->Illuminate\\Pipeline\\{closure}(Object(Illuminate\\Http\\Request))
#16 F:\\.My Projects\\Databse\\Attendance_Management_System\\vendor\\laravel\\framework\\src\\Illuminate\\Pipeline\\Pipeline.php(167): Illuminate\\Foundation\\Http\\Middleware\\VerifyCsrfToken->handle(Object(Illuminate\\Http\\Request), Object(Closure))
#17 F:\\.My Projects\\Databse\\Attendance_Management_System\\vendor\\laravel\\framework\\src\\Illuminate\\View\\Middleware\\ShareErrorsFromSession.php(49): Illuminate\\Pipeline\\Pipeline->Illuminate\\Pipeline\\{closure}(Object(Illuminate\\Http\\Request))
#18 F:\\.My Projects\\Databse\\Attendance_Management_System\\vendor\\laravel\\framework\\src\\Illuminate\\Pipeline\\Pipeline.php(167): Illuminate\\View\\Middleware\\ShareErrorsFromSession->handle(Object(Illuminate\\Http\\Request), Object(Closure))
#19 F:\\.My Projects\\Databse\\Attendance_Management_System\\vendor\\laravel\\framework\\src\\Illuminate\\Session\\Middleware\\StartSession.php(121): Illuminate\\Pipeline\\Pipeline->Illuminate\\Pipeline\\{closure}(Object(Illuminate\\Http\\Request))
#20 F:\\.My Projects\\Databse\\Attendance_Management_System\\vendor\\laravel\\framework\\src\\Illuminate\\Session\\Middleware\\StartSession.php(64): Illuminate\\Session\\Middleware\\StartSession->handleStatefulRequest(Object(Illuminate\\Http\\Request), Object(Illuminate\\Session\\Store), Object(Closure))
#21 F:\\.My Projects\\Databse\\Attendance_Management_System\\vendor\\laravel\\framework\\src\\Illuminate\\Pipeline\\Pipeline.php(167): Illuminate\\Session\\Middleware\\StartSession->handle(Object(Illuminate\\Http\\Request), Object(Closure))
#22 F:\\.My Projects\\Databse\\Attendance_Management_System\\vendor\\laravel\\framework\\src\\Illuminate\\Cookie\\Middleware\\AddQueuedCookiesToResponse.php(37): Illuminate\\Pipeline\\Pipeline->Illuminate\\Pipeline\\{closure}(Object(Illuminate\\Http\\Request))
#23 F:\\.My Projects\\Databse\\Attendance_Management_System\\vendor\\laravel\\framework\\src\\Illuminate\\Pipeline\\Pipeline.php(167): Illuminate\\Cookie\\Middleware\\AddQueuedCookiesToResponse->handle(Object(Illuminate\\Http\\Request), Object(Closure))
#24 F:\\.My Projects\\Databse\\Attendance_Management_System\\vendor\\laravel\\framework\\src\\Illuminate\\Cookie\\Middleware\\EncryptCookies.php(67): Illuminate\\Pipeline\\Pipeline->Illuminate\\Pipeline\\{closure}(Object(Illuminate\\Http\\Request))
#25 F:\\.My Projects\\Databse\\Attendance_Management_System\\vendor\\laravel\\framework\\src\\Illuminate\\Pipeline\\Pipeline.php(167): Illuminate\\Cookie\\Middleware\\EncryptCookies->handle(Object(Illuminate\\Http\\Request), Object(Closure))
#26 F:\\.My Projects\\Databse\\Attendance_Management_System\\vendor\\laravel\\framework\\src\\Illuminate\\Pipeline\\Pipeline.php(103): Illuminate\\Pipeline\\Pipeline->Illuminate\\Pipeline\\{closure}(Object(Illuminate\\Http\\Request))
#27 F:\\.My Projects\\Databse\\Attendance_Management_System\\vendor\\laravel\\framework\\src\\Illuminate\\Routing\\Router.php(719): Illuminate\\Pipeline\\Pipeline->then(Object(Closure))
#28 F:\\.My Projects\\Databse\\Attendance_Management_System\\vendor\\laravel\\framework\\src\\Illuminate\\Routing\\Router.php(698): Illuminate\\Routing\\Router->runRouteWithinStack(Object(Illuminate\\Routing\\Route), Object(Illuminate\\Http\\Request))
#29 F:\\.My Projects\\Databse\\Attendance_Management_System\\vendor\\laravel\\framework\\src\\Illuminate\\Routing\\Router.php(662): Illuminate\\Routing\\Router->runRoute(Object(Illuminate\\Http\\Request), Object(Illuminate\\Routing\\Route))
#30 F:\\.My Projects\\Databse\\Attendance_Management_System\\vendor\\laravel\\framework\\src\\Illuminate\\Routing\\Router.php(651): Illuminate\\Routing\\Router->dispatchToRoute(Object(Illuminate\\Http\\Request))
#31 F:\\.My Projects\\Databse\\Attendance_Management_System\\vendor\\laravel\\framework\\src\\Illuminate\\Foundation\\Http\\Kernel.php(167): Illuminate\\Routing\\Router->dispatch(Object(Illuminate\\Http\\Request))
#32 F:\\.My Projects\\Databse\\Attendance_Management_System\\vendor\\laravel\\framework\\src\\Illuminate\\Pipeline\\Pipeline.php(128): Illuminate\\Foundation\\Http\\Kernel->Illuminate\\Foundation\\Http\\{closure}(Object(Illuminate\\Http\\Request))
#33 F:\\.My Projects\\Databse\\Attendance_Management_System\\vendor\\laravel\\framework\\src\\Illuminate\\Foundation\\Http\\Middleware\\TransformsRequest.php(21): Illuminate\\Pipeline\\Pipeline->Illuminate\\Pipeline\\{closure}(Object(Illuminate\\Http\\Request))
#34 F:\\.My Projects\\Databse\\Attendance_Management_System\\vendor\\laravel\\framework\\src\\Illuminate\\Foundation\\Http\\Middleware\\ConvertEmptyStringsToNull.php(31): Illuminate\\Foundation\\Http\\Middleware\\TransformsRequest->handle(Object(Illuminate\\Http\\Request), Object(Closure))
#35 F:\\.My Projects\\Databse\\Attendance_Management_System\\vendor\\laravel\\framework\\src\\Illuminate\\Pipeline\\Pipeline.php(167): Illuminate\\Foundation\\Http\\Middleware\\ConvertEmptyStringsToNull->handle(Object(Illuminate\\Http\\Request), Object(Closure))
#36 F:\\.My Projects\\Databse\\Attendance_Management_System\\vendor\\laravel\\framework\\src\\Illuminate\\Foundation\\Http\\Middleware\\TransformsRequest.php(21): Illuminate\\Pipeline\\Pipeline->Illuminate\\Pipeline\\{closure}(Object(Illuminate\\Http\\Request))
#37 F:\\.My Projects\\Databse\\Attendance_Management_System\\vendor\\laravel\\framework\\src\\Illuminate\\Foundation\\Http\\Middleware\\TrimStrings.php(40): Illuminate\\Foundation\\Http\\Middleware\\TransformsRequest->handle(Object(Illuminate\\Http\\Request), Object(Closure))
#38 F:\\.My Projects\\Databse\\Attendance_Management_System\\vendor\\laravel\\framework\\src\\Illuminate\\Pipeline\\Pipeline.php(167): Illuminate\\Foundation\\Http\\Middleware\\TrimStrings->handle(Object(Illuminate\\Http\\Request), Object(Closure))
#39 F:\\.My Projects\\Databse\\Attendance_Management_System\\vendor\\laravel\\framework\\src\\Illuminate\\Foundation\\Http\\Middleware\\ValidatePostSize.php(27): Illuminate\\Pipeline\\Pipeline->Illuminate\\Pipeline\\{closure}(Object(Illuminate\\Http\\Request))
#40 F:\\.My Projects\\Databse\\Attendance_Management_System\\vendor\\laravel\\framework\\src\\Illuminate\\Pipeline\\Pipeline.php(167): Illuminate\\Foundation\\Http\\Middleware\\ValidatePostSize->handle(Object(Illuminate\\Http\\Request), Object(Closure))
#41 F:\\.My Projects\\Databse\\Attendance_Management_System\\vendor\\laravel\\framework\\src\\Illuminate\\Foundation\\Http\\Middleware\\PreventRequestsDuringMaintenance.php(86): Illuminate\\Pipeline\\Pipeline->Illuminate\\Pipeline\\{closure}(Object(Illuminate\\Http\\Request))
#42 F:\\.My Projects\\Databse\\Attendance_Management_System\\vendor\\laravel\\framework\\src\\Illuminate\\Pipeline\\Pipeline.php(167): Illuminate\\Foundation\\Http\\Middleware\\PreventRequestsDuringMaintenance->handle(Object(Illuminate\\Http\\Request), Object(Closure))
#43 F:\\.My Projects\\Databse\\Attendance_Management_System\\vendor\\fruitcake\\laravel-cors\\src\\HandleCors.php(38): Illuminate\\Pipeline\\Pipeline->Illuminate\\Pipeline\\{closure}(Object(Illuminate\\Http\\Request))
#44 F:\\.My Projects\\Databse\\Attendance_Management_System\\vendor\\laravel\\framework\\src\\Illuminate\\Pipeline\\Pipeline.php(167): Fruitcake\\Cors\\HandleCors->handle(Object(Illuminate\\Http\\Request), Object(Closure))
#45 F:\\.My Projects\\Databse\\Attendance_Management_System\\vendor\\laravel\\framework\\src\\Illuminate\\Http\\Middleware\\TrustProxies.php(39): Illuminate\\Pipeline\\Pipeline->Illuminate\\Pipeline\\{closure}(Object(Illuminate\\Http\\Request))
#46 F:\\.My Projects\\Databse\\Attendance_Management_System\\vendor\\laravel\\framework\\src\\Illuminate\\Pipeline\\Pipeline.php(167): Illuminate\\Http\\Middleware\\TrustProxies->handle(Object(Illuminate\\Http\\Request), Object(Closure))
#47 F:\\.My Projects\\Databse\\Attendance_Management_System\\vendor\\laravel\\framework\\src\\Illuminate\\Pipeline\\Pipeline.php(103): Illuminate\\Pipeline\\Pipeline->Illuminate\\Pipeline\\{closure}(Object(Illuminate\\Http\\Request))
#48 F:\\.My Projects\\Databse\\Attendance_Management_System\\vendor\\laravel\\framework\\src\\Illuminate\\Foundation\\Http\\Kernel.php(142): Illuminate\\Pipeline\\Pipeline->then(Object(Closure))
#49 F:\\.My Projects\\Databse\\Attendance_Management_System\\vendor\\laravel\\framework\\src\\Illuminate\\Foundation\\Http\\Kernel.php(111): Illuminate\\Foundation\\Http\\Kernel->sendRequestThroughRouter(Object(Illuminate\\Http\\Request))
#50 F:\\.My Projects\\Databse\\Attendance_Management_System\\public\\index.php(54): Illuminate\\Foundation\\Http\\Kernel->handle(Object(Illuminate\\Http\\Request))
#51 F:\\.My Projects\\Databse\\Attendance_Management_System\\server.php(21): require_once('F:\\\\.My Projects...')
#52 {main}
"} 
[2025-05-01 13:50:36] local.ERROR: syntax error, unexpected token "endif", expecting end of file (View: F:\.My Projects\Databse\Attendance_Management_System\resources\views\welcome.blade.php) {"view":{"view":"F:\\.My Projects\\Databse\\Attendance_Management_System\\resources\\views/welcome.blade.php","data":{"errors":"<pre class=sf-dump id=sf-dump-803211119 data-indent-pad=\"  \"><span class=sf-dump-note>Illuminate\\Support\\ViewErrorBag</span> {<a class=sf-dump-ref>#1283</a><samp data-depth=1 class=sf-dump-expanded>
  #<span class=sf-dump-protected title=\"Protected property\">bags</span>: []
</samp>}
</pre><script>Sfdump(\"sf-dump-803211119\", {\"maxDepth\":3,\"maxStringLength\":160})</script>
"}},"exception":"[object] (Facade\\Ignition\\Exceptions\\ViewException(code: 0): syntax error, unexpected token \"endif\", expecting end of file (View: F:\\.My Projects\\Databse\\Attendance_Management_System\\resources\\views\\welcome.blade.php) at F:\\.My Projects\\Databse\\Attendance_Management_System\\resources\\views/welcome.blade.php:22)
[stacktrace]
#0 F:\\.My Projects\\Databse\\Attendance_Management_System\\vendor\\laravel\\framework\\src\\Illuminate\\Filesystem\\Filesystem.php(108): Illuminate\\Filesystem\\Filesystem::Illuminate\\Filesystem\\{closure}()
#1 F:\\.My Projects\\Databse\\Attendance_Management_System\\vendor\\laravel\\framework\\src\\Illuminate\\View\\Engines\\PhpEngine.php(58): Illuminate\\Filesystem\\Filesystem->getRequire('F:\\\\.My Projects...', Array)
#2 F:\\.My Projects\\Databse\\Attendance_Management_System\\vendor\\laravel\\framework\\src\\Illuminate\\View\\Engines\\CompilerEngine.php(61): Illuminate\\View\\Engines\\PhpEngine->evaluatePath('F:\\\\.My Projects...', Array)
#3 F:\\.My Projects\\Databse\\Attendance_Management_System\\vendor\\facade\\ignition\\src\\Views\\Engines\\CompilerEngine.php(37): Illuminate\\View\\Engines\\CompilerEngine->get('F:\\\\.My Projects...', Array)
#4 F:\\.My Projects\\Databse\\Attendance_Management_System\\vendor\\laravel\\framework\\src\\Illuminate\\View\\View.php(139): Facade\\Ignition\\Views\\Engines\\CompilerEngine->get('F:\\\\.My Projects...', Array)
#5 F:\\.My Projects\\Databse\\Attendance_Management_System\\vendor\\laravel\\framework\\src\\Illuminate\\View\\View.php(122): Illuminate\\View\\View->getContents()
#6 F:\\.My Projects\\Databse\\Attendance_Management_System\\vendor\\laravel\\framework\\src\\Illuminate\\View\\View.php(91): Illuminate\\View\\View->renderContents()
#7 F:\\.My Projects\\Databse\\Attendance_Management_System\\vendor\\laravel\\framework\\src\\Illuminate\\Http\\Response.php(69): Illuminate\\View\\View->render()
#8 F:\\.My Projects\\Databse\\Attendance_Management_System\\vendor\\laravel\\framework\\src\\Illuminate\\Http\\Response.php(35): Illuminate\\Http\\Response->setContent(Object(Illuminate\\View\\View))
#9 F:\\.My Projects\\Databse\\Attendance_Management_System\\vendor\\laravel\\framework\\src\\Illuminate\\Routing\\Router.php(820): Illuminate\\Http\\Response->__construct(Object(Illuminate\\View\\View), 200, Array)
#10 F:\\.My Projects\\Databse\\Attendance_Management_System\\vendor\\laravel\\framework\\src\\Illuminate\\Routing\\Router.php(789): Illuminate\\Routing\\Router::toResponse(Object(Illuminate\\Http\\Request), Object(Illuminate\\View\\View))
#11 F:\\.My Projects\\Databse\\Attendance_Management_System\\vendor\\laravel\\framework\\src\\Illuminate\\Routing\\Router.php(720): Illuminate\\Routing\\Router->prepareResponse(Object(Illuminate\\Http\\Request), Object(Illuminate\\View\\View))
#12 F:\\.My Projects\\Databse\\Attendance_Management_System\\vendor\\laravel\\framework\\src\\Illuminate\\Pipeline\\Pipeline.php(128): Illuminate\\Routing\\Router->Illuminate\\Routing\\{closure}(Object(Illuminate\\Http\\Request))
#13 F:\\.My Projects\\Databse\\Attendance_Management_System\\vendor\\laravel\\framework\\src\\Illuminate\\Routing\\Middleware\\SubstituteBindings.php(50): Illuminate\\Pipeline\\Pipeline->Illuminate\\Pipeline\\{closure}(Object(Illuminate\\Http\\Request))
#14 F:\\.My Projects\\Databse\\Attendance_Management_System\\vendor\\laravel\\framework\\src\\Illuminate\\Pipeline\\Pipeline.php(167): Illuminate\\Routing\\Middleware\\SubstituteBindings->handle(Object(Illuminate\\Http\\Request), Object(Closure))
#15 F:\\.My Projects\\Databse\\Attendance_Management_System\\vendor\\laravel\\framework\\src\\Illuminate\\Foundation\\Http\\Middleware\\VerifyCsrfToken.php(78): Illuminate\\Pipeline\\Pipeline->Illuminate\\Pipeline\\{closure}(Object(Illuminate\\Http\\Request))
#16 F:\\.My Projects\\Databse\\Attendance_Management_System\\vendor\\laravel\\framework\\src\\Illuminate\\Pipeline\\Pipeline.php(167): Illuminate\\Foundation\\Http\\Middleware\\VerifyCsrfToken->handle(Object(Illuminate\\Http\\Request), Object(Closure))
#17 F:\\.My Projects\\Databse\\Attendance_Management_System\\vendor\\laravel\\framework\\src\\Illuminate\\View\\Middleware\\ShareErrorsFromSession.php(49): Illuminate\\Pipeline\\Pipeline->Illuminate\\Pipeline\\{closure}(Object(Illuminate\\Http\\Request))
#18 F:\\.My Projects\\Databse\\Attendance_Management_System\\vendor\\laravel\\framework\\src\\Illuminate\\Pipeline\\Pipeline.php(167): Illuminate\\View\\Middleware\\ShareErrorsFromSession->handle(Object(Illuminate\\Http\\Request), Object(Closure))
#19 F:\\.My Projects\\Databse\\Attendance_Management_System\\vendor\\laravel\\framework\\src\\Illuminate\\Session\\Middleware\\StartSession.php(121): Illuminate\\Pipeline\\Pipeline->Illuminate\\Pipeline\\{closure}(Object(Illuminate\\Http\\Request))
#20 F:\\.My Projects\\Databse\\Attendance_Management_System\\vendor\\laravel\\framework\\src\\Illuminate\\Session\\Middleware\\StartSession.php(64): Illuminate\\Session\\Middleware\\StartSession->handleStatefulRequest(Object(Illuminate\\Http\\Request), Object(Illuminate\\Session\\Store), Object(Closure))
#21 F:\\.My Projects\\Databse\\Attendance_Management_System\\vendor\\laravel\\framework\\src\\Illuminate\\Pipeline\\Pipeline.php(167): Illuminate\\Session\\Middleware\\StartSession->handle(Object(Illuminate\\Http\\Request), Object(Closure))
#22 F:\\.My Projects\\Databse\\Attendance_Management_System\\vendor\\laravel\\framework\\src\\Illuminate\\Cookie\\Middleware\\AddQueuedCookiesToResponse.php(37): Illuminate\\Pipeline\\Pipeline->Illuminate\\Pipeline\\{closure}(Object(Illuminate\\Http\\Request))
#23 F:\\.My Projects\\Databse\\Attendance_Management_System\\vendor\\laravel\\framework\\src\\Illuminate\\Pipeline\\Pipeline.php(167): Illuminate\\Cookie\\Middleware\\AddQueuedCookiesToResponse->handle(Object(Illuminate\\Http\\Request), Object(Closure))
#24 F:\\.My Projects\\Databse\\Attendance_Management_System\\vendor\\laravel\\framework\\src\\Illuminate\\Cookie\\Middleware\\EncryptCookies.php(67): Illuminate\\Pipeline\\Pipeline->Illuminate\\Pipeline\\{closure}(Object(Illuminate\\Http\\Request))
#25 F:\\.My Projects\\Databse\\Attendance_Management_System\\vendor\\laravel\\framework\\src\\Illuminate\\Pipeline\\Pipeline.php(167): Illuminate\\Cookie\\Middleware\\EncryptCookies->handle(Object(Illuminate\\Http\\Request), Object(Closure))
#26 F:\\.My Projects\\Databse\\Attendance_Management_System\\vendor\\laravel\\framework\\src\\Illuminate\\Pipeline\\Pipeline.php(103): Illuminate\\Pipeline\\Pipeline->Illuminate\\Pipeline\\{closure}(Object(Illuminate\\Http\\Request))
#27 F:\\.My Projects\\Databse\\Attendance_Management_System\\vendor\\laravel\\framework\\src\\Illuminate\\Routing\\Router.php(719): Illuminate\\Pipeline\\Pipeline->then(Object(Closure))
#28 F:\\.My Projects\\Databse\\Attendance_Management_System\\vendor\\laravel\\framework\\src\\Illuminate\\Routing\\Router.php(698): Illuminate\\Routing\\Router->runRouteWithinStack(Object(Illuminate\\Routing\\Route), Object(Illuminate\\Http\\Request))
#29 F:\\.My Projects\\Databse\\Attendance_Management_System\\vendor\\laravel\\framework\\src\\Illuminate\\Routing\\Router.php(662): Illuminate\\Routing\\Router->runRoute(Object(Illuminate\\Http\\Request), Object(Illuminate\\Routing\\Route))
#30 F:\\.My Projects\\Databse\\Attendance_Management_System\\vendor\\laravel\\framework\\src\\Illuminate\\Routing\\Router.php(651): Illuminate\\Routing\\Router->dispatchToRoute(Object(Illuminate\\Http\\Request))
#31 F:\\.My Projects\\Databse\\Attendance_Management_System\\vendor\\laravel\\framework\\src\\Illuminate\\Foundation\\Http\\Kernel.php(167): Illuminate\\Routing\\Router->dispatch(Object(Illuminate\\Http\\Request))
#32 F:\\.My Projects\\Databse\\Attendance_Management_System\\vendor\\laravel\\framework\\src\\Illuminate\\Pipeline\\Pipeline.php(128): Illuminate\\Foundation\\Http\\Kernel->Illuminate\\Foundation\\Http\\{closure}(Object(Illuminate\\Http\\Request))
#33 F:\\.My Projects\\Databse\\Attendance_Management_System\\vendor\\laravel\\framework\\src\\Illuminate\\Foundation\\Http\\Middleware\\TransformsRequest.php(21): Illuminate\\Pipeline\\Pipeline->Illuminate\\Pipeline\\{closure}(Object(Illuminate\\Http\\Request))
#34 F:\\.My Projects\\Databse\\Attendance_Management_System\\vendor\\laravel\\framework\\src\\Illuminate\\Foundation\\Http\\Middleware\\ConvertEmptyStringsToNull.php(31): Illuminate\\Foundation\\Http\\Middleware\\TransformsRequest->handle(Object(Illuminate\\Http\\Request), Object(Closure))
#35 F:\\.My Projects\\Databse\\Attendance_Management_System\\vendor\\laravel\\framework\\src\\Illuminate\\Pipeline\\Pipeline.php(167): Illuminate\\Foundation\\Http\\Middleware\\ConvertEmptyStringsToNull->handle(Object(Illuminate\\Http\\Request), Object(Closure))
#36 F:\\.My Projects\\Databse\\Attendance_Management_System\\vendor\\laravel\\framework\\src\\Illuminate\\Foundation\\Http\\Middleware\\TransformsRequest.php(21): Illuminate\\Pipeline\\Pipeline->Illuminate\\Pipeline\\{closure}(Object(Illuminate\\Http\\Request))
#37 F:\\.My Projects\\Databse\\Attendance_Management_System\\vendor\\laravel\\framework\\src\\Illuminate\\Foundation\\Http\\Middleware\\TrimStrings.php(40): Illuminate\\Foundation\\Http\\Middleware\\TransformsRequest->handle(Object(Illuminate\\Http\\Request), Object(Closure))
#38 F:\\.My Projects\\Databse\\Attendance_Management_System\\vendor\\laravel\\framework\\src\\Illuminate\\Pipeline\\Pipeline.php(167): Illuminate\\Foundation\\Http\\Middleware\\TrimStrings->handle(Object(Illuminate\\Http\\Request), Object(Closure))
#39 F:\\.My Projects\\Databse\\Attendance_Management_System\\vendor\\laravel\\framework\\src\\Illuminate\\Foundation\\Http\\Middleware\\ValidatePostSize.php(27): Illuminate\\Pipeline\\Pipeline->Illuminate\\Pipeline\\{closure}(Object(Illuminate\\Http\\Request))
#40 F:\\.My Projects\\Databse\\Attendance_Management_System\\vendor\\laravel\\framework\\src\\Illuminate\\Pipeline\\Pipeline.php(167): Illuminate\\Foundation\\Http\\Middleware\\ValidatePostSize->handle(Object(Illuminate\\Http\\Request), Object(Closure))
#41 F:\\.My Projects\\Databse\\Attendance_Management_System\\vendor\\laravel\\framework\\src\\Illuminate\\Foundation\\Http\\Middleware\\PreventRequestsDuringMaintenance.php(86): Illuminate\\Pipeline\\Pipeline->Illuminate\\Pipeline\\{closure}(Object(Illuminate\\Http\\Request))
#42 F:\\.My Projects\\Databse\\Attendance_Management_System\\vendor\\laravel\\framework\\src\\Illuminate\\Pipeline\\Pipeline.php(167): Illuminate\\Foundation\\Http\\Middleware\\PreventRequestsDuringMaintenance->handle(Object(Illuminate\\Http\\Request), Object(Closure))
#43 F:\\.My Projects\\Databse\\Attendance_Management_System\\vendor\\fruitcake\\laravel-cors\\src\\HandleCors.php(38): Illuminate\\Pipeline\\Pipeline->Illuminate\\Pipeline\\{closure}(Object(Illuminate\\Http\\Request))
#44 F:\\.My Projects\\Databse\\Attendance_Management_System\\vendor\\laravel\\framework\\src\\Illuminate\\Pipeline\\Pipeline.php(167): Fruitcake\\Cors\\HandleCors->handle(Object(Illuminate\\Http\\Request), Object(Closure))
#45 F:\\.My Projects\\Databse\\Attendance_Management_System\\vendor\\laravel\\framework\\src\\Illuminate\\Http\\Middleware\\TrustProxies.php(39): Illuminate\\Pipeline\\Pipeline->Illuminate\\Pipeline\\{closure}(Object(Illuminate\\Http\\Request))
#46 F:\\.My Projects\\Databse\\Attendance_Management_System\\vendor\\laravel\\framework\\src\\Illuminate\\Pipeline\\Pipeline.php(167): Illuminate\\Http\\Middleware\\TrustProxies->handle(Object(Illuminate\\Http\\Request), Object(Closure))
#47 F:\\.My Projects\\Databse\\Attendance_Management_System\\vendor\\laravel\\framework\\src\\Illuminate\\Pipeline\\Pipeline.php(103): Illuminate\\Pipeline\\Pipeline->Illuminate\\Pipeline\\{closure}(Object(Illuminate\\Http\\Request))
#48 F:\\.My Projects\\Databse\\Attendance_Management_System\\vendor\\laravel\\framework\\src\\Illuminate\\Foundation\\Http\\Kernel.php(142): Illuminate\\Pipeline\\Pipeline->then(Object(Closure))
#49 F:\\.My Projects\\Databse\\Attendance_Management_System\\vendor\\laravel\\framework\\src\\Illuminate\\Foundation\\Http\\Kernel.php(111): Illuminate\\Foundation\\Http\\Kernel->sendRequestThroughRouter(Object(Illuminate\\Http\\Request))
#50 F:\\.My Projects\\Databse\\Attendance_Management_System\\public\\index.php(54): Illuminate\\Foundation\\Http\\Kernel->handle(Object(Illuminate\\Http\\Request))
#51 F:\\.My Projects\\Databse\\Attendance_Management_System\\server.php(21): require_once('F:\\\\.My Projects...')
#52 {main}

[previous exception] [object] (ParseError(code: 0): syntax error, unexpected token \"endif\", expecting end of file at F:\\.My Projects\\Databse\\Attendance_Management_System\\storage\\framework\\views\\1f5f93e2d57159b8be9e60f946248c836725e606.php:22)
[stacktrace]
#0 F:\\.My Projects\\Databse\\Attendance_Management_System\\vendor\\laravel\\framework\\src\\Illuminate\\Filesystem\\Filesystem.php(108): Illuminate\\Filesystem\\Filesystem::Illuminate\\Filesystem\\{closure}()
#1 F:\\.My Projects\\Databse\\Attendance_Management_System\\vendor\\laravel\\framework\\src\\Illuminate\\View\\Engines\\PhpEngine.php(58): Illuminate\\Filesystem\\Filesystem->getRequire('F:\\\\.My Projects...', Array)
#2 F:\\.My Projects\\Databse\\Attendance_Management_System\\vendor\\laravel\\framework\\src\\Illuminate\\View\\Engines\\CompilerEngine.php(61): Illuminate\\View\\Engines\\PhpEngine->evaluatePath('F:\\\\.My Projects...', Array)
#3 F:\\.My Projects\\Databse\\Attendance_Management_System\\vendor\\facade\\ignition\\src\\Views\\Engines\\CompilerEngine.php(37): Illuminate\\View\\Engines\\CompilerEngine->get('F:\\\\.My Projects...', Array)
#4 F:\\.My Projects\\Databse\\Attendance_Management_System\\vendor\\laravel\\framework\\src\\Illuminate\\View\\View.php(139): Facade\\Ignition\\Views\\Engines\\CompilerEngine->get('F:\\\\.My Projects...', Array)
#5 F:\\.My Projects\\Databse\\Attendance_Management_System\\vendor\\laravel\\framework\\src\\Illuminate\\View\\View.php(122): Illuminate\\View\\View->getContents()
#6 F:\\.My Projects\\Databse\\Attendance_Management_System\\vendor\\laravel\\framework\\src\\Illuminate\\View\\View.php(91): Illuminate\\View\\View->renderContents()
#7 F:\\.My Projects\\Databse\\Attendance_Management_System\\vendor\\laravel\\framework\\src\\Illuminate\\Http\\Response.php(69): Illuminate\\View\\View->render()
#8 F:\\.My Projects\\Databse\\Attendance_Management_System\\vendor\\laravel\\framework\\src\\Illuminate\\Http\\Response.php(35): Illuminate\\Http\\Response->setContent(Object(Illuminate\\View\\View))
#9 F:\\.My Projects\\Databse\\Attendance_Management_System\\vendor\\laravel\\framework\\src\\Illuminate\\Routing\\Router.php(820): Illuminate\\Http\\Response->__construct(Object(Illuminate\\View\\View), 200, Array)
#10 F:\\.My Projects\\Databse\\Attendance_Management_System\\vendor\\laravel\\framework\\src\\Illuminate\\Routing\\Router.php(789): Illuminate\\Routing\\Router::toResponse(Object(Illuminate\\Http\\Request), Object(Illuminate\\View\\View))
#11 F:\\.My Projects\\Databse\\Attendance_Management_System\\vendor\\laravel\\framework\\src\\Illuminate\\Routing\\Router.php(720): Illuminate\\Routing\\Router->prepareResponse(Object(Illuminate\\Http\\Request), Object(Illuminate\\View\\View))
#12 F:\\.My Projects\\Databse\\Attendance_Management_System\\vendor\\laravel\\framework\\src\\Illuminate\\Pipeline\\Pipeline.php(128): Illuminate\\Routing\\Router->Illuminate\\Routing\\{closure}(Object(Illuminate\\Http\\Request))
#13 F:\\.My Projects\\Databse\\Attendance_Management_System\\vendor\\laravel\\framework\\src\\Illuminate\\Routing\\Middleware\\SubstituteBindings.php(50): Illuminate\\Pipeline\\Pipeline->Illuminate\\Pipeline\\{closure}(Object(Illuminate\\Http\\Request))
#14 F:\\.My Projects\\Databse\\Attendance_Management_System\\vendor\\laravel\\framework\\src\\Illuminate\\Pipeline\\Pipeline.php(167): Illuminate\\Routing\\Middleware\\SubstituteBindings->handle(Object(Illuminate\\Http\\Request), Object(Closure))
#15 F:\\.My Projects\\Databse\\Attendance_Management_System\\vendor\\laravel\\framework\\src\\Illuminate\\Foundation\\Http\\Middleware\\VerifyCsrfToken.php(78): Illuminate\\Pipeline\\Pipeline->Illuminate\\Pipeline\\{closure}(Object(Illuminate\\Http\\Request))
#16 F:\\.My Projects\\Databse\\Attendance_Management_System\\vendor\\laravel\\framework\\src\\Illuminate\\Pipeline\\Pipeline.php(167): Illuminate\\Foundation\\Http\\Middleware\\VerifyCsrfToken->handle(Object(Illuminate\\Http\\Request), Object(Closure))
#17 F:\\.My Projects\\Databse\\Attendance_Management_System\\vendor\\laravel\\framework\\src\\Illuminate\\View\\Middleware\\ShareErrorsFromSession.php(49): Illuminate\\Pipeline\\Pipeline->Illuminate\\Pipeline\\{closure}(Object(Illuminate\\Http\\Request))
#18 F:\\.My Projects\\Databse\\Attendance_Management_System\\vendor\\laravel\\framework\\src\\Illuminate\\Pipeline\\Pipeline.php(167): Illuminate\\View\\Middleware\\ShareErrorsFromSession->handle(Object(Illuminate\\Http\\Request), Object(Closure))
#19 F:\\.My Projects\\Databse\\Attendance_Management_System\\vendor\\laravel\\framework\\src\\Illuminate\\Session\\Middleware\\StartSession.php(121): Illuminate\\Pipeline\\Pipeline->Illuminate\\Pipeline\\{closure}(Object(Illuminate\\Http\\Request))
#20 F:\\.My Projects\\Databse\\Attendance_Management_System\\vendor\\laravel\\framework\\src\\Illuminate\\Session\\Middleware\\StartSession.php(64): Illuminate\\Session\\Middleware\\StartSession->handleStatefulRequest(Object(Illuminate\\Http\\Request), Object(Illuminate\\Session\\Store), Object(Closure))
#21 F:\\.My Projects\\Databse\\Attendance_Management_System\\vendor\\laravel\\framework\\src\\Illuminate\\Pipeline\\Pipeline.php(167): Illuminate\\Session\\Middleware\\StartSession->handle(Object(Illuminate\\Http\\Request), Object(Closure))
#22 F:\\.My Projects\\Databse\\Attendance_Management_System\\vendor\\laravel\\framework\\src\\Illuminate\\Cookie\\Middleware\\AddQueuedCookiesToResponse.php(37): Illuminate\\Pipeline\\Pipeline->Illuminate\\Pipeline\\{closure}(Object(Illuminate\\Http\\Request))
#23 F:\\.My Projects\\Databse\\Attendance_Management_System\\vendor\\laravel\\framework\\src\\Illuminate\\Pipeline\\Pipeline.php(167): Illuminate\\Cookie\\Middleware\\AddQueuedCookiesToResponse->handle(Object(Illuminate\\Http\\Request), Object(Closure))
#24 F:\\.My Projects\\Databse\\Attendance_Management_System\\vendor\\laravel\\framework\\src\\Illuminate\\Cookie\\Middleware\\EncryptCookies.php(67): Illuminate\\Pipeline\\Pipeline->Illuminate\\Pipeline\\{closure}(Object(Illuminate\\Http\\Request))
#25 F:\\.My Projects\\Databse\\Attendance_Management_System\\vendor\\laravel\\framework\\src\\Illuminate\\Pipeline\\Pipeline.php(167): Illuminate\\Cookie\\Middleware\\EncryptCookies->handle(Object(Illuminate\\Http\\Request), Object(Closure))
#26 F:\\.My Projects\\Databse\\Attendance_Management_System\\vendor\\laravel\\framework\\src\\Illuminate\\Pipeline\\Pipeline.php(103): Illuminate\\Pipeline\\Pipeline->Illuminate\\Pipeline\\{closure}(Object(Illuminate\\Http\\Request))
#27 F:\\.My Projects\\Databse\\Attendance_Management_System\\vendor\\laravel\\framework\\src\\Illuminate\\Routing\\Router.php(719): Illuminate\\Pipeline\\Pipeline->then(Object(Closure))
#28 F:\\.My Projects\\Databse\\Attendance_Management_System\\vendor\\laravel\\framework\\src\\Illuminate\\Routing\\Router.php(698): Illuminate\\Routing\\Router->runRouteWithinStack(Object(Illuminate\\Routing\\Route), Object(Illuminate\\Http\\Request))
#29 F:\\.My Projects\\Databse\\Attendance_Management_System\\vendor\\laravel\\framework\\src\\Illuminate\\Routing\\Router.php(662): Illuminate\\Routing\\Router->runRoute(Object(Illuminate\\Http\\Request), Object(Illuminate\\Routing\\Route))
#30 F:\\.My Projects\\Databse\\Attendance_Management_System\\vendor\\laravel\\framework\\src\\Illuminate\\Routing\\Router.php(651): Illuminate\\Routing\\Router->dispatchToRoute(Object(Illuminate\\Http\\Request))
#31 F:\\.My Projects\\Databse\\Attendance_Management_System\\vendor\\laravel\\framework\\src\\Illuminate\\Foundation\\Http\\Kernel.php(167): Illuminate\\Routing\\Router->dispatch(Object(Illuminate\\Http\\Request))
#32 F:\\.My Projects\\Databse\\Attendance_Management_System\\vendor\\laravel\\framework\\src\\Illuminate\\Pipeline\\Pipeline.php(128): Illuminate\\Foundation\\Http\\Kernel->Illuminate\\Foundation\\Http\\{closure}(Object(Illuminate\\Http\\Request))
#33 F:\\.My Projects\\Databse\\Attendance_Management_System\\vendor\\laravel\\framework\\src\\Illuminate\\Foundation\\Http\\Middleware\\TransformsRequest.php(21): Illuminate\\Pipeline\\Pipeline->Illuminate\\Pipeline\\{closure}(Object(Illuminate\\Http\\Request))
#34 F:\\.My Projects\\Databse\\Attendance_Management_System\\vendor\\laravel\\framework\\src\\Illuminate\\Foundation\\Http\\Middleware\\ConvertEmptyStringsToNull.php(31): Illuminate\\Foundation\\Http\\Middleware\\TransformsRequest->handle(Object(Illuminate\\Http\\Request), Object(Closure))
#35 F:\\.My Projects\\Databse\\Attendance_Management_System\\vendor\\laravel\\framework\\src\\Illuminate\\Pipeline\\Pipeline.php(167): Illuminate\\Foundation\\Http\\Middleware\\ConvertEmptyStringsToNull->handle(Object(Illuminate\\Http\\Request), Object(Closure))
#36 F:\\.My Projects\\Databse\\Attendance_Management_System\\vendor\\laravel\\framework\\src\\Illuminate\\Foundation\\Http\\Middleware\\TransformsRequest.php(21): Illuminate\\Pipeline\\Pipeline->Illuminate\\Pipeline\\{closure}(Object(Illuminate\\Http\\Request))
#37 F:\\.My Projects\\Databse\\Attendance_Management_System\\vendor\\laravel\\framework\\src\\Illuminate\\Foundation\\Http\\Middleware\\TrimStrings.php(40): Illuminate\\Foundation\\Http\\Middleware\\TransformsRequest->handle(Object(Illuminate\\Http\\Request), Object(Closure))
#38 F:\\.My Projects\\Databse\\Attendance_Management_System\\vendor\\laravel\\framework\\src\\Illuminate\\Pipeline\\Pipeline.php(167): Illuminate\\Foundation\\Http\\Middleware\\TrimStrings->handle(Object(Illuminate\\Http\\Request), Object(Closure))
#39 F:\\.My Projects\\Databse\\Attendance_Management_System\\vendor\\laravel\\framework\\src\\Illuminate\\Foundation\\Http\\Middleware\\ValidatePostSize.php(27): Illuminate\\Pipeline\\Pipeline->Illuminate\\Pipeline\\{closure}(Object(Illuminate\\Http\\Request))
#40 F:\\.My Projects\\Databse\\Attendance_Management_System\\vendor\\laravel\\framework\\src\\Illuminate\\Pipeline\\Pipeline.php(167): Illuminate\\Foundation\\Http\\Middleware\\ValidatePostSize->handle(Object(Illuminate\\Http\\Request), Object(Closure))
#41 F:\\.My Projects\\Databse\\Attendance_Management_System\\vendor\\laravel\\framework\\src\\Illuminate\\Foundation\\Http\\Middleware\\PreventRequestsDuringMaintenance.php(86): Illuminate\\Pipeline\\Pipeline->Illuminate\\Pipeline\\{closure}(Object(Illuminate\\Http\\Request))
#42 F:\\.My Projects\\Databse\\Attendance_Management_System\\vendor\\laravel\\framework\\src\\Illuminate\\Pipeline\\Pipeline.php(167): Illuminate\\Foundation\\Http\\Middleware\\PreventRequestsDuringMaintenance->handle(Object(Illuminate\\Http\\Request), Object(Closure))
#43 F:\\.My Projects\\Databse\\Attendance_Management_System\\vendor\\fruitcake\\laravel-cors\\src\\HandleCors.php(38): Illuminate\\Pipeline\\Pipeline->Illuminate\\Pipeline\\{closure}(Object(Illuminate\\Http\\Request))
#44 F:\\.My Projects\\Databse\\Attendance_Management_System\\vendor\\laravel\\framework\\src\\Illuminate\\Pipeline\\Pipeline.php(167): Fruitcake\\Cors\\HandleCors->handle(Object(Illuminate\\Http\\Request), Object(Closure))
#45 F:\\.My Projects\\Databse\\Attendance_Management_System\\vendor\\laravel\\framework\\src\\Illuminate\\Http\\Middleware\\TrustProxies.php(39): Illuminate\\Pipeline\\Pipeline->Illuminate\\Pipeline\\{closure}(Object(Illuminate\\Http\\Request))
#46 F:\\.My Projects\\Databse\\Attendance_Management_System\\vendor\\laravel\\framework\\src\\Illuminate\\Pipeline\\Pipeline.php(167): Illuminate\\Http\\Middleware\\TrustProxies->handle(Object(Illuminate\\Http\\Request), Object(Closure))
#47 F:\\.My Projects\\Databse\\Attendance_Management_System\\vendor\\laravel\\framework\\src\\Illuminate\\Pipeline\\Pipeline.php(103): Illuminate\\Pipeline\\Pipeline->Illuminate\\Pipeline\\{closure}(Object(Illuminate\\Http\\Request))
#48 F:\\.My Projects\\Databse\\Attendance_Management_System\\vendor\\laravel\\framework\\src\\Illuminate\\Foundation\\Http\\Kernel.php(142): Illuminate\\Pipeline\\Pipeline->then(Object(Closure))
#49 F:\\.My Projects\\Databse\\Attendance_Management_System\\vendor\\laravel\\framework\\src\\Illuminate\\Foundation\\Http\\Kernel.php(111): Illuminate\\Foundation\\Http\\Kernel->sendRequestThroughRouter(Object(Illuminate\\Http\\Request))
#50 F:\\.My Projects\\Databse\\Attendance_Management_System\\public\\index.php(54): Illuminate\\Foundation\\Http\\Kernel->handle(Object(Illuminate\\Http\\Request))
#51 F:\\.My Projects\\Databse\\Attendance_Management_System\\server.php(21): require_once('F:\\\\.My Projects...')
#52 {main}
"} 
[2025-05-02 03:52:47] local.ERROR: SQLSTATE[HY000] [2002] No connection could be made because the target machine actively refused it (SQL: select * from `users` where `email` = admin@ams.com limit 1) {"exception":"[object] (Illuminate\\Database\\QueryException(code: 2002): SQLSTATE[HY000] [2002] No connection could be made because the target machine actively refused it (SQL: select * from `users` where `email` = admin@ams.com limit 1) at F:\\.My Projects\\Databse\\Attendance_Management_System\\vendor\\laravel\\framework\\src\\Illuminate\\Database\\Connection.php:712)
[stacktrace]
#0 F:\\.My Projects\\Databse\\Attendance_Management_System\\vendor\\laravel\\framework\\src\\Illuminate\\Database\\Connection.php(672): Illuminate\\Database\\Connection->runQueryCallback('select * from `...', Array, Object(Closure))
#1 F:\\.My Projects\\Databse\\Attendance_Management_System\\vendor\\laravel\\framework\\src\\Illuminate\\Database\\Connection.php(359): Illuminate\\Database\\Connection->run('select * from `...', Array, Object(Closure))
#2 F:\\.My Projects\\Databse\\Attendance_Management_System\\vendor\\laravel\\framework\\src\\Illuminate\\Database\\Query\\Builder.php(2413): Illuminate\\Database\\Connection->select('select * from `...', Array, true)
#3 F:\\.My Projects\\Databse\\Attendance_Management_System\\vendor\\laravel\\framework\\src\\Illuminate\\Database\\Query\\Builder.php(2402): Illuminate\\Database\\Query\\Builder->runSelect()
#4 F:\\.My Projects\\Databse\\Attendance_Management_System\\vendor\\laravel\\framework\\src\\Illuminate\\Database\\Query\\Builder.php(2936): Illuminate\\Database\\Query\\Builder->Illuminate\\Database\\Query\\{closure}()
#5 F:\\.My Projects\\Databse\\Attendance_Management_System\\vendor\\laravel\\framework\\src\\Illuminate\\Database\\Query\\Builder.php(2401): Illuminate\\Database\\Query\\Builder->onceWithColumns(Array, Object(Closure))
#6 F:\\.My Projects\\Databse\\Attendance_Management_System\\vendor\\laravel\\framework\\src\\Illuminate\\Database\\Eloquent\\Builder.php(625): Illuminate\\Database\\Query\\Builder->get(Array)
#7 F:\\.My Projects\\Databse\\Attendance_Management_System\\vendor\\laravel\\framework\\src\\Illuminate\\Database\\Eloquent\\Builder.php(609): Illuminate\\Database\\Eloquent\\Builder->getModels(Array)
#8 F:\\.My Projects\\Databse\\Attendance_Management_System\\vendor\\laravel\\framework\\src\\Illuminate\\Database\\Concerns\\BuildsQueries.php(294): Illuminate\\Database\\Eloquent\\Builder->get(Array)
#9 F:\\.My Projects\\Databse\\Attendance_Management_System\\vendor\\laravel\\framework\\src\\Illuminate\\Auth\\EloquentUserProvider.php(133): Illuminate\\Database\\Eloquent\\Builder->first()
#10 F:\\.My Projects\\Databse\\Attendance_Management_System\\vendor\\laravel\\framework\\src\\Illuminate\\Auth\\SessionGuard.php(377): Illuminate\\Auth\\EloquentUserProvider->retrieveByCredentials(Array)
#11 F:\\.My Projects\\Databse\\Attendance_Management_System\\vendor\\laravel\\ui\\auth-backend\\AuthenticatesUsers.php(86): Illuminate\\Auth\\SessionGuard->attempt(Array, true)
#12 F:\\.My Projects\\Databse\\Attendance_Management_System\\vendor\\laravel\\ui\\auth-backend\\AuthenticatesUsers.php(46): App\\Http\\Controllers\\Auth\\LoginController->attemptLogin(Object(Illuminate\\Http\\Request))
#13 F:\\.My Projects\\Databse\\Attendance_Management_System\\vendor\\laravel\\framework\\src\\Illuminate\\Routing\\Controller.php(54): App\\Http\\Controllers\\Auth\\LoginController->login(Object(Illuminate\\Http\\Request))
#14 F:\\.My Projects\\Databse\\Attendance_Management_System\\vendor\\laravel\\framework\\src\\Illuminate\\Routing\\ControllerDispatcher.php(45): Illuminate\\Routing\\Controller->callAction('login', Array)
#15 F:\\.My Projects\\Databse\\Attendance_Management_System\\vendor\\laravel\\framework\\src\\Illuminate\\Routing\\Route.php(261): Illuminate\\Routing\\ControllerDispatcher->dispatch(Object(Illuminate\\Routing\\Route), Object(App\\Http\\Controllers\\Auth\\LoginController), 'login')
#16 F:\\.My Projects\\Databse\\Attendance_Management_System\\vendor\\laravel\\framework\\src\\Illuminate\\Routing\\Route.php(205): Illuminate\\Routing\\Route->runController()
#17 F:\\.My Projects\\Databse\\Attendance_Management_System\\vendor\\laravel\\framework\\src\\Illuminate\\Routing\\Router.php(721): Illuminate\\Routing\\Route->run()
#18 F:\\.My Projects\\Databse\\Attendance_Management_System\\vendor\\laravel\\framework\\src\\Illuminate\\Pipeline\\Pipeline.php(128): Illuminate\\Routing\\Router->Illuminate\\Routing\\{closure}(Object(Illuminate\\Http\\Request))
#19 F:\\.My Projects\\Databse\\Attendance_Management_System\\app\\Http\\Middleware\\RedirectIfAuthenticated.php(30): Illuminate\\Pipeline\\Pipeline->Illuminate\\Pipeline\\{closure}(Object(Illuminate\\Http\\Request))
#20 F:\\.My Projects\\Databse\\Attendance_Management_System\\vendor\\laravel\\framework\\src\\Illuminate\\Pipeline\\Pipeline.php(167): App\\Http\\Middleware\\RedirectIfAuthenticated->handle(Object(Illuminate\\Http\\Request), Object(Closure))
#21 F:\\.My Projects\\Databse\\Attendance_Management_System\\vendor\\laravel\\framework\\src\\Illuminate\\Routing\\Middleware\\SubstituteBindings.php(50): Illuminate\\Pipeline\\Pipeline->Illuminate\\Pipeline\\{closure}(Object(Illuminate\\Http\\Request))
#22 F:\\.My Projects\\Databse\\Attendance_Management_System\\vendor\\laravel\\framework\\src\\Illuminate\\Pipeline\\Pipeline.php(167): Illuminate\\Routing\\Middleware\\SubstituteBindings->handle(Object(Illuminate\\Http\\Request), Object(Closure))
#23 F:\\.My Projects\\Databse\\Attendance_Management_System\\vendor\\laravel\\framework\\src\\Illuminate\\Foundation\\Http\\Middleware\\VerifyCsrfToken.php(78): Illuminate\\Pipeline\\Pipeline->Illuminate\\Pipeline\\{closure}(Object(Illuminate\\Http\\Request))
#24 F:\\.My Projects\\Databse\\Attendance_Management_System\\vendor\\laravel\\framework\\src\\Illuminate\\Pipeline\\Pipeline.php(167): Illuminate\\Foundation\\Http\\Middleware\\VerifyCsrfToken->handle(Object(Illuminate\\Http\\Request), Object(Closure))
#25 F:\\.My Projects\\Databse\\Attendance_Management_System\\vendor\\laravel\\framework\\src\\Illuminate\\View\\Middleware\\ShareErrorsFromSession.php(49): Illuminate\\Pipeline\\Pipeline->Illuminate\\Pipeline\\{closure}(Object(Illuminate\\Http\\Request))
#26 F:\\.My Projects\\Databse\\Attendance_Management_System\\vendor\\laravel\\framework\\src\\Illuminate\\Pipeline\\Pipeline.php(167): Illuminate\\View\\Middleware\\ShareErrorsFromSession->handle(Object(Illuminate\\Http\\Request), Object(Closure))
#27 F:\\.My Projects\\Databse\\Attendance_Management_System\\vendor\\laravel\\framework\\src\\Illuminate\\Session\\Middleware\\StartSession.php(121): Illuminate\\Pipeline\\Pipeline->Illuminate\\Pipeline\\{closure}(Object(Illuminate\\Http\\Request))
#28 F:\\.My Projects\\Databse\\Attendance_Management_System\\vendor\\laravel\\framework\\src\\Illuminate\\Session\\Middleware\\StartSession.php(64): Illuminate\\Session\\Middleware\\StartSession->handleStatefulRequest(Object(Illuminate\\Http\\Request), Object(Illuminate\\Session\\Store), Object(Closure))
#29 F:\\.My Projects\\Databse\\Attendance_Management_System\\vendor\\laravel\\framework\\src\\Illuminate\\Pipeline\\Pipeline.php(167): Illuminate\\Session\\Middleware\\StartSession->handle(Object(Illuminate\\Http\\Request), Object(Closure))
#30 F:\\.My Projects\\Databse\\Attendance_Management_System\\vendor\\laravel\\framework\\src\\Illuminate\\Cookie\\Middleware\\AddQueuedCookiesToResponse.php(37): Illuminate\\Pipeline\\Pipeline->Illuminate\\Pipeline\\{closure}(Object(Illuminate\\Http\\Request))
#31 F:\\.My Projects\\Databse\\Attendance_Management_System\\vendor\\laravel\\framework\\src\\Illuminate\\Pipeline\\Pipeline.php(167): Illuminate\\Cookie\\Middleware\\AddQueuedCookiesToResponse->handle(Object(Illuminate\\Http\\Request), Object(Closure))
#32 F:\\.My Projects\\Databse\\Attendance_Management_System\\vendor\\laravel\\framework\\src\\Illuminate\\Cookie\\Middleware\\EncryptCookies.php(67): Illuminate\\Pipeline\\Pipeline->Illuminate\\Pipeline\\{closure}(Object(Illuminate\\Http\\Request))
#33 F:\\.My Projects\\Databse\\Attendance_Management_System\\vendor\\laravel\\framework\\src\\Illuminate\\Pipeline\\Pipeline.php(167): Illuminate\\Cookie\\Middleware\\EncryptCookies->handle(Object(Illuminate\\Http\\Request), Object(Closure))
#34 F:\\.My Projects\\Databse\\Attendance_Management_System\\vendor\\laravel\\framework\\src\\Illuminate\\Pipeline\\Pipeline.php(103): Illuminate\\Pipeline\\Pipeline->Illuminate\\Pipeline\\{closure}(Object(Illuminate\\Http\\Request))
#35 F:\\.My Projects\\Databse\\Attendance_Management_System\\vendor\\laravel\\framework\\src\\Illuminate\\Routing\\Router.php(719): Illuminate\\Pipeline\\Pipeline->then(Object(Closure))
#36 F:\\.My Projects\\Databse\\Attendance_Management_System\\vendor\\laravel\\framework\\src\\Illuminate\\Routing\\Router.php(698): Illuminate\\Routing\\Router->runRouteWithinStack(Object(Illuminate\\Routing\\Route), Object(Illuminate\\Http\\Request))
#37 F:\\.My Projects\\Databse\\Attendance_Management_System\\vendor\\laravel\\framework\\src\\Illuminate\\Routing\\Router.php(662): Illuminate\\Routing\\Router->runRoute(Object(Illuminate\\Http\\Request), Object(Illuminate\\Routing\\Route))
#38 F:\\.My Projects\\Databse\\Attendance_Management_System\\vendor\\laravel\\framework\\src\\Illuminate\\Routing\\Router.php(651): Illuminate\\Routing\\Router->dispatchToRoute(Object(Illuminate\\Http\\Request))
#39 F:\\.My Projects\\Databse\\Attendance_Management_System\\vendor\\laravel\\framework\\src\\Illuminate\\Foundation\\Http\\Kernel.php(167): Illuminate\\Routing\\Router->dispatch(Object(Illuminate\\Http\\Request))
#40 F:\\.My Projects\\Databse\\Attendance_Management_System\\vendor\\laravel\\framework\\src\\Illuminate\\Pipeline\\Pipeline.php(128): Illuminate\\Foundation\\Http\\Kernel->Illuminate\\Foundation\\Http\\{closure}(Object(Illuminate\\Http\\Request))
#41 F:\\.My Projects\\Databse\\Attendance_Management_System\\vendor\\laravel\\framework\\src\\Illuminate\\Foundation\\Http\\Middleware\\TransformsRequest.php(21): Illuminate\\Pipeline\\Pipeline->Illuminate\\Pipeline\\{closure}(Object(Illuminate\\Http\\Request))
#42 F:\\.My Projects\\Databse\\Attendance_Management_System\\vendor\\laravel\\framework\\src\\Illuminate\\Foundation\\Http\\Middleware\\ConvertEmptyStringsToNull.php(31): Illuminate\\Foundation\\Http\\Middleware\\TransformsRequest->handle(Object(Illuminate\\Http\\Request), Object(Closure))
#43 F:\\.My Projects\\Databse\\Attendance_Management_System\\vendor\\laravel\\framework\\src\\Illuminate\\Pipeline\\Pipeline.php(167): Illuminate\\Foundation\\Http\\Middleware\\ConvertEmptyStringsToNull->handle(Object(Illuminate\\Http\\Request), Object(Closure))
#44 F:\\.My Projects\\Databse\\Attendance_Management_System\\vendor\\laravel\\framework\\src\\Illuminate\\Foundation\\Http\\Middleware\\TransformsRequest.php(21): Illuminate\\Pipeline\\Pipeline->Illuminate\\Pipeline\\{closure}(Object(Illuminate\\Http\\Request))
#45 F:\\.My Projects\\Databse\\Attendance_Management_System\\vendor\\laravel\\framework\\src\\Illuminate\\Foundation\\Http\\Middleware\\TrimStrings.php(40): Illuminate\\Foundation\\Http\\Middleware\\TransformsRequest->handle(Object(Illuminate\\Http\\Request), Object(Closure))
#46 F:\\.My Projects\\Databse\\Attendance_Management_System\\vendor\\laravel\\framework\\src\\Illuminate\\Pipeline\\Pipeline.php(167): Illuminate\\Foundation\\Http\\Middleware\\TrimStrings->handle(Object(Illuminate\\Http\\Request), Object(Closure))
#47 F:\\.My Projects\\Databse\\Attendance_Management_System\\vendor\\laravel\\framework\\src\\Illuminate\\Foundation\\Http\\Middleware\\ValidatePostSize.php(27): Illuminate\\Pipeline\\Pipeline->Illuminate\\Pipeline\\{closure}(Object(Illuminate\\Http\\Request))
#48 F:\\.My Projects\\Databse\\Attendance_Management_System\\vendor\\laravel\\framework\\src\\Illuminate\\Pipeline\\Pipeline.php(167): Illuminate\\Foundation\\Http\\Middleware\\ValidatePostSize->handle(Object(Illuminate\\Http\\Request), Object(Closure))
#49 F:\\.My Projects\\Databse\\Attendance_Management_System\\vendor\\laravel\\framework\\src\\Illuminate\\Foundation\\Http\\Middleware\\PreventRequestsDuringMaintenance.php(86): Illuminate\\Pipeline\\Pipeline->Illuminate\\Pipeline\\{closure}(Object(Illuminate\\Http\\Request))
#50 F:\\.My Projects\\Databse\\Attendance_Management_System\\vendor\\laravel\\framework\\src\\Illuminate\\Pipeline\\Pipeline.php(167): Illuminate\\Foundation\\Http\\Middleware\\PreventRequestsDuringMaintenance->handle(Object(Illuminate\\Http\\Request), Object(Closure))
#51 F:\\.My Projects\\Databse\\Attendance_Management_System\\vendor\\fruitcake\\laravel-cors\\src\\HandleCors.php(38): Illuminate\\Pipeline\\Pipeline->Illuminate\\Pipeline\\{closure}(Object(Illuminate\\Http\\Request))
#52 F:\\.My Projects\\Databse\\Attendance_Management_System\\vendor\\laravel\\framework\\src\\Illuminate\\Pipeline\\Pipeline.php(167): Fruitcake\\Cors\\HandleCors->handle(Object(Illuminate\\Http\\Request), Object(Closure))
#53 F:\\.My Projects\\Databse\\Attendance_Management_System\\vendor\\laravel\\framework\\src\\Illuminate\\Http\\Middleware\\TrustProxies.php(39): Illuminate\\Pipeline\\Pipeline->Illuminate\\Pipeline\\{closure}(Object(Illuminate\\Http\\Request))
#54 F:\\.My Projects\\Databse\\Attendance_Management_System\\vendor\\laravel\\framework\\src\\Illuminate\\Pipeline\\Pipeline.php(167): Illuminate\\Http\\Middleware\\TrustProxies->handle(Object(Illuminate\\Http\\Request), Object(Closure))
#55 F:\\.My Projects\\Databse\\Attendance_Management_System\\vendor\\laravel\\framework\\src\\Illuminate\\Pipeline\\Pipeline.php(103): Illuminate\\Pipeline\\Pipeline->Illuminate\\Pipeline\\{closure}(Object(Illuminate\\Http\\Request))
#56 F:\\.My Projects\\Databse\\Attendance_Management_System\\vendor\\laravel\\framework\\src\\Illuminate\\Foundation\\Http\\Kernel.php(142): Illuminate\\Pipeline\\Pipeline->then(Object(Closure))
#57 F:\\.My Projects\\Databse\\Attendance_Management_System\\vendor\\laravel\\framework\\src\\Illuminate\\Foundation\\Http\\Kernel.php(111): Illuminate\\Foundation\\Http\\Kernel->sendRequestThroughRouter(Object(Illuminate\\Http\\Request))
#58 F:\\.My Projects\\Databse\\Attendance_Management_System\\public\\index.php(54): Illuminate\\Foundation\\Http\\Kernel->handle(Object(Illuminate\\Http\\Request))
#59 F:\\.My Projects\\Databse\\Attendance_Management_System\\server.php(21): require_once('F:\\\\.My Projects...')
#60 {main}

[previous exception] [object] (PDOException(code: 2002): SQLSTATE[HY000] [2002] No connection could be made because the target machine actively refused it at F:\\.My Projects\\Databse\\Attendance_Management_System\\vendor\\laravel\\framework\\src\\Illuminate\\Database\\Connectors\\Connector.php:70)
[stacktrace]
#0 F:\\.My Projects\\Databse\\Attendance_Management_System\\vendor\\laravel\\framework\\src\\Illuminate\\Database\\Connectors\\Connector.php(70): PDO->__construct('mysql:host=127....', 'root', Object(SensitiveParameterValue), Array)
#1 F:\\.My Projects\\Databse\\Attendance_Management_System\\vendor\\laravel\\framework\\src\\Illuminate\\Database\\Connectors\\Connector.php(45): Illuminate\\Database\\Connectors\\Connector->createPdoConnection('mysql:host=127....', 'root', '', Array)
#2 F:\\.My Projects\\Databse\\Attendance_Management_System\\vendor\\laravel\\framework\\src\\Illuminate\\Database\\Connectors\\MySqlConnector.php(24): Illuminate\\Database\\Connectors\\Connector->createConnection('mysql:host=127....', Array, Array)
#3 F:\\.My Projects\\Databse\\Attendance_Management_System\\vendor\\laravel\\framework\\src\\Illuminate\\Database\\Connectors\\ConnectionFactory.php(184): Illuminate\\Database\\Connectors\\MySqlConnector->connect(Array)
#4 [internal function]: Illuminate\\Database\\Connectors\\ConnectionFactory->Illuminate\\Database\\Connectors\\{closure}()
#5 F:\\.My Projects\\Databse\\Attendance_Management_System\\vendor\\laravel\\framework\\src\\Illuminate\\Database\\Connection.php(1064): call_user_func(Object(Closure))
#6 F:\\.My Projects\\Databse\\Attendance_Management_System\\vendor\\laravel\\framework\\src\\Illuminate\\Database\\Connection.php(1100): Illuminate\\Database\\Connection->getPdo()
#7 F:\\.My Projects\\Databse\\Attendance_Management_System\\vendor\\laravel\\framework\\src\\Illuminate\\Database\\Connection.php(442): Illuminate\\Database\\Connection->getReadPdo()
#8 F:\\.My Projects\\Databse\\Attendance_Management_System\\vendor\\laravel\\framework\\src\\Illuminate\\Database\\Connection.php(368): Illuminate\\Database\\Connection->getPdoForSelect(true)
#9 F:\\.My Projects\\Databse\\Attendance_Management_System\\vendor\\laravel\\framework\\src\\Illuminate\\Database\\Connection.php(705): Illuminate\\Database\\Connection->Illuminate\\Database\\{closure}('select * from `...', Array)
#10 F:\\.My Projects\\Databse\\Attendance_Management_System\\vendor\\laravel\\framework\\src\\Illuminate\\Database\\Connection.php(672): Illuminate\\Database\\Connection->runQueryCallback('select * from `...', Array, Object(Closure))
#11 F:\\.My Projects\\Databse\\Attendance_Management_System\\vendor\\laravel\\framework\\src\\Illuminate\\Database\\Connection.php(359): Illuminate\\Database\\Connection->run('select * from `...', Array, Object(Closure))
#12 F:\\.My Projects\\Databse\\Attendance_Management_System\\vendor\\laravel\\framework\\src\\Illuminate\\Database\\Query\\Builder.php(2413): Illuminate\\Database\\Connection->select('select * from `...', Array, true)
#13 F:\\.My Projects\\Databse\\Attendance_Management_System\\vendor\\laravel\\framework\\src\\Illuminate\\Database\\Query\\Builder.php(2402): Illuminate\\Database\\Query\\Builder->runSelect()
#14 F:\\.My Projects\\Databse\\Attendance_Management_System\\vendor\\laravel\\framework\\src\\Illuminate\\Database\\Query\\Builder.php(2936): Illuminate\\Database\\Query\\Builder->Illuminate\\Database\\Query\\{closure}()
#15 F:\\.My Projects\\Databse\\Attendance_Management_System\\vendor\\laravel\\framework\\src\\Illuminate\\Database\\Query\\Builder.php(2401): Illuminate\\Database\\Query\\Builder->onceWithColumns(Array, Object(Closure))
#16 F:\\.My Projects\\Databse\\Attendance_Management_System\\vendor\\laravel\\framework\\src\\Illuminate\\Database\\Eloquent\\Builder.php(625): Illuminate\\Database\\Query\\Builder->get(Array)
#17 F:\\.My Projects\\Databse\\Attendance_Management_System\\vendor\\laravel\\framework\\src\\Illuminate\\Database\\Eloquent\\Builder.php(609): Illuminate\\Database\\Eloquent\\Builder->getModels(Array)
#18 F:\\.My Projects\\Databse\\Attendance_Management_System\\vendor\\laravel\\framework\\src\\Illuminate\\Database\\Concerns\\BuildsQueries.php(294): Illuminate\\Database\\Eloquent\\Builder->get(Array)
#19 F:\\.My Projects\\Databse\\Attendance_Management_System\\vendor\\laravel\\framework\\src\\Illuminate\\Auth\\EloquentUserProvider.php(133): Illuminate\\Database\\Eloquent\\Builder->first()
#20 F:\\.My Projects\\Databse\\Attendance_Management_System\\vendor\\laravel\\framework\\src\\Illuminate\\Auth\\SessionGuard.php(377): Illuminate\\Auth\\EloquentUserProvider->retrieveByCredentials(Array)
#21 F:\\.My Projects\\Databse\\Attendance_Management_System\\vendor\\laravel\\ui\\auth-backend\\AuthenticatesUsers.php(86): Illuminate\\Auth\\SessionGuard->attempt(Array, true)
#22 F:\\.My Projects\\Databse\\Attendance_Management_System\\vendor\\laravel\\ui\\auth-backend\\AuthenticatesUsers.php(46): App\\Http\\Controllers\\Auth\\LoginController->attemptLogin(Object(Illuminate\\Http\\Request))
#23 F:\\.My Projects\\Databse\\Attendance_Management_System\\vendor\\laravel\\framework\\src\\Illuminate\\Routing\\Controller.php(54): App\\Http\\Controllers\\Auth\\LoginController->login(Object(Illuminate\\Http\\Request))
#24 F:\\.My Projects\\Databse\\Attendance_Management_System\\vendor\\laravel\\framework\\src\\Illuminate\\Routing\\ControllerDispatcher.php(45): Illuminate\\Routing\\Controller->callAction('login', Array)
#25 F:\\.My Projects\\Databse\\Attendance_Management_System\\vendor\\laravel\\framework\\src\\Illuminate\\Routing\\Route.php(261): Illuminate\\Routing\\ControllerDispatcher->dispatch(Object(Illuminate\\Routing\\Route), Object(App\\Http\\Controllers\\Auth\\LoginController), 'login')
#26 F:\\.My Projects\\Databse\\Attendance_Management_System\\vendor\\laravel\\framework\\src\\Illuminate\\Routing\\Route.php(205): Illuminate\\Routing\\Route->runController()
#27 F:\\.My Projects\\Databse\\Attendance_Management_System\\vendor\\laravel\\framework\\src\\Illuminate\\Routing\\Router.php(721): Illuminate\\Routing\\Route->run()
#28 F:\\.My Projects\\Databse\\Attendance_Management_System\\vendor\\laravel\\framework\\src\\Illuminate\\Pipeline\\Pipeline.php(128): Illuminate\\Routing\\Router->Illuminate\\Routing\\{closure}(Object(Illuminate\\Http\\Request))
#29 F:\\.My Projects\\Databse\\Attendance_Management_System\\app\\Http\\Middleware\\RedirectIfAuthenticated.php(30): Illuminate\\Pipeline\\Pipeline->Illuminate\\Pipeline\\{closure}(Object(Illuminate\\Http\\Request))
#30 F:\\.My Projects\\Databse\\Attendance_Management_System\\vendor\\laravel\\framework\\src\\Illuminate\\Pipeline\\Pipeline.php(167): App\\Http\\Middleware\\RedirectIfAuthenticated->handle(Object(Illuminate\\Http\\Request), Object(Closure))
#31 F:\\.My Projects\\Databse\\Attendance_Management_System\\vendor\\laravel\\framework\\src\\Illuminate\\Routing\\Middleware\\SubstituteBindings.php(50): Illuminate\\Pipeline\\Pipeline->Illuminate\\Pipeline\\{closure}(Object(Illuminate\\Http\\Request))
#32 F:\\.My Projects\\Databse\\Attendance_Management_System\\vendor\\laravel\\framework\\src\\Illuminate\\Pipeline\\Pipeline.php(167): Illuminate\\Routing\\Middleware\\SubstituteBindings->handle(Object(Illuminate\\Http\\Request), Object(Closure))
#33 F:\\.My Projects\\Databse\\Attendance_Management_System\\vendor\\laravel\\framework\\src\\Illuminate\\Foundation\\Http\\Middleware\\VerifyCsrfToken.php(78): Illuminate\\Pipeline\\Pipeline->Illuminate\\Pipeline\\{closure}(Object(Illuminate\\Http\\Request))
#34 F:\\.My Projects\\Databse\\Attendance_Management_System\\vendor\\laravel\\framework\\src\\Illuminate\\Pipeline\\Pipeline.php(167): Illuminate\\Foundation\\Http\\Middleware\\VerifyCsrfToken->handle(Object(Illuminate\\Http\\Request), Object(Closure))
#35 F:\\.My Projects\\Databse\\Attendance_Management_System\\vendor\\laravel\\framework\\src\\Illuminate\\View\\Middleware\\ShareErrorsFromSession.php(49): Illuminate\\Pipeline\\Pipeline->Illuminate\\Pipeline\\{closure}(Object(Illuminate\\Http\\Request))
#36 F:\\.My Projects\\Databse\\Attendance_Management_System\\vendor\\laravel\\framework\\src\\Illuminate\\Pipeline\\Pipeline.php(167): Illuminate\\View\\Middleware\\ShareErrorsFromSession->handle(Object(Illuminate\\Http\\Request), Object(Closure))
#37 F:\\.My Projects\\Databse\\Attendance_Management_System\\vendor\\laravel\\framework\\src\\Illuminate\\Session\\Middleware\\StartSession.php(121): Illuminate\\Pipeline\\Pipeline->Illuminate\\Pipeline\\{closure}(Object(Illuminate\\Http\\Request))
#38 F:\\.My Projects\\Databse\\Attendance_Management_System\\vendor\\laravel\\framework\\src\\Illuminate\\Session\\Middleware\\StartSession.php(64): Illuminate\\Session\\Middleware\\StartSession->handleStatefulRequest(Object(Illuminate\\Http\\Request), Object(Illuminate\\Session\\Store), Object(Closure))
#39 F:\\.My Projects\\Databse\\Attendance_Management_System\\vendor\\laravel\\framework\\src\\Illuminate\\Pipeline\\Pipeline.php(167): Illuminate\\Session\\Middleware\\StartSession->handle(Object(Illuminate\\Http\\Request), Object(Closure))
#40 F:\\.My Projects\\Databse\\Attendance_Management_System\\vendor\\laravel\\framework\\src\\Illuminate\\Cookie\\Middleware\\AddQueuedCookiesToResponse.php(37): Illuminate\\Pipeline\\Pipeline->Illuminate\\Pipeline\\{closure}(Object(Illuminate\\Http\\Request))
#41 F:\\.My Projects\\Databse\\Attendance_Management_System\\vendor\\laravel\\framework\\src\\Illuminate\\Pipeline\\Pipeline.php(167): Illuminate\\Cookie\\Middleware\\AddQueuedCookiesToResponse->handle(Object(Illuminate\\Http\\Request), Object(Closure))
#42 F:\\.My Projects\\Databse\\Attendance_Management_System\\vendor\\laravel\\framework\\src\\Illuminate\\Cookie\\Middleware\\EncryptCookies.php(67): Illuminate\\Pipeline\\Pipeline->Illuminate\\Pipeline\\{closure}(Object(Illuminate\\Http\\Request))
#43 F:\\.My Projects\\Databse\\Attendance_Management_System\\vendor\\laravel\\framework\\src\\Illuminate\\Pipeline\\Pipeline.php(167): Illuminate\\Cookie\\Middleware\\EncryptCookies->handle(Object(Illuminate\\Http\\Request), Object(Closure))
#44 F:\\.My Projects\\Databse\\Attendance_Management_System\\vendor\\laravel\\framework\\src\\Illuminate\\Pipeline\\Pipeline.php(103): Illuminate\\Pipeline\\Pipeline->Illuminate\\Pipeline\\{closure}(Object(Illuminate\\Http\\Request))
#45 F:\\.My Projects\\Databse\\Attendance_Management_System\\vendor\\laravel\\framework\\src\\Illuminate\\Routing\\Router.php(719): Illuminate\\Pipeline\\Pipeline->then(Object(Closure))
#46 F:\\.My Projects\\Databse\\Attendance_Management_System\\vendor\\laravel\\framework\\src\\Illuminate\\Routing\\Router.php(698): Illuminate\\Routing\\Router->runRouteWithinStack(Object(Illuminate\\Routing\\Route), Object(Illuminate\\Http\\Request))
#47 F:\\.My Projects\\Databse\\Attendance_Management_System\\vendor\\laravel\\framework\\src\\Illuminate\\Routing\\Router.php(662): Illuminate\\Routing\\Router->runRoute(Object(Illuminate\\Http\\Request), Object(Illuminate\\Routing\\Route))
#48 F:\\.My Projects\\Databse\\Attendance_Management_System\\vendor\\laravel\\framework\\src\\Illuminate\\Routing\\Router.php(651): Illuminate\\Routing\\Router->dispatchToRoute(Object(Illuminate\\Http\\Request))
#49 F:\\.My Projects\\Databse\\Attendance_Management_System\\vendor\\laravel\\framework\\src\\Illuminate\\Foundation\\Http\\Kernel.php(167): Illuminate\\Routing\\Router->dispatch(Object(Illuminate\\Http\\Request))
#50 F:\\.My Projects\\Databse\\Attendance_Management_System\\vendor\\laravel\\framework\\src\\Illuminate\\Pipeline\\Pipeline.php(128): Illuminate\\Foundation\\Http\\Kernel->Illuminate\\Foundation\\Http\\{closure}(Object(Illuminate\\Http\\Request))
#51 F:\\.My Projects\\Databse\\Attendance_Management_System\\vendor\\laravel\\framework\\src\\Illuminate\\Foundation\\Http\\Middleware\\TransformsRequest.php(21): Illuminate\\Pipeline\\Pipeline->Illuminate\\Pipeline\\{closure}(Object(Illuminate\\Http\\Request))
#52 F:\\.My Projects\\Databse\\Attendance_Management_System\\vendor\\laravel\\framework\\src\\Illuminate\\Foundation\\Http\\Middleware\\ConvertEmptyStringsToNull.php(31): Illuminate\\Foundation\\Http\\Middleware\\TransformsRequest->handle(Object(Illuminate\\Http\\Request), Object(Closure))
#53 F:\\.My Projects\\Databse\\Attendance_Management_System\\vendor\\laravel\\framework\\src\\Illuminate\\Pipeline\\Pipeline.php(167): Illuminate\\Foundation\\Http\\Middleware\\ConvertEmptyStringsToNull->handle(Object(Illuminate\\Http\\Request), Object(Closure))
#54 F:\\.My Projects\\Databse\\Attendance_Management_System\\vendor\\laravel\\framework\\src\\Illuminate\\Foundation\\Http\\Middleware\\TransformsRequest.php(21): Illuminate\\Pipeline\\Pipeline->Illuminate\\Pipeline\\{closure}(Object(Illuminate\\Http\\Request))
#55 F:\\.My Projects\\Databse\\Attendance_Management_System\\vendor\\laravel\\framework\\src\\Illuminate\\Foundation\\Http\\Middleware\\TrimStrings.php(40): Illuminate\\Foundation\\Http\\Middleware\\TransformsRequest->handle(Object(Illuminate\\Http\\Request), Object(Closure))
#56 F:\\.My Projects\\Databse\\Attendance_Management_System\\vendor\\laravel\\framework\\src\\Illuminate\\Pipeline\\Pipeline.php(167): Illuminate\\Foundation\\Http\\Middleware\\TrimStrings->handle(Object(Illuminate\\Http\\Request), Object(Closure))
#57 F:\\.My Projects\\Databse\\Attendance_Management_System\\vendor\\laravel\\framework\\src\\Illuminate\\Foundation\\Http\\Middleware\\ValidatePostSize.php(27): Illuminate\\Pipeline\\Pipeline->Illuminate\\Pipeline\\{closure}(Object(Illuminate\\Http\\Request))
#58 F:\\.My Projects\\Databse\\Attendance_Management_System\\vendor\\laravel\\framework\\src\\Illuminate\\Pipeline\\Pipeline.php(167): Illuminate\\Foundation\\Http\\Middleware\\ValidatePostSize->handle(Object(Illuminate\\Http\\Request), Object(Closure))
#59 F:\\.My Projects\\Databse\\Attendance_Management_System\\vendor\\laravel\\framework\\src\\Illuminate\\Foundation\\Http\\Middleware\\PreventRequestsDuringMaintenance.php(86): Illuminate\\Pipeline\\Pipeline->Illuminate\\Pipeline\\{closure}(Object(Illuminate\\Http\\Request))
#60 F:\\.My Projects\\Databse\\Attendance_Management_System\\vendor\\laravel\\framework\\src\\Illuminate\\Pipeline\\Pipeline.php(167): Illuminate\\Foundation\\Http\\Middleware\\PreventRequestsDuringMaintenance->handle(Object(Illuminate\\Http\\Request), Object(Closure))
#61 F:\\.My Projects\\Databse\\Attendance_Management_System\\vendor\\fruitcake\\laravel-cors\\src\\HandleCors.php(38): Illuminate\\Pipeline\\Pipeline->Illuminate\\Pipeline\\{closure}(Object(Illuminate\\Http\\Request))
#62 F:\\.My Projects\\Databse\\Attendance_Management_System\\vendor\\laravel\\framework\\src\\Illuminate\\Pipeline\\Pipeline.php(167): Fruitcake\\Cors\\HandleCors->handle(Object(Illuminate\\Http\\Request), Object(Closure))
#63 F:\\.My Projects\\Databse\\Attendance_Management_System\\vendor\\laravel\\framework\\src\\Illuminate\\Http\\Middleware\\TrustProxies.php(39): Illuminate\\Pipeline\\Pipeline->Illuminate\\Pipeline\\{closure}(Object(Illuminate\\Http\\Request))
#64 F:\\.My Projects\\Databse\\Attendance_Management_System\\vendor\\laravel\\framework\\src\\Illuminate\\Pipeline\\Pipeline.php(167): Illuminate\\Http\\Middleware\\TrustProxies->handle(Object(Illuminate\\Http\\Request), Object(Closure))
#65 F:\\.My Projects\\Databse\\Attendance_Management_System\\vendor\\laravel\\framework\\src\\Illuminate\\Pipeline\\Pipeline.php(103): Illuminate\\Pipeline\\Pipeline->Illuminate\\Pipeline\\{closure}(Object(Illuminate\\Http\\Request))
#66 F:\\.My Projects\\Databse\\Attendance_Management_System\\vendor\\laravel\\framework\\src\\Illuminate\\Foundation\\Http\\Kernel.php(142): Illuminate\\Pipeline\\Pipeline->then(Object(Closure))
#67 F:\\.My Projects\\Databse\\Attendance_Management_System\\vendor\\laravel\\framework\\src\\Illuminate\\Foundation\\Http\\Kernel.php(111): Illuminate\\Foundation\\Http\\Kernel->sendRequestThroughRouter(Object(Illuminate\\Http\\Request))
#68 F:\\.My Projects\\Databse\\Attendance_Management_System\\public\\index.php(54): Illuminate\\Foundation\\Http\\Kernel->handle(Object(Illuminate\\Http\\Request))
#69 F:\\.My Projects\\Databse\\Attendance_Management_System\\server.php(21): require_once('F:\\\\.My Projects...')
#70 {main}
"} 
[2025-05-02 03:53:27] local.ERROR: SQLSTATE[HY000] [2002] No connection could be made because the target machine actively refused it (SQL: select * from `users` where `email` = admin@ams.com limit 1) {"exception":"[object] (Illuminate\\Database\\QueryException(code: 2002): SQLSTATE[HY000] [2002] No connection could be made because the target machine actively refused it (SQL: select * from `users` where `email` = admin@ams.com limit 1) at F:\\.My Projects\\Databse\\Attendance_Management_System\\vendor\\laravel\\framework\\src\\Illuminate\\Database\\Connection.php:712)
[stacktrace]
#0 F:\\.My Projects\\Databse\\Attendance_Management_System\\vendor\\laravel\\framework\\src\\Illuminate\\Database\\Connection.php(672): Illuminate\\Database\\Connection->runQueryCallback('select * from `...', Array, Object(Closure))
#1 F:\\.My Projects\\Databse\\Attendance_Management_System\\vendor\\laravel\\framework\\src\\Illuminate\\Database\\Connection.php(359): Illuminate\\Database\\Connection->run('select * from `...', Array, Object(Closure))
#2 F:\\.My Projects\\Databse\\Attendance_Management_System\\vendor\\laravel\\framework\\src\\Illuminate\\Database\\Query\\Builder.php(2413): Illuminate\\Database\\Connection->select('select * from `...', Array, true)
#3 F:\\.My Projects\\Databse\\Attendance_Management_System\\vendor\\laravel\\framework\\src\\Illuminate\\Database\\Query\\Builder.php(2402): Illuminate\\Database\\Query\\Builder->runSelect()
#4 F:\\.My Projects\\Databse\\Attendance_Management_System\\vendor\\laravel\\framework\\src\\Illuminate\\Database\\Query\\Builder.php(2936): Illuminate\\Database\\Query\\Builder->Illuminate\\Database\\Query\\{closure}()
#5 F:\\.My Projects\\Databse\\Attendance_Management_System\\vendor\\laravel\\framework\\src\\Illuminate\\Database\\Query\\Builder.php(2401): Illuminate\\Database\\Query\\Builder->onceWithColumns(Array, Object(Closure))
#6 F:\\.My Projects\\Databse\\Attendance_Management_System\\vendor\\laravel\\framework\\src\\Illuminate\\Database\\Eloquent\\Builder.php(625): Illuminate\\Database\\Query\\Builder->get(Array)
#7 F:\\.My Projects\\Databse\\Attendance_Management_System\\vendor\\laravel\\framework\\src\\Illuminate\\Database\\Eloquent\\Builder.php(609): Illuminate\\Database\\Eloquent\\Builder->getModels(Array)
#8 F:\\.My Projects\\Databse\\Attendance_Management_System\\vendor\\laravel\\framework\\src\\Illuminate\\Database\\Concerns\\BuildsQueries.php(294): Illuminate\\Database\\Eloquent\\Builder->get(Array)
#9 F:\\.My Projects\\Databse\\Attendance_Management_System\\vendor\\laravel\\framework\\src\\Illuminate\\Auth\\EloquentUserProvider.php(133): Illuminate\\Database\\Eloquent\\Builder->first()
#10 F:\\.My Projects\\Databse\\Attendance_Management_System\\vendor\\laravel\\framework\\src\\Illuminate\\Auth\\SessionGuard.php(377): Illuminate\\Auth\\EloquentUserProvider->retrieveByCredentials(Array)
#11 F:\\.My Projects\\Databse\\Attendance_Management_System\\vendor\\laravel\\ui\\auth-backend\\AuthenticatesUsers.php(86): Illuminate\\Auth\\SessionGuard->attempt(Array, true)
#12 F:\\.My Projects\\Databse\\Attendance_Management_System\\vendor\\laravel\\ui\\auth-backend\\AuthenticatesUsers.php(46): App\\Http\\Controllers\\Auth\\LoginController->attemptLogin(Object(Illuminate\\Http\\Request))
#13 F:\\.My Projects\\Databse\\Attendance_Management_System\\vendor\\laravel\\framework\\src\\Illuminate\\Routing\\Controller.php(54): App\\Http\\Controllers\\Auth\\LoginController->login(Object(Illuminate\\Http\\Request))
#14 F:\\.My Projects\\Databse\\Attendance_Management_System\\vendor\\laravel\\framework\\src\\Illuminate\\Routing\\ControllerDispatcher.php(45): Illuminate\\Routing\\Controller->callAction('login', Array)
#15 F:\\.My Projects\\Databse\\Attendance_Management_System\\vendor\\laravel\\framework\\src\\Illuminate\\Routing\\Route.php(261): Illuminate\\Routing\\ControllerDispatcher->dispatch(Object(Illuminate\\Routing\\Route), Object(App\\Http\\Controllers\\Auth\\LoginController), 'login')
#16 F:\\.My Projects\\Databse\\Attendance_Management_System\\vendor\\laravel\\framework\\src\\Illuminate\\Routing\\Route.php(205): Illuminate\\Routing\\Route->runController()
#17 F:\\.My Projects\\Databse\\Attendance_Management_System\\vendor\\laravel\\framework\\src\\Illuminate\\Routing\\Router.php(721): Illuminate\\Routing\\Route->run()
#18 F:\\.My Projects\\Databse\\Attendance_Management_System\\vendor\\laravel\\framework\\src\\Illuminate\\Pipeline\\Pipeline.php(128): Illuminate\\Routing\\Router->Illuminate\\Routing\\{closure}(Object(Illuminate\\Http\\Request))
#19 F:\\.My Projects\\Databse\\Attendance_Management_System\\app\\Http\\Middleware\\RedirectIfAuthenticated.php(30): Illuminate\\Pipeline\\Pipeline->Illuminate\\Pipeline\\{closure}(Object(Illuminate\\Http\\Request))
#20 F:\\.My Projects\\Databse\\Attendance_Management_System\\vendor\\laravel\\framework\\src\\Illuminate\\Pipeline\\Pipeline.php(167): App\\Http\\Middleware\\RedirectIfAuthenticated->handle(Object(Illuminate\\Http\\Request), Object(Closure))
#21 F:\\.My Projects\\Databse\\Attendance_Management_System\\vendor\\laravel\\framework\\src\\Illuminate\\Routing\\Middleware\\SubstituteBindings.php(50): Illuminate\\Pipeline\\Pipeline->Illuminate\\Pipeline\\{closure}(Object(Illuminate\\Http\\Request))
#22 F:\\.My Projects\\Databse\\Attendance_Management_System\\vendor\\laravel\\framework\\src\\Illuminate\\Pipeline\\Pipeline.php(167): Illuminate\\Routing\\Middleware\\SubstituteBindings->handle(Object(Illuminate\\Http\\Request), Object(Closure))
#23 F:\\.My Projects\\Databse\\Attendance_Management_System\\vendor\\laravel\\framework\\src\\Illuminate\\Foundation\\Http\\Middleware\\VerifyCsrfToken.php(78): Illuminate\\Pipeline\\Pipeline->Illuminate\\Pipeline\\{closure}(Object(Illuminate\\Http\\Request))
#24 F:\\.My Projects\\Databse\\Attendance_Management_System\\vendor\\laravel\\framework\\src\\Illuminate\\Pipeline\\Pipeline.php(167): Illuminate\\Foundation\\Http\\Middleware\\VerifyCsrfToken->handle(Object(Illuminate\\Http\\Request), Object(Closure))
#25 F:\\.My Projects\\Databse\\Attendance_Management_System\\vendor\\laravel\\framework\\src\\Illuminate\\View\\Middleware\\ShareErrorsFromSession.php(49): Illuminate\\Pipeline\\Pipeline->Illuminate\\Pipeline\\{closure}(Object(Illuminate\\Http\\Request))
#26 F:\\.My Projects\\Databse\\Attendance_Management_System\\vendor\\laravel\\framework\\src\\Illuminate\\Pipeline\\Pipeline.php(167): Illuminate\\View\\Middleware\\ShareErrorsFromSession->handle(Object(Illuminate\\Http\\Request), Object(Closure))
#27 F:\\.My Projects\\Databse\\Attendance_Management_System\\vendor\\laravel\\framework\\src\\Illuminate\\Session\\Middleware\\StartSession.php(121): Illuminate\\Pipeline\\Pipeline->Illuminate\\Pipeline\\{closure}(Object(Illuminate\\Http\\Request))
#28 F:\\.My Projects\\Databse\\Attendance_Management_System\\vendor\\laravel\\framework\\src\\Illuminate\\Session\\Middleware\\StartSession.php(64): Illuminate\\Session\\Middleware\\StartSession->handleStatefulRequest(Object(Illuminate\\Http\\Request), Object(Illuminate\\Session\\Store), Object(Closure))
#29 F:\\.My Projects\\Databse\\Attendance_Management_System\\vendor\\laravel\\framework\\src\\Illuminate\\Pipeline\\Pipeline.php(167): Illuminate\\Session\\Middleware\\StartSession->handle(Object(Illuminate\\Http\\Request), Object(Closure))
#30 F:\\.My Projects\\Databse\\Attendance_Management_System\\vendor\\laravel\\framework\\src\\Illuminate\\Cookie\\Middleware\\AddQueuedCookiesToResponse.php(37): Illuminate\\Pipeline\\Pipeline->Illuminate\\Pipeline\\{closure}(Object(Illuminate\\Http\\Request))
#31 F:\\.My Projects\\Databse\\Attendance_Management_System\\vendor\\laravel\\framework\\src\\Illuminate\\Pipeline\\Pipeline.php(167): Illuminate\\Cookie\\Middleware\\AddQueuedCookiesToResponse->handle(Object(Illuminate\\Http\\Request), Object(Closure))
#32 F:\\.My Projects\\Databse\\Attendance_Management_System\\vendor\\laravel\\framework\\src\\Illuminate\\Cookie\\Middleware\\EncryptCookies.php(67): Illuminate\\Pipeline\\Pipeline->Illuminate\\Pipeline\\{closure}(Object(Illuminate\\Http\\Request))
#33 F:\\.My Projects\\Databse\\Attendance_Management_System\\vendor\\laravel\\framework\\src\\Illuminate\\Pipeline\\Pipeline.php(167): Illuminate\\Cookie\\Middleware\\EncryptCookies->handle(Object(Illuminate\\Http\\Request), Object(Closure))
#34 F:\\.My Projects\\Databse\\Attendance_Management_System\\vendor\\laravel\\framework\\src\\Illuminate\\Pipeline\\Pipeline.php(103): Illuminate\\Pipeline\\Pipeline->Illuminate\\Pipeline\\{closure}(Object(Illuminate\\Http\\Request))
#35 F:\\.My Projects\\Databse\\Attendance_Management_System\\vendor\\laravel\\framework\\src\\Illuminate\\Routing\\Router.php(719): Illuminate\\Pipeline\\Pipeline->then(Object(Closure))
#36 F:\\.My Projects\\Databse\\Attendance_Management_System\\vendor\\laravel\\framework\\src\\Illuminate\\Routing\\Router.php(698): Illuminate\\Routing\\Router->runRouteWithinStack(Object(Illuminate\\Routing\\Route), Object(Illuminate\\Http\\Request))
#37 F:\\.My Projects\\Databse\\Attendance_Management_System\\vendor\\laravel\\framework\\src\\Illuminate\\Routing\\Router.php(662): Illuminate\\Routing\\Router->runRoute(Object(Illuminate\\Http\\Request), Object(Illuminate\\Routing\\Route))
#38 F:\\.My Projects\\Databse\\Attendance_Management_System\\vendor\\laravel\\framework\\src\\Illuminate\\Routing\\Router.php(651): Illuminate\\Routing\\Router->dispatchToRoute(Object(Illuminate\\Http\\Request))
#39 F:\\.My Projects\\Databse\\Attendance_Management_System\\vendor\\laravel\\framework\\src\\Illuminate\\Foundation\\Http\\Kernel.php(167): Illuminate\\Routing\\Router->dispatch(Object(Illuminate\\Http\\Request))
#40 F:\\.My Projects\\Databse\\Attendance_Management_System\\vendor\\laravel\\framework\\src\\Illuminate\\Pipeline\\Pipeline.php(128): Illuminate\\Foundation\\Http\\Kernel->Illuminate\\Foundation\\Http\\{closure}(Object(Illuminate\\Http\\Request))
#41 F:\\.My Projects\\Databse\\Attendance_Management_System\\vendor\\laravel\\framework\\src\\Illuminate\\Foundation\\Http\\Middleware\\TransformsRequest.php(21): Illuminate\\Pipeline\\Pipeline->Illuminate\\Pipeline\\{closure}(Object(Illuminate\\Http\\Request))
#42 F:\\.My Projects\\Databse\\Attendance_Management_System\\vendor\\laravel\\framework\\src\\Illuminate\\Foundation\\Http\\Middleware\\ConvertEmptyStringsToNull.php(31): Illuminate\\Foundation\\Http\\Middleware\\TransformsRequest->handle(Object(Illuminate\\Http\\Request), Object(Closure))
#43 F:\\.My Projects\\Databse\\Attendance_Management_System\\vendor\\laravel\\framework\\src\\Illuminate\\Pipeline\\Pipeline.php(167): Illuminate\\Foundation\\Http\\Middleware\\ConvertEmptyStringsToNull->handle(Object(Illuminate\\Http\\Request), Object(Closure))
#44 F:\\.My Projects\\Databse\\Attendance_Management_System\\vendor\\laravel\\framework\\src\\Illuminate\\Foundation\\Http\\Middleware\\TransformsRequest.php(21): Illuminate\\Pipeline\\Pipeline->Illuminate\\Pipeline\\{closure}(Object(Illuminate\\Http\\Request))
#45 F:\\.My Projects\\Databse\\Attendance_Management_System\\vendor\\laravel\\framework\\src\\Illuminate\\Foundation\\Http\\Middleware\\TrimStrings.php(40): Illuminate\\Foundation\\Http\\Middleware\\TransformsRequest->handle(Object(Illuminate\\Http\\Request), Object(Closure))
#46 F:\\.My Projects\\Databse\\Attendance_Management_System\\vendor\\laravel\\framework\\src\\Illuminate\\Pipeline\\Pipeline.php(167): Illuminate\\Foundation\\Http\\Middleware\\TrimStrings->handle(Object(Illuminate\\Http\\Request), Object(Closure))
#47 F:\\.My Projects\\Databse\\Attendance_Management_System\\vendor\\laravel\\framework\\src\\Illuminate\\Foundation\\Http\\Middleware\\ValidatePostSize.php(27): Illuminate\\Pipeline\\Pipeline->Illuminate\\Pipeline\\{closure}(Object(Illuminate\\Http\\Request))
#48 F:\\.My Projects\\Databse\\Attendance_Management_System\\vendor\\laravel\\framework\\src\\Illuminate\\Pipeline\\Pipeline.php(167): Illuminate\\Foundation\\Http\\Middleware\\ValidatePostSize->handle(Object(Illuminate\\Http\\Request), Object(Closure))
#49 F:\\.My Projects\\Databse\\Attendance_Management_System\\vendor\\laravel\\framework\\src\\Illuminate\\Foundation\\Http\\Middleware\\PreventRequestsDuringMaintenance.php(86): Illuminate\\Pipeline\\Pipeline->Illuminate\\Pipeline\\{closure}(Object(Illuminate\\Http\\Request))
#50 F:\\.My Projects\\Databse\\Attendance_Management_System\\vendor\\laravel\\framework\\src\\Illuminate\\Pipeline\\Pipeline.php(167): Illuminate\\Foundation\\Http\\Middleware\\PreventRequestsDuringMaintenance->handle(Object(Illuminate\\Http\\Request), Object(Closure))
#51 F:\\.My Projects\\Databse\\Attendance_Management_System\\vendor\\fruitcake\\laravel-cors\\src\\HandleCors.php(38): Illuminate\\Pipeline\\Pipeline->Illuminate\\Pipeline\\{closure}(Object(Illuminate\\Http\\Request))
#52 F:\\.My Projects\\Databse\\Attendance_Management_System\\vendor\\laravel\\framework\\src\\Illuminate\\Pipeline\\Pipeline.php(167): Fruitcake\\Cors\\HandleCors->handle(Object(Illuminate\\Http\\Request), Object(Closure))
#53 F:\\.My Projects\\Databse\\Attendance_Management_System\\vendor\\laravel\\framework\\src\\Illuminate\\Http\\Middleware\\TrustProxies.php(39): Illuminate\\Pipeline\\Pipeline->Illuminate\\Pipeline\\{closure}(Object(Illuminate\\Http\\Request))
#54 F:\\.My Projects\\Databse\\Attendance_Management_System\\vendor\\laravel\\framework\\src\\Illuminate\\Pipeline\\Pipeline.php(167): Illuminate\\Http\\Middleware\\TrustProxies->handle(Object(Illuminate\\Http\\Request), Object(Closure))
#55 F:\\.My Projects\\Databse\\Attendance_Management_System\\vendor\\laravel\\framework\\src\\Illuminate\\Pipeline\\Pipeline.php(103): Illuminate\\Pipeline\\Pipeline->Illuminate\\Pipeline\\{closure}(Object(Illuminate\\Http\\Request))
#56 F:\\.My Projects\\Databse\\Attendance_Management_System\\vendor\\laravel\\framework\\src\\Illuminate\\Foundation\\Http\\Kernel.php(142): Illuminate\\Pipeline\\Pipeline->then(Object(Closure))
#57 F:\\.My Projects\\Databse\\Attendance_Management_System\\vendor\\laravel\\framework\\src\\Illuminate\\Foundation\\Http\\Kernel.php(111): Illuminate\\Foundation\\Http\\Kernel->sendRequestThroughRouter(Object(Illuminate\\Http\\Request))
#58 F:\\.My Projects\\Databse\\Attendance_Management_System\\public\\index.php(54): Illuminate\\Foundation\\Http\\Kernel->handle(Object(Illuminate\\Http\\Request))
#59 F:\\.My Projects\\Databse\\Attendance_Management_System\\server.php(21): require_once('F:\\\\.My Projects...')
#60 {main}

[previous exception] [object] (PDOException(code: 2002): SQLSTATE[HY000] [2002] No connection could be made because the target machine actively refused it at F:\\.My Projects\\Databse\\Attendance_Management_System\\vendor\\laravel\\framework\\src\\Illuminate\\Database\\Connectors\\Connector.php:70)
[stacktrace]
#0 F:\\.My Projects\\Databse\\Attendance_Management_System\\vendor\\laravel\\framework\\src\\Illuminate\\Database\\Connectors\\Connector.php(70): PDO->__construct('mysql:host=127....', 'root', Object(SensitiveParameterValue), Array)
#1 F:\\.My Projects\\Databse\\Attendance_Management_System\\vendor\\laravel\\framework\\src\\Illuminate\\Database\\Connectors\\Connector.php(45): Illuminate\\Database\\Connectors\\Connector->createPdoConnection('mysql:host=127....', 'root', '', Array)
#2 F:\\.My Projects\\Databse\\Attendance_Management_System\\vendor\\laravel\\framework\\src\\Illuminate\\Database\\Connectors\\MySqlConnector.php(24): Illuminate\\Database\\Connectors\\Connector->createConnection('mysql:host=127....', Array, Array)
#3 F:\\.My Projects\\Databse\\Attendance_Management_System\\vendor\\laravel\\framework\\src\\Illuminate\\Database\\Connectors\\ConnectionFactory.php(184): Illuminate\\Database\\Connectors\\MySqlConnector->connect(Array)
#4 [internal function]: Illuminate\\Database\\Connectors\\ConnectionFactory->Illuminate\\Database\\Connectors\\{closure}()
#5 F:\\.My Projects\\Databse\\Attendance_Management_System\\vendor\\laravel\\framework\\src\\Illuminate\\Database\\Connection.php(1064): call_user_func(Object(Closure))
#6 F:\\.My Projects\\Databse\\Attendance_Management_System\\vendor\\laravel\\framework\\src\\Illuminate\\Database\\Connection.php(1100): Illuminate\\Database\\Connection->getPdo()
#7 F:\\.My Projects\\Databse\\Attendance_Management_System\\vendor\\laravel\\framework\\src\\Illuminate\\Database\\Connection.php(442): Illuminate\\Database\\Connection->getReadPdo()
#8 F:\\.My Projects\\Databse\\Attendance_Management_System\\vendor\\laravel\\framework\\src\\Illuminate\\Database\\Connection.php(368): Illuminate\\Database\\Connection->getPdoForSelect(true)
#9 F:\\.My Projects\\Databse\\Attendance_Management_System\\vendor\\laravel\\framework\\src\\Illuminate\\Database\\Connection.php(705): Illuminate\\Database\\Connection->Illuminate\\Database\\{closure}('select * from `...', Array)
#10 F:\\.My Projects\\Databse\\Attendance_Management_System\\vendor\\laravel\\framework\\src\\Illuminate\\Database\\Connection.php(672): Illuminate\\Database\\Connection->runQueryCallback('select * from `...', Array, Object(Closure))
#11 F:\\.My Projects\\Databse\\Attendance_Management_System\\vendor\\laravel\\framework\\src\\Illuminate\\Database\\Connection.php(359): Illuminate\\Database\\Connection->run('select * from `...', Array, Object(Closure))
#12 F:\\.My Projects\\Databse\\Attendance_Management_System\\vendor\\laravel\\framework\\src\\Illuminate\\Database\\Query\\Builder.php(2413): Illuminate\\Database\\Connection->select('select * from `...', Array, true)
#13 F:\\.My Projects\\Databse\\Attendance_Management_System\\vendor\\laravel\\framework\\src\\Illuminate\\Database\\Query\\Builder.php(2402): Illuminate\\Database\\Query\\Builder->runSelect()
#14 F:\\.My Projects\\Databse\\Attendance_Management_System\\vendor\\laravel\\framework\\src\\Illuminate\\Database\\Query\\Builder.php(2936): Illuminate\\Database\\Query\\Builder->Illuminate\\Database\\Query\\{closure}()
#15 F:\\.My Projects\\Databse\\Attendance_Management_System\\vendor\\laravel\\framework\\src\\Illuminate\\Database\\Query\\Builder.php(2401): Illuminate\\Database\\Query\\Builder->onceWithColumns(Array, Object(Closure))
#16 F:\\.My Projects\\Databse\\Attendance_Management_System\\vendor\\laravel\\framework\\src\\Illuminate\\Database\\Eloquent\\Builder.php(625): Illuminate\\Database\\Query\\Builder->get(Array)
#17 F:\\.My Projects\\Databse\\Attendance_Management_System\\vendor\\laravel\\framework\\src\\Illuminate\\Database\\Eloquent\\Builder.php(609): Illuminate\\Database\\Eloquent\\Builder->getModels(Array)
#18 F:\\.My Projects\\Databse\\Attendance_Management_System\\vendor\\laravel\\framework\\src\\Illuminate\\Database\\Concerns\\BuildsQueries.php(294): Illuminate\\Database\\Eloquent\\Builder->get(Array)
#19 F:\\.My Projects\\Databse\\Attendance_Management_System\\vendor\\laravel\\framework\\src\\Illuminate\\Auth\\EloquentUserProvider.php(133): Illuminate\\Database\\Eloquent\\Builder->first()
#20 F:\\.My Projects\\Databse\\Attendance_Management_System\\vendor\\laravel\\framework\\src\\Illuminate\\Auth\\SessionGuard.php(377): Illuminate\\Auth\\EloquentUserProvider->retrieveByCredentials(Array)
#21 F:\\.My Projects\\Databse\\Attendance_Management_System\\vendor\\laravel\\ui\\auth-backend\\AuthenticatesUsers.php(86): Illuminate\\Auth\\SessionGuard->attempt(Array, true)
#22 F:\\.My Projects\\Databse\\Attendance_Management_System\\vendor\\laravel\\ui\\auth-backend\\AuthenticatesUsers.php(46): App\\Http\\Controllers\\Auth\\LoginController->attemptLogin(Object(Illuminate\\Http\\Request))
#23 F:\\.My Projects\\Databse\\Attendance_Management_System\\vendor\\laravel\\framework\\src\\Illuminate\\Routing\\Controller.php(54): App\\Http\\Controllers\\Auth\\LoginController->login(Object(Illuminate\\Http\\Request))
#24 F:\\.My Projects\\Databse\\Attendance_Management_System\\vendor\\laravel\\framework\\src\\Illuminate\\Routing\\ControllerDispatcher.php(45): Illuminate\\Routing\\Controller->callAction('login', Array)
#25 F:\\.My Projects\\Databse\\Attendance_Management_System\\vendor\\laravel\\framework\\src\\Illuminate\\Routing\\Route.php(261): Illuminate\\Routing\\ControllerDispatcher->dispatch(Object(Illuminate\\Routing\\Route), Object(App\\Http\\Controllers\\Auth\\LoginController), 'login')
#26 F:\\.My Projects\\Databse\\Attendance_Management_System\\vendor\\laravel\\framework\\src\\Illuminate\\Routing\\Route.php(205): Illuminate\\Routing\\Route->runController()
#27 F:\\.My Projects\\Databse\\Attendance_Management_System\\vendor\\laravel\\framework\\src\\Illuminate\\Routing\\Router.php(721): Illuminate\\Routing\\Route->run()
#28 F:\\.My Projects\\Databse\\Attendance_Management_System\\vendor\\laravel\\framework\\src\\Illuminate\\Pipeline\\Pipeline.php(128): Illuminate\\Routing\\Router->Illuminate\\Routing\\{closure}(Object(Illuminate\\Http\\Request))
#29 F:\\.My Projects\\Databse\\Attendance_Management_System\\app\\Http\\Middleware\\RedirectIfAuthenticated.php(30): Illuminate\\Pipeline\\Pipeline->Illuminate\\Pipeline\\{closure}(Object(Illuminate\\Http\\Request))
#30 F:\\.My Projects\\Databse\\Attendance_Management_System\\vendor\\laravel\\framework\\src\\Illuminate\\Pipeline\\Pipeline.php(167): App\\Http\\Middleware\\RedirectIfAuthenticated->handle(Object(Illuminate\\Http\\Request), Object(Closure))
#31 F:\\.My Projects\\Databse\\Attendance_Management_System\\vendor\\laravel\\framework\\src\\Illuminate\\Routing\\Middleware\\SubstituteBindings.php(50): Illuminate\\Pipeline\\Pipeline->Illuminate\\Pipeline\\{closure}(Object(Illuminate\\Http\\Request))
#32 F:\\.My Projects\\Databse\\Attendance_Management_System\\vendor\\laravel\\framework\\src\\Illuminate\\Pipeline\\Pipeline.php(167): Illuminate\\Routing\\Middleware\\SubstituteBindings->handle(Object(Illuminate\\Http\\Request), Object(Closure))
#33 F:\\.My Projects\\Databse\\Attendance_Management_System\\vendor\\laravel\\framework\\src\\Illuminate\\Foundation\\Http\\Middleware\\VerifyCsrfToken.php(78): Illuminate\\Pipeline\\Pipeline->Illuminate\\Pipeline\\{closure}(Object(Illuminate\\Http\\Request))
#34 F:\\.My Projects\\Databse\\Attendance_Management_System\\vendor\\laravel\\framework\\src\\Illuminate\\Pipeline\\Pipeline.php(167): Illuminate\\Foundation\\Http\\Middleware\\VerifyCsrfToken->handle(Object(Illuminate\\Http\\Request), Object(Closure))
#35 F:\\.My Projects\\Databse\\Attendance_Management_System\\vendor\\laravel\\framework\\src\\Illuminate\\View\\Middleware\\ShareErrorsFromSession.php(49): Illuminate\\Pipeline\\Pipeline->Illuminate\\Pipeline\\{closure}(Object(Illuminate\\Http\\Request))
#36 F:\\.My Projects\\Databse\\Attendance_Management_System\\vendor\\laravel\\framework\\src\\Illuminate\\Pipeline\\Pipeline.php(167): Illuminate\\View\\Middleware\\ShareErrorsFromSession->handle(Object(Illuminate\\Http\\Request), Object(Closure))
#37 F:\\.My Projects\\Databse\\Attendance_Management_System\\vendor\\laravel\\framework\\src\\Illuminate\\Session\\Middleware\\StartSession.php(121): Illuminate\\Pipeline\\Pipeline->Illuminate\\Pipeline\\{closure}(Object(Illuminate\\Http\\Request))
#38 F:\\.My Projects\\Databse\\Attendance_Management_System\\vendor\\laravel\\framework\\src\\Illuminate\\Session\\Middleware\\StartSession.php(64): Illuminate\\Session\\Middleware\\StartSession->handleStatefulRequest(Object(Illuminate\\Http\\Request), Object(Illuminate\\Session\\Store), Object(Closure))
#39 F:\\.My Projects\\Databse\\Attendance_Management_System\\vendor\\laravel\\framework\\src\\Illuminate\\Pipeline\\Pipeline.php(167): Illuminate\\Session\\Middleware\\StartSession->handle(Object(Illuminate\\Http\\Request), Object(Closure))
#40 F:\\.My Projects\\Databse\\Attendance_Management_System\\vendor\\laravel\\framework\\src\\Illuminate\\Cookie\\Middleware\\AddQueuedCookiesToResponse.php(37): Illuminate\\Pipeline\\Pipeline->Illuminate\\Pipeline\\{closure}(Object(Illuminate\\Http\\Request))
#41 F:\\.My Projects\\Databse\\Attendance_Management_System\\vendor\\laravel\\framework\\src\\Illuminate\\Pipeline\\Pipeline.php(167): Illuminate\\Cookie\\Middleware\\AddQueuedCookiesToResponse->handle(Object(Illuminate\\Http\\Request), Object(Closure))
#42 F:\\.My Projects\\Databse\\Attendance_Management_System\\vendor\\laravel\\framework\\src\\Illuminate\\Cookie\\Middleware\\EncryptCookies.php(67): Illuminate\\Pipeline\\Pipeline->Illuminate\\Pipeline\\{closure}(Object(Illuminate\\Http\\Request))
#43 F:\\.My Projects\\Databse\\Attendance_Management_System\\vendor\\laravel\\framework\\src\\Illuminate\\Pipeline\\Pipeline.php(167): Illuminate\\Cookie\\Middleware\\EncryptCookies->handle(Object(Illuminate\\Http\\Request), Object(Closure))
#44 F:\\.My Projects\\Databse\\Attendance_Management_System\\vendor\\laravel\\framework\\src\\Illuminate\\Pipeline\\Pipeline.php(103): Illuminate\\Pipeline\\Pipeline->Illuminate\\Pipeline\\{closure}(Object(Illuminate\\Http\\Request))
#45 F:\\.My Projects\\Databse\\Attendance_Management_System\\vendor\\laravel\\framework\\src\\Illuminate\\Routing\\Router.php(719): Illuminate\\Pipeline\\Pipeline->then(Object(Closure))
#46 F:\\.My Projects\\Databse\\Attendance_Management_System\\vendor\\laravel\\framework\\src\\Illuminate\\Routing\\Router.php(698): Illuminate\\Routing\\Router->runRouteWithinStack(Object(Illuminate\\Routing\\Route), Object(Illuminate\\Http\\Request))
#47 F:\\.My Projects\\Databse\\Attendance_Management_System\\vendor\\laravel\\framework\\src\\Illuminate\\Routing\\Router.php(662): Illuminate\\Routing\\Router->runRoute(Object(Illuminate\\Http\\Request), Object(Illuminate\\Routing\\Route))
#48 F:\\.My Projects\\Databse\\Attendance_Management_System\\vendor\\laravel\\framework\\src\\Illuminate\\Routing\\Router.php(651): Illuminate\\Routing\\Router->dispatchToRoute(Object(Illuminate\\Http\\Request))
#49 F:\\.My Projects\\Databse\\Attendance_Management_System\\vendor\\laravel\\framework\\src\\Illuminate\\Foundation\\Http\\Kernel.php(167): Illuminate\\Routing\\Router->dispatch(Object(Illuminate\\Http\\Request))
#50 F:\\.My Projects\\Databse\\Attendance_Management_System\\vendor\\laravel\\framework\\src\\Illuminate\\Pipeline\\Pipeline.php(128): Illuminate\\Foundation\\Http\\Kernel->Illuminate\\Foundation\\Http\\{closure}(Object(Illuminate\\Http\\Request))
#51 F:\\.My Projects\\Databse\\Attendance_Management_System\\vendor\\laravel\\framework\\src\\Illuminate\\Foundation\\Http\\Middleware\\TransformsRequest.php(21): Illuminate\\Pipeline\\Pipeline->Illuminate\\Pipeline\\{closure}(Object(Illuminate\\Http\\Request))
#52 F:\\.My Projects\\Databse\\Attendance_Management_System\\vendor\\laravel\\framework\\src\\Illuminate\\Foundation\\Http\\Middleware\\ConvertEmptyStringsToNull.php(31): Illuminate\\Foundation\\Http\\Middleware\\TransformsRequest->handle(Object(Illuminate\\Http\\Request), Object(Closure))
#53 F:\\.My Projects\\Databse\\Attendance_Management_System\\vendor\\laravel\\framework\\src\\Illuminate\\Pipeline\\Pipeline.php(167): Illuminate\\Foundation\\Http\\Middleware\\ConvertEmptyStringsToNull->handle(Object(Illuminate\\Http\\Request), Object(Closure))
#54 F:\\.My Projects\\Databse\\Attendance_Management_System\\vendor\\laravel\\framework\\src\\Illuminate\\Foundation\\Http\\Middleware\\TransformsRequest.php(21): Illuminate\\Pipeline\\Pipeline->Illuminate\\Pipeline\\{closure}(Object(Illuminate\\Http\\Request))
#55 F:\\.My Projects\\Databse\\Attendance_Management_System\\vendor\\laravel\\framework\\src\\Illuminate\\Foundation\\Http\\Middleware\\TrimStrings.php(40): Illuminate\\Foundation\\Http\\Middleware\\TransformsRequest->handle(Object(Illuminate\\Http\\Request), Object(Closure))
#56 F:\\.My Projects\\Databse\\Attendance_Management_System\\vendor\\laravel\\framework\\src\\Illuminate\\Pipeline\\Pipeline.php(167): Illuminate\\Foundation\\Http\\Middleware\\TrimStrings->handle(Object(Illuminate\\Http\\Request), Object(Closure))
#57 F:\\.My Projects\\Databse\\Attendance_Management_System\\vendor\\laravel\\framework\\src\\Illuminate\\Foundation\\Http\\Middleware\\ValidatePostSize.php(27): Illuminate\\Pipeline\\Pipeline->Illuminate\\Pipeline\\{closure}(Object(Illuminate\\Http\\Request))
#58 F:\\.My Projects\\Databse\\Attendance_Management_System\\vendor\\laravel\\framework\\src\\Illuminate\\Pipeline\\Pipeline.php(167): Illuminate\\Foundation\\Http\\Middleware\\ValidatePostSize->handle(Object(Illuminate\\Http\\Request), Object(Closure))
#59 F:\\.My Projects\\Databse\\Attendance_Management_System\\vendor\\laravel\\framework\\src\\Illuminate\\Foundation\\Http\\Middleware\\PreventRequestsDuringMaintenance.php(86): Illuminate\\Pipeline\\Pipeline->Illuminate\\Pipeline\\{closure}(Object(Illuminate\\Http\\Request))
#60 F:\\.My Projects\\Databse\\Attendance_Management_System\\vendor\\laravel\\framework\\src\\Illuminate\\Pipeline\\Pipeline.php(167): Illuminate\\Foundation\\Http\\Middleware\\PreventRequestsDuringMaintenance->handle(Object(Illuminate\\Http\\Request), Object(Closure))
#61 F:\\.My Projects\\Databse\\Attendance_Management_System\\vendor\\fruitcake\\laravel-cors\\src\\HandleCors.php(38): Illuminate\\Pipeline\\Pipeline->Illuminate\\Pipeline\\{closure}(Object(Illuminate\\Http\\Request))
#62 F:\\.My Projects\\Databse\\Attendance_Management_System\\vendor\\laravel\\framework\\src\\Illuminate\\Pipeline\\Pipeline.php(167): Fruitcake\\Cors\\HandleCors->handle(Object(Illuminate\\Http\\Request), Object(Closure))
#63 F:\\.My Projects\\Databse\\Attendance_Management_System\\vendor\\laravel\\framework\\src\\Illuminate\\Http\\Middleware\\TrustProxies.php(39): Illuminate\\Pipeline\\Pipeline->Illuminate\\Pipeline\\{closure}(Object(Illuminate\\Http\\Request))
#64 F:\\.My Projects\\Databse\\Attendance_Management_System\\vendor\\laravel\\framework\\src\\Illuminate\\Pipeline\\Pipeline.php(167): Illuminate\\Http\\Middleware\\TrustProxies->handle(Object(Illuminate\\Http\\Request), Object(Closure))
#65 F:\\.My Projects\\Databse\\Attendance_Management_System\\vendor\\laravel\\framework\\src\\Illuminate\\Pipeline\\Pipeline.php(103): Illuminate\\Pipeline\\Pipeline->Illuminate\\Pipeline\\{closure}(Object(Illuminate\\Http\\Request))
#66 F:\\.My Projects\\Databse\\Attendance_Management_System\\vendor\\laravel\\framework\\src\\Illuminate\\Foundation\\Http\\Kernel.php(142): Illuminate\\Pipeline\\Pipeline->then(Object(Closure))
#67 F:\\.My Projects\\Databse\\Attendance_Management_System\\vendor\\laravel\\framework\\src\\Illuminate\\Foundation\\Http\\Kernel.php(111): Illuminate\\Foundation\\Http\\Kernel->sendRequestThroughRouter(Object(Illuminate\\Http\\Request))
#68 F:\\.My Projects\\Databse\\Attendance_Management_System\\public\\index.php(54): Illuminate\\Foundation\\Http\\Kernel->handle(Object(Illuminate\\Http\\Request))
#69 F:\\.My Projects\\Databse\\Attendance_Management_System\\server.php(21): require_once('F:\\\\.My Projects...')
#70 {main}
"} 
